Plant Code,Plant Name,Prime Mover,Energy Source 1,Operating Year,Nameplate Capacity (MW)
61902.0,Holtsville Solar Project,PV,SUN,2017,1
61901.0,Redstone Arsenal,PV,SUN,2017,11
61898.0,Solean Solar Project,PV,SUN,2016,4
61895.0,Toyota HQ Plan,PV,SUN,2017,7
61894.0,National Raisin,PV,SUN,2015,2
61893.0,BNB Camden Solar,PV,SUN,2017,3
61890.0,NRG Chalk Point CT,GT,NG,1990,94
61884.0,Kearney NPPD Solar Project,PV,SUN,2017,5
61869.0,Scenic Hill Solar III,PV,SUN,2017,5
61864.0,"Dix Solar, L.L.C",PV,SUN,2017,13
61857.0,Toray Plastic America's CHP Plant,IC,NG,2003,19
61853.0,Jordanelle Dam Hydroelectric Project,HY,WAT,2008,12
61851.0,Campbell Industrial Park BESS,BA,MWH,2016,1
61850.0,Amana Society Service Company,IC,DFO,2001,12
61848.0,"PYCO Industries, Inc. Wind Farm",WT,WND,2008,10
61839.0,FECC Solar Benton,PV,SUN,2017,1
61838.0,Cleveland Thermal,ST,NG,2017,0
61835.0,Grand Ronde Solar,PV,SUN,2017,2
61834.0,Soboba Community Solar Project,PV,SUN,2016,1
61833.0,Freedom Solar,PV,SUN,2017,5
61832.0,Interstate Solar,PV,SUN,2017,2
61831.0,Colton Solar,PV,SUN,2017,2
61830.0,Sheep Solar,PV,SUN,2017,2
61829.0,Silverton Solar,PV,SUN,2017,2
61828.0,Valley Creek Solar,PV,SUN,2017,2
61827.0,Dayton Cutoff Solar,PV,SUN,2017,2
61826.0,O'Fallon Renewable Energy Center,PV,SUN,2014,4
61822.0,"Princeton Energy Center, LLC",IC,DFO,2012,10
61821.0,IKEA Jacksonville Rooftop PV System,PV,SUN,2017,1
61820.0,IKEA New Haven Rooftop PV &  Fuel Cell,FC,NG,2012,0
61819.0,IKEA Conshohocken Rooftop PV System,PV,SUN,2013,1
61815.0,Kearsarge Granby,PV,SUN,2017,0
61814.0,Kearsarge Concord II,PV,SUN,2017,4
61813.0,"Ranchland Solar, LLC",PV,SUN,2017,60
61804.0,City of Rochester Solar,PV,SUN,2017,1
61798.0,Prairie Sky Solar Farm,PV,SUN,2017,1
61788.0,Hilltop Power,WT,WND,2008,2
61780.0,Seminole Energy,IC,LFG,2007,4
61779.0,Hernando,IC,LFG,2010,1
61777.0,Brevard,IC,LFG,2008,6
61774.0,"Syncarpha Still River, LLC",PV,SUN,2016,2
61771.0,Syncarpha Hancock III CSG,PV,SUN,2017,1
61770.0,Syncarpha Hancock II CSG,PV,SUN,2017,2
61769.0,Syncarpha Hancock I CSG,PV,SUN,2017,2
61765.0,HGS Solar I,PV,SUN,2016,2
61764.0,Gore Mountain Solar II,PV,SUN,2016,2
61761.0,Douglas County Forest Products,ST,WDS,2006,6
61758.0,Gaston County Renewable Energy Center,IC,LFG,2011,3
61755.0,"East Acres Solar NG, LLC",PV,SUN,2017,5
61748.0,"Southern Current One, LLC",PV,SUN,2017,10
61744.0,L'Oreal Solar - Florence,PV,SUN,2017,1
61742.0,System Control Center,FW,MWH,2012,4
61739.0,Lockheed Martin RMS Syracuse,BA,MWH,2017,1
61738.0,GWCC PV Solar Farm,PV,SUN,2015,1
61737.0,Navy Yard Peaker Station,IC,NG,2017,6
61734.0,Seneca Nation Cattaraugus Wind Turbine,WT,WND,2017,1
61733.0,Haywood Solar,PV,SUN,2017,3
61732.0,Randolph,PV,SUN,2017,3
61731.0,"Solten Plainville 6000, LLC",PV,SUN,2017,4
61728.0,Barrett Farm Solar - Phase I,PV,SUN,2017,1
61727.0,Onyx - Brockton Thatcher Landfill Solar,PV,SUN,2017,3
61726.0,Onyx - Pembroke Landfill Solar,PV,SUN,2017,2
61725.0,Madison County,PV,SUN,2017,1
61724.0,Onyx - Saratoga Springs Landfill Solar,PV,SUN,2017,2
61717.0,"IRE Solar I, LLC",PV,SUN,2017,1
61703.0,Sikorsky Aircraft CHP,GT,NG,2010,9
61702.0,Greater New Bedford LFG Utiliz. Facility,IC,LFG,2005,3
61699.0,Otarre Solar Park,PV,SUN,2017,1
61694.0,Lockheed Martin Solar,PV,SUN,2017,1
61692.0,IVC Solar,PV,SUN,2016,3
61688.0,North Gooding Main Hydro,HY,WAT,2016,1
61685.0,Slana Generating Station ,IC,DFO,2016,0
61684.0,Klawock Power Generation Station,IC,DFO,2017,2
61683.0,USG 2,PV,SUN,2015,1
61682.0,USG 1,PV,SUN,2014,1
61681.0,Middle Daisy,PV,SUN,2017,5
61680.0,Tatanka Wi,PV,SUN,2017,7
61679.0,Cox Battery Energy Storage,BA,MWH,2017,1
61676.0,NCSU Cates Cogeneration Plant,GT,NG,2012,10
61668.0,"Creston Ridge II, LLC",WT,WND,2017,6
61658.0,"Cougar Solar, LLC",PV,SUN,2017,1
61652.0,"Fiber Recovery, Inc.",IC,LFG,2008,0
61647.0,New Orleans Solar Power Plant,PV,SUN,2016,1
61644.0,August Wind Farm,WT,WND,2017,1
61642.0,Waterloo Hydroelectric Project,HY,WAT,1915,0
61641.0,Seneca Falls Hydroelectric Project,HY,WAT,1917,3
61640.0,Texon Hydroelectric Project,HY,WAT,1982,1
61637.0,Denison Solar Array,PV,SUN,2017,1
61636.0,NRG DG Webster LLC,PV,SUN,2017,1
61635.0,NRG DG Tufts Knoll LLC,PV,SUN,2017,2
61634.0,NRG DG Dighton LLC,PV,SUN,2017,3
61633.0,NRG DG Tufts Science LLC,PV,SUN,2017,1
61632.0,"Golden Renewable Energy, LLC",GT,NG,2017,4
61630.0,William G Mennen Sports Solar,PV,SUN,2011,1
61629.0,West Brookfield Solar - Gilbertsville Rd,PV,SUN,2017,4
61622.0,WED Kingstown Solar I - East Array,PV,SUN,2017,3
61621.0,CDCR (CA) - Wasco State Prison,PV,SUN,2013,1
61620.0,CDCR (CA) - Corcoran State Prison,PV,SUN,2013,5
61619.0,CDCR (CA) - Solano State Prison,PV,SUN,2013,1
61618.0,Tuttle,PV,SUN,2017,4
61617.0,Pine Ridge,PV,SUN,2017,3
61616.0,Marietta,PV,SUN,2017,3
61615.0,Hinton,PV,SUN,2017,3
61614.0,Cyril,PV,SUN,2017,5
61613.0,WED Stilson Solar,PV,SUN,2017,2
61612.0,"WED Kingstown Solar I, LLC - West",PV,SUN,2017,1
61606.0,Vilas Solar Array,PV,SUN,2017,4
61605.0,San Luis Valley Solar Array,PV,SUN,2017,2
61604.0,Camden CSD Solar Array,PV,SUN,2017,1
61603.0,UMASS,PV,SUN,2016,4
61602.0,CED Chicopee Solar,PV,SUN,2017,3
61598.0,Tyngsborough Solar,PV,SUN,2017,2
61597.0,Norton Landfill Solar,PV,SUN,2017,1
61596.0,Citizens Agawam Landfill Solar,PV,SUN,2017,1
61595.0,Flambeau Solar Partners,PV,SUN,2017,2
61594.0,Westmont 401,PV,SUN,2017,2
61593.0,Westmont 301,PV,SUN,2017,1
61591.0,Town of Foxborough - Landfill (SREC II) CSG,PV,SUN,2017,1
61590.0,NRG DG Foxborough Elm CSG,PV,SUN,2017,2
61589.0,UL Advanced Wind Turbine Test Facility,WT,WND,2016,0
61587.0,WaveSun,PV,SUN,2017,5
61586.0,MontSun,PV,SUN,2017,5
61581.0,"Davis Lane Solar, LLC",PV,SUN,2017,5
61580.0,"Tumbleweed Solar, LLC",PV,SUN,2017,9
61569.0,Mount Sinai Beth Israel,IC,DFO,1988,1
61568.0,The Allen Hospital,IC,DFO,2009,1
61567.0,Woodhull Hospital,IC,DFO,1972,7
61563.0,Denver Metro Solar,PV,SUN,2017,1
61562.0,Falmouth Landfill Solar,PV,SUN,2017,3
61561.0,Bladen Solar,PV,SUN,2017,50
61560.0,Eagle Point Solar,PV,SUN,2017,9
61559.0,Woodline Solar,PV,SUN,2017,8
61556.0,Facebook 1 Solar Energy Center,PV,SUN,2017,10
61555.0,NRG DG Crystal Spring,PV,SUN,2017,4
61553.0,Klamath Falls Solar 2,PV,SUN,2017,2
61552.0,Fort Detrick Solar PV,PV,SUN,2016,15
61551.0,Good Samaritan Hospital,IC,DFO,1980,1
61550.0,NRG DG Haverhill,PV,SUN,2017,4
61548.0,"CF Novel Solar CSG Gardens Seven, LLC",PV,SUN,2017,3
61545.0,"CGSun, LLC",PV,SUN,2017,4
61543.0,"CF Novel Solar CSG Gardens Five, LLC",PV,SUN,2017,3
61542.0,"PopeSun CSG, LLC",PV,SUN,2017,5
61540.0,Fort Hays State University Wind Farm,WT,WND,2013,4
61539.0,GELD Solar Farm,PV,SUN,2016,2
61538.0,Braintree Landfill Solar,PV,SUN,2014,1
61537.0,Weston Landfill Solar,PV,SUN,2016,1
61536.0,Wakefield Solar,PV,SUN,2017,5
61535.0,Statesville Solar,PV,SUN,2017,5
61532.0,Leon Solar,PV,SUN,2017,10
61531.0,Island Grove Solar,PV,SUN,9999,2
61529.0,Estill Solar II,PV,SUN,2017,10
61528.0,Bayboro Solar Farm,PV,SUN,2017,5
61527.0,Bakatsias Solar,PV,SUN,2017,5
61525.0,ABD Farms,PV,SUN,2017,5
61524.0,Whitewright Solar,PV,SUN,2017,10
61523.0,Haley Solar,PV,SUN,2017,8
61522.0,Champion Solar,PV,SUN,2017,10
61521.0,Swamp Fox Solar,PV,SUN,2017,10
61520.0,Rosewood Solar,PV,SUN,2016,2
61519.0,Baker Point,PV,SUN,2016,9
61518.0,301 Chestnut Solar NG,PV,SUN,2017,4
61515.0,DG Camden LLC Holtec,PV,SUN,2017,2
61514.0,North Gainesville Solar,PV,SUN,2017,5
61513.0,Marlin Solar,PV,SUN,2017,5
61512.0,"Bullock Solar, LLC",PV,SUN,2017,50
61510.0,"Monroe County Sites C, D, & E",PV,SUN,2017,6
61509.0,Monroe County Sites A & B,PV,SUN,2017,2
61499.0,CED Foster,PV,SUN,2017,2
61498.0,Hampton Solar 2,PV,SUN,2017,20
61493.0,Harvest Moon Renewable Energy Company,PV,SUN,2015,1
61491.0,First Citizens Bank,PV,SUN,2012,1
61490.0,Estill Solar,PV,SUN,2017,20
61489.0,Cameron Solar,PV,SUN,2017,20
61488.0,NYU LANGONE HEALTH,IC,DFO,1992,15
61487.0,SL Babylon,PV,SUN,2017,9
61482.0,"CoreSite Real Estate 3032 Coronado, L.P.",IC,DFO,2015,30
61476.0,"CoreSite Real Estate 2901 Coronado, L.P.",IC,DFO,2010,10
61475.0,"CoreSite Real Estate 1656 McCarthy, L.P.",IC,DFO,2000,5
61474.0,CoreSite Real Estate 55 S. Market Street,IC,DFO,2007,6
61473.0,Hopewell Valley High School,BA,MWH,2015,1
61472.0,San Luis Solar Garden,PV,SUN,2017,1
61468.0,Valdosta Prison,PV,SUN,2017,1
61467.0,City of Lexington,PV,SUN,2017,3
61466.0,IOS - ERW9,PV,SUN,2017,5
61465.0,IGS Solar I - BWI2,PV,SUN,2017,1
61464.0,"CoreSite Real Estate 2972 Stender, L.P.",IC,DFO,2011,12
61463.0,Vandenberg Solar Project,PV,SUN,2017,22
61462.0,SR Platte Solar Farm,PV,SUN,2017,16
61460.0,IOS - MEW Phase 1,PV,SUN,2017,4
61459.0,Georgia Power at Swainsboro,PV,SUN,2017,2
61458.0,Martin Solar Center,PV,SUN,2017,5
61457.0,Palmer Solar Center,PV,SUN,2017,5
61456.0,Montgomery Winsted CSG,PV,SUN,2017,3
61455.0,B.R. Sauk Rapids CSG,PV,SUN,2017,5
61454.0,B.R. Sartell CSG,PV,SUN,2017,3
61453.0,B.R. Corcoran CSG,PV,SUN,2017,5
61452.0,Waterford Holdco CSG,PV,SUN,2017,2
61451.0,Northfield Holdco CSG,PV,SUN,2017,5
61441.0,Denver Braswell PV,PV,SUN,2017,1
61439.0,Panasonic Carport Solar,BA,MWH,2017,2
61430.0,"OR Solar 6, LLC",PV,SUN,2017,10
61427.0,Richmond CSG,PV,SUN,2017,5
61425.0,Coyote Ridge Community Solar,PV,SUN,2017,1
61422.0,"Southampton Solar, LLC",PV,SUN,2017,100
61421.0,Madera 1 PV,PV,SUN,2017,1
61419.0,One Ten Partners PV,PV,SUN,2017,2
61418.0,Valencia 1 Solar CA,PV,SUN,2017,3
61416.0,Mount Sinai Hospital,IC,DFO,1970,12
61415.0,West Boylston Community Shared Solar,PV,SUN,2016,1
61414.0,NY Times Daily Production Facility,IC,DFO,2005,12
61413.0,NYC-HH - CONEY ISLAND HOSPITAL,IC,DFO,1993,2
61411.0,Whitesboro Solar II,PV,SUN,2017,5
61410.0,Whitesboro Solar,PV,SUN,2017,5
61409.0,Highway 56 Solar,PV,SUN,2017,5
61408.0,Canis Minor Solar Farm,PV,SUN,2016,1
61407.0,Cottonwood Wind Energy Center,WT,WND,2017,89
61406.0,Essex Solar Center,PV,SUN,2017,20
61405.0,Moorings Farm 2,PV,SUN,2017,5
61404.0,Pikeville Farm,PV,SUN,2017,5
61403.0,Deep Branch Farm,PV,SUN,2017,5
61399.0,Ashby Duffy CSG Solar Farm,PV,SUN,2017,1
61398.0,Canis Major Solar Farm,PV,SUN,2016,2
61397.0,Georgia Power at Jakin GA PV,PV,SUN,2017,1
61389.0,Letchworth Solar Project,PV,SUN,2017,1
61388.0,AEP Jacksonville Solar Project,PV,SUN,2017,7
61387.0,Georgia LFG Richland Creek Plant,IC,LFG,2016,10
61386.0,Georgia LFG Pine Ridge Plant,IC,LFG,2016,6
61385.0,Georgia LFG Oak Grove Plant,IC,LFG,2016,6
61383.0,Rengstorf Solar CSG,PV,SUN,2017,5
61381.0,Koppelman Sun CSG,PV,SUN,2017,5
61379.0,DodgeSun CSG,PV,SUN,2017,5
61378.0,Northern Westchester Hospital,IC,DFO,1971,4
61377.0,Amazon - Patterson PV,PV,SUN,2017,2
61376.0,Cedar Creek PV,PV,SUN,2017,1
61375.0,Cherrydale Solar Power Facility,PV,SUN,2017,20
61374.0,Clarke Solar Power Facility,PV,SUN,2017,10
61373.0,Kearsarge Bellingham PV,PV,SUN,2016,2
61371.0,Centaurus Solar - MA,PV,SUN,2016,2
61370.0,Walnut Springs Solar,PV,SUN,2016,5
61367.0,Smith & Wesson at Springfield MA PV,PV,SUN,2017,1
61363.0,Equuleus Community Solar Gardens,PV,SUN,2017,5
61362.0,NRG Elbow Creek Energy Storage Project,BA,MWH,2017,2
61361.0,Utica Aero Solar Max PV,PV,SUN,9999,12
61360.0,IGS Solar I - EWR6,PV,SUN,2016,1
61359.0,IGS Solar I - EWR5,PV,SUN,2016,1
61358.0,IGS Solar I - BWI5,PV,SUN,2016,1
61357.0,Red Pine Wind Project,WT,WND,2017,200
61355.0,Arlington Outlet Hydroelectric Generator,HY,WAT,2015,1
61354.0,Princeton Solar Project,PV,SUN,2017,2
61352.0,Bondi Solar,PV,SUN,2017,5
61351.0,Bear Creek Solar,PV,SUN,2017,2
61350.0,MDFA Devens-Saratoga,PV,SUN,2016,2
61349.0,Westmont 400B,PV,SUN,2017,2
61348.0,Westmont 400A,PV,SUN,2017,2
61347.0,Long Henry Solar,PV,SUN,2017,2
61342.0,Barrett PV,PV,SUN,2016,11
61341.0,Grafton PV,PV,SUN,2016,2
61340.0,Next Generation Solar Farm,PV,SUN,2017,2
61338.0,Mill Creek Solar (OR),PV,SUN,2017,2
61337.0,"Magpie Solar, LLC",PV,SUN,2017,3
61336.0,"Black Eagle Solar, LLC",PV,SUN,2017,3
61335.0,"Great Divide Solar, LLC",PV,SUN,2017,3
61330.0,Hog Creek Wind Project,WT,WND,2017,66
61328.0,Crater Community Solar,PV,SUN,2017,3
61327.0,Barnwell Solar,PV,SUN,2017,5
61326.0,Cameron Solar II,PV,SUN,2017,4
61325.0,Hampton Solar I,PV,SUN,2017,6
61324.0,Odyssey Solar,PV,SUN,2017,8
61323.0,Saluda Solar II,PV,SUN,2017,3
61319.0,Port of LA Solar FiT Project,PV,SUN,2015,1
61316.0,Higginsville Solar Farm,PV,SUN,2017,2
61315.0,Golden Hills Solar,PV,SUN,2017,4
61314.0,SR Kersey,PV,SUN,2017,3
61313.0,BPU Solar Farm,PV,SUN,2017,1
61312.0,Walton 2 Solar Facility,PV,SUN,2017,2
61311.0,Walton 1 Solar Facility,PV,SUN,2017,2
61310.0,Crittenden Solar Facility,PV,SUN,2017,2
61309.0,IKEA Grand Prairie Rooftop PV System,PV,SUN,2017,1
61308.0,Sampson Road Community Solar,PV,SUN,2017,2
61307.0,Peterson Road Solar,PV,SUN,2017,2
61303.0,Bluff Point Wind Facility,WT,WND,2017,119
61299.0,Hatfield Renewables Community Solar,PV,SUN,2017,1
61298.0,Pleasantdale Road Community Solar,PV,SUN,2017,1
61297.0,Upton Community Solar,PV,SUN,2017,2
61294.0,Farley Road Community Solar,PV,SUN,2017,1
61292.0,Jackson Solar Farm,PV,SUN,2017,10
61291.0,"Green Meadow Solar, LLC",PV,SUN,2017,3
61290.0,"South Mills Solar, LLC",PV,SUN,2017,3
61289.0,"River Bend Solar, LLC",PV,SUN,2017,2
61288.0,"Roxboro Solar Farm, LLC",PV,SUN,2015,5
61284.0,"Lux Solar, LLC",PV,SUN,2016,2
61283.0,"Bladenboro Solar, LLC",PV,SUN,2015,4
61282.0,APG Combined Heat and Power Plant,GT,NG,2016,7
61280.0,Wilson Solar Farm 7,PV,SUN,2017,10
61279.0,Wilson Solar Farm 6,PV,SUN,2017,10
61278.0,Wilson Solar Farm 5,PV,SUN,2017,10
61277.0,Wilson Solar Farm 4,PV,SUN,2017,10
61276.0,Wilson Solar Farm 3,PV,SUN,2017,10
61275.0,Wilson Solar Farm 2,PV,SUN,2017,5
61274.0,Wilson Solar Farm 1,PV,SUN,2017,3
61271.0,Biltmore Solar Fields,PV,SUN,2012,1
61268.0,Kayenta Solar Project,PV,SUN,2017,27
61267.0,Hurricane Creek Lift Station,IC,DFO,2004,2
61266.0,Orme Park Water Treatment Plant,IC,DFO,1997,1
61261.0,Rock Falls Wind Farm LLC,WT,WND,2017,154
61260.0,"Innovative Solar 60, LLC",PV,SUN,2017,1
61259.0,"Innovative Solar 59, LLC",PV,SUN,2017,1
61258.0,"Innovative Solar 35, LLC",PV,SUN,2017,1
61257.0,"ZV Solar 2, LLC",PV,SUN,2017,4
61256.0,"Hood Farm Solar, LLC",PV,SUN,2017,4
61255.0,"Haywood Farm Solar, LLC",PV,SUN,2017,4
61250.0,USPS PV,PV,SUN,2017,10
61249.0,Westmont 300A,PV,SUN,2017,2
61248.0,Glopak Solar PV Power Plant,PV,SUN,2011,0
61247.0,ACE-Stanton A PV,PV,SUN,2017,4
61246.0,ACE-Stanton PV,PV,SUN,2017,4
61245.0,Vuelta Solar,PV,SUN,2016,5
61244.0,Shuman Solar,PV,SUN,2016,2
61243.0,Old Wardour Solar,PV,SUN,2016,5
61238.0,NY - Presbyt. Hospital - 525 E 68TH St,IC,DFO,1997,15
61237.0,"433 Purchase Solar NG, LLC",PV,SUN,2012,2
61224.0,"350 Clark Solar, NG, LLC",PV,SUN,2011,1
61223.0,Chillicothe Solar Farm,PV,SUN,2017,2
61222.0,Golden Hills North Wind Energy Center,WT,WND,2017,46
61221.0,Redbed Plains Wind Farm,WT,WND,2017,99
61220.0,"Spencer Farm, LLC",PV,SUN,2017,5
61218.0,"Broadridge Solar, LLC",PV,SUN,2017,5
61217.0,Head of U Canal Hydro Project,HY,WAT,2015,1
61211.0,IKEA Memphis 508,PV,SUN,2016,1
61210.0,Finger Lakes Solar I,PV,SUN,2016,1
61209.0,Sacramento Regional County Sanitation PV,PV,SUN,2017,3
61208.0,Gulfport Naval Base CSG PV System,PV,SUN,2017,3
61207.0,Green Island Hydroelectric Station,HY,WAT,1922,4
61206.0,Onyx - Allen Harim,PV,SUN,2017,1
61205.0,Bandera Electric Coop PV,PV,SUN,2017,1
61201.0,"OR Solar 3, LLC",PV,SUN,2017,10
61199.0,T0588 Phoenix - AZ,PV,SUN,2017,1
61198.0,Merck - Upper Gwynedd Solar Array,PV,SUN,2011,1
61197.0,Pima Energy Storage System,BA,MWH,2017,10
61196.0,"Mill Pond Solar Farm, LLC",PV,SUN,2017,5
61195.0,"231 Dixon 74 Solar I, LLC",PV,SUN,2017,2
61194.0,"Barker Solar, LLC",PV,SUN,2017,5
61193.0,IKEA Las Vegas 462,PV,SUN,2016,1
61192.0,IKEA Joliet Rooftop PV System,PV,SUN,2017,2
61191.0,Drop 5,HY,WAT,2017,2
61190.0,Shavano Falls Hydro Drop 4,HY,WAT,2015,4
61189.0,Shavano Falls Hydro,HY,WAT,2015,2
61188.0,Winton Solar 2,PV,SUN,9999,1
61187.0,Century Drive Solar Farm,PV,SUN,2014,1
61186.0,Boston Medical Center CHP Plant,IC,NG,2017,2
61185.0,Pfeffers,PV,SUN,2016,1
61181.0,Andromeda Community Solar,PV,SUN,2017,0
61180.0,Caelum Community Solar,PV,SUN,2017,0
61178.0,Capella Community Solar,PV,SUN,2017,0
61175.0,Pegasus Community Solar,PV,SUN,2017,2
61173.0,IKEA Miami 327,PV,SUN,2015,1
61172.0,EE Waianae Solar Project,PV,SUN,2017,27
61166.0,Tyee Lake Hydroelectric Facility,HY,WAT,1983,22
61165.0,Columbus Solar Project,PV,SUN,2017,1
61164.0,Onset West Solar Facility,PV,SUN,2016,1
61163.0,Onset East Solar Facility,PV,SUN,2016,1
61162.0,RB Manufacturing LLC Belle Mead NJ,PV,SUN,2016,1
61160.0,MILL SOLAR 1,PV,SUN,2015,1
61158.0,Bizzell Church Solar 2,PV,SUN,2017,5
61157.0,Boaz Farm Solar,PV,SUN,2017,5
61156.0,St. Pauls Solar 2,PV,SUN,2017,5
61154.0,AT&T Anaheim,FC,NG,2016,1
61153.0,AT&T Holger,FC,NG,2016,1
61152.0,Intel Folsom Phase 3,PV,SUN,2016,5
61145.0,Brown County LFGTE Power Station,IC,LFG,2017,3
61141.0,"CF Novel Solar CSG Gardens Eleven, LLC",PV,SUN,2017,3
61140.0,"CF Novel Solar CSG Gardens Two, LLC",PV,SUN,2017,1
61135.0,Lebanon Solar Farm (MO),PV,SUN,2017,2
61131.0,Tolson Solar,PV,SUN,2015,3
61129.0,Wadesboro Solar,PV,SUN,2017,5
61126.0,Bedford Solar,PV,SUN,2017,3
61125.0,Nebraska Valley Solar Farm,PV,SUN,2016,1
61124.0,Elizabeth Mines Solar 1,PV,SUN,2017,5
61123.0,SCWA R5 Pond Solar,PV,SUN,9999,2
61121.0,Quichapa 3,PV,SUN,2016,3
61120.0,Quichapa 2,PV,SUN,2016,3
61119.0,Quichapa 1,PV,SUN,2016,3
61118.0,Bakersfield Industrial PV 1,PV,SUN,2017,1
61117.0,Bakersfield PV 1,PV,SUN,2017,5
61116.0,Delano Land 1,PV,SUN,2017,1
61115.0,Manteca Land PV,PV,SUN,2017,1
61107.0,Vanadium Redox Flow Battery Plant,BA,MWH,2017,2
61104.0,Pima Community College,PV,SUN,2017,1
61097.0,Syncarpha Freetown,PV,SUN,2016,3
61096.0,Sampson Solar,PV,SUN,2015,2
61095.0,Railroad Farm 2,PV,SUN,2014,5
61094.0,Old Wire Farm,PV,SUN,2016,5
61093.0,Mills Anson Farm,PV,SUN,2016,5
61092.0,Independence Solar Farm,PV,SUN,2017,3
61091.0,Laurinburg Farm,PV,SUN,2015,5
61090.0,Kinston Davis Farm,PV,SUN,2015,5
61089.0,Fisher Solar Farm - NC,PV,SUN,2015,5
61088.0,Delco Farm,PV,SUN,2016,5
61087.0,Wadesboro Farm 1,PV,SUN,2015,5
61086.0,Tripple State Farm,PV,SUN,2016,5
61085.0,Stone Solar,PV,SUN,2016,5
61084.0,Luning Energy,PV,SUN,2017,50
61079.0,Beaver Creek Wind,WT,WND,2017,170
61076.0,City of Shelby Electric Distribution,IC,DFO,2016,1
61074.0,Pemberton Road II,PV,SUN,2017,9
61073.0,Pemberton Road I,PV,SUN,2017,9
61072.0,Lemond Solar,PV,SUN,2017,5
61069.0,"BWC Wading River One, Two, Three CSG",PV,SUN,2017,3
61067.0,Foundation Scheid Vineyards,WT,WND,2017,1
61066.0,Foundation CDCR LAC,WT,WND,2017,1
61058.0,Kramer Solar CSG,PV,SUN,2017,3
61056.0,Seward Wind Farm,WT,WND,2017,1
61055.0,DG AMP Solar Front Royal,PV,SUN,2017,2
61054.0,IMPA Anderson Solar Park 2,PV,SUN,2017,8
61053.0,Greenfield Solar Park,PV,SUN,2017,2
61048.0,Gala Solar,PV,SUN,2017,56
61043.0,Canandaigua Solar Array,PV,SUN,2016,2
61042.0,Canandaigua Westbrook Solar Array,PV,SUN,2017,2
61040.0,Twin Buttes II Wind,WT,WND,2017,75
61039.0,Deerfield Wind LLC,WT,WND,2017,30
61031.0,Floyd Road Solar Farm,PV,SUN,2017,5
61030.0,Harford Solar Farm,PV,SUN,2016,2
61027.0,Pacific Ethanol Stockton Cogen Plant,GT,NG,2016,4
61026.0,New York Presbyterian Hospital-168th St,IC,DFO,2000,10
61025.0,Montefiore - Westchester Square,IC,DFO,1983,1
61019.0,"Siler 421 Farm, LLC",PV,SUN,2016,5
61018.0,Stafford St Solar 3 CSG,PV,SUN,2017,1
61016.0,Stafford St Solar 1 CSG,PV,SUN,2017,2
61015.0,Musgrave West Solar Farm,PV,SUN,2016,2
61013.0,Marin Clean Energy Solar One,PV,SUN,2017,10
61012.0,Mill Seat Renewable Energy Facility,IC,LFG,2007,0
61009.0,Spring Street Solar 1 CSG,PV,SUN,2017,2
61008.0,Brook Street Solar 1 CSG,PV,SUN,2017,5
61007.0,Redbrook Community Solar 1,PV,SUN,2017,4
61006.0,SCDA Solar 1,PV,SUN,2017,7
61005.0,Whirlpool Corporation - Marion Wind Farm,WT,WND,2017,3
61003.0,Musgrave East Solar Farm,PV,SUN,2016,2
61002.0,"WED Portsmouth One, LLC",WT,WND,2016,1
61000.0,King Mill,HY,WAT,1944,1
60996.0,Iron Horse Battery Storage,BA,MWH,2017,12
60995.0,Ramona Solar Energy,PV,SUN,2017,4
60994.0,French's Landfill PV,PV,SUN,2014,6
60993.0,"Darlington Solar, LLC",PV,SUN,2016,10
60991.0,Sterling I Wind Farm,WT,WND,2017,29
60990.0,"Florence Solar W3-080, LLC",PV,SUN,2016,7
60989.0,SolaireHolman Solar Project,PV,SUN,2017,50
60987.0,Santa Rita Wind Energy,WT,WND,2017,300
60986.0,AIS Solar Project,PV,SUN,2016,2
60985.0,Elizabethtown Solar,PV,SUN,2016,2
60984.0,Lindberg Field Solar 2,PV,SUN,2017,1
60983.0,Buckthorn Wind Project,WT,WND,2017,100
60982.0,Atkinson Farm Solar,PV,SUN,2015,5
60981.0,NextEra Westside PV,PV,SUN,2017,20
60980.0,ZV Solar 1,PV,SUN,2016,5
60979.0,CSUF Nutwood Solar,PV,SUN,2016,1
60978.0,CSUF State College,PV,SUN,2016,1
60977.0,Dakota Solar,PV,SUN,9999,3
60976.0,"OSLH, LLC",PV,SUN,2016,9
60975.0,Whitney Point Solar,PV,SUN,2017,20
60974.0,Glendale Battery Energy Storage System,BA,MWH,2017,2
60971.0,Michael Solar,PV,SUN,2017,3
60970.0,Tyler Solar,PV,SUN,9999,5
60969.0,River Otter Solar,PV,SUN,9999,5
60968.0,Scott-II Solar LLC,PV,SUN,2017,2
60967.0,Onyx - Lamphear Road,PV,SUN,2016,2
60966.0,Lind Solar CSG,PV,SUN,2017,4
60965.0,"Cotten Farm, LLC",PV,SUN,2016,5
60964.0,Apache Solar 1,PV,SUN,2017,90
60963.0,Eisenhower Solar,PV,SUN,9999,5
60960.0,Hyperion Treatment Plant CHP Plant,GT,OBG,2017,33
60959.0,Chocksett Rd Energy Storage Project,BA,MWH,2017,2
60957.0,Sand Lake DPC Solar,PV,SUN,2017,1
60956.0,Westar Cities Solar,PV,SUN,2017,1
60955.0,Strawberry Point DPC Solar,PV,SUN,2017,1
60954.0,VEC Magee Hill Solar,PV,SUN,2017,1
60953.0,Owens Valley Solar Project 11,PV,SUN,2016,1
60951.0,West Dubuque Solar,PV,SUN,2017,3
60950.0,Mountain Lion Solar,PV,SUN,9999,1
60947.0,Jacumba Solar Farm,PV,SUN,2017,20
60946.0,Santa Paula Energy Storage,BA,MWH,9999,5
60945.0,"Spartan PV 1, LLC",PV,SUN,2017,10
60944.0,Vega Community Solar,PV,SUN,2017,5
60943.0,Spica Community Solar,PV,SUN,2017,2
60942.0,Morgan Community Solar,PV,SUN,2017,3
60941.0,Mapleton Community Solar,PV,SUN,2017,3
60940.0,Gemini Community Solar,PV,SUN,2017,3
60939.0,Centaurus Community Solar,PV,SUN,2017,2
60938.0,Aries Community Solar,PV,SUN,2017,4
60937.0,Antlia Community Solar,PV,SUN,2017,2
60935.0,GRE Marshan Solar,PV,SUN,2017,1
60933.0,Hopewell Cogeneration NJ,IC,NG,2015,4
60932.0,Creston Ridge Wind Farm,WT,WND,2015,6
60931.0,CCC Hastings Wind Turbine,WT,WND,2016,1
60930.0,Dublin Solar I,PV,SUN,2015,4
60929.0,"Red Oak Solar Farm, LLC",PV,SUN,2016,5
60924.0,Ozarks Natural Energy,PV,SUN,2016,1
60923.0,Clyde Solar Array,PV,SUN,2016,2
60922.0,Ruskin Solar,PV,SUN,2017,2
60921.0,Scarlet Solar,PV,SUN,2017,2
60920.0,Viper Solar,PV,SUN,2017,2
60919.0,Shakopee Met Council WTP,PV,SUN,2016,1
60918.0,Verwey-Hanford Dairy Digester #1,IC,OBG,2016,1
60917.0,Buckingham Solar LLC,PV,SUN,2017,19
60916.0,Sappony Solar LLC,PV,SUN,2017,20
60915.0,Correctional Solar LLC,PV,SUN,2017,20
60914.0,Westmont 300B,PV,SUN,2016,3
60913.0,Ohio Northern University Solar Site,PV,SUN,2016,2
60912.0,Cold River Road Solar,PV,SUN,2016,2
60911.0,Green Energy Machine,WT,WND,2016,1
60909.0,Hartford Landfill Solar EGF,PV,SUN,2014,1
60908.0,Northampton Landfill Solar PV,PV,SUN,2017,2
60906.0,Mt. Tom Solar Project,PV,SUN,2017,4
60905.0,"Oliver Wind III, LLC",WT,WND,2017,99
60902.0,Dermott Wind,WT,WND,2017,253
60901.0,Willow Springs Wind Farm,WT,WND,2017,250
60895.0,Whistling Winds DPC Solar,PV,SUN,2017,1
60894.0,Medford DPC Solar,PV,SUN,2017,2
60893.0,Mt. Hope DPC Solar,PV,SUN,2017,1
60892.0,Downsville DPC Solar,PV,SUN,2017,1
60891.0,Liberty Pole DPC Solar,PV,SUN,2017,1
60890.0,Warren DPC Solar,PV,SUN,2017,2
60889.0,Conrath DPC Solar,PV,SUN,2017,1
60888.0,Lafayette DPC Solar,PV,SUN,2017,1
60887.0,Sauk DPC Solar,PV,SUN,2017,1
60886.0,Pavant Solar III,PV,SUN,2016,20
60885.0,"Boulder Solar II, LLC",PV,SUN,2017,50
60883.0,"Deerfield Wind Energy, LLC",WT,WND,2017,147
60881.0,Bernhardt Furniture Solar Farm,PV,SUN,2015,1
60880.0,Stafford MS Ground Mount,PV,SUN,2016,2
60879.0,Nexamp Peak CSG,PV,SUN,2015,2
60878.0,Sutton Solar CSG,PV,SUN,2016,1
60877.0,GMP Solar - Williamstown,PV,SUN,2016,5
60876.0,Eastern Iowa Solar,PV,SUN,2016,1
60875.0,GMP Solar - Williston,PV,SUN,2016,4
60874.0,GMP Solar - Hartford,PV,SUN,2016,5
60872.0,Wildomar Solar,PV,SUN,9999,1
60869.0,"Solar Star California, XLIV, LLC",PV,SUN,2016,9
60867.0,Kearsarge Southwick LLC,PV,SUN,2015,3
60866.0,"Bashaw Solar CSG 1, LLC",PV,SUN,2017,2
60865.0,Equity Industrial Turbines,WT,WND,2012,4
60864.0,"Kokomo Solar 1, LLC",PV,SUN,2016,5
60863.0,Cooperative Solar One,PV,SUN,2017,8
60861.0,Dept of General Services -FTB,PV,SUN,2017,2
60860.0,VEC Alburgh Array,PV,SUN,2016,1
60858.0,126 Grove Solar LLC,PV,SUN,2012,2
60857.0,NES Rutgers Solar,PV,SUN,2012,1
60856.0,Astra Wind Farm,WT,WND,2017,163
60855.0,Iron Horse Solar I CSG,PV,SUN,2016,2
60854.0,Bird Machine Solar Farm,PV,SUN,2017,4
60853.0,SR Houston,PV,SUN,2016,3
60852.0,Depot Hill Solar,PV,SUN,2016,2
60851.0,Curtis Hill Solar,PV,SUN,2016,2
60849.0,Emmitsburg Solar Arrays,PV,SUN,2014,1
60848.0,Temple Solar Arrays,PV,SUN,2011,2
60847.0,Garrett County - DPU Treatment Plant,PV,SUN,2017,1
60844.0,Genentech Vacaville Meter #1,PV,SUN,2017,5
60843.0,River Terminal Development Solar,PV,SUN,2006,1
60842.0,Prudential 80 Livingston Roseland Solar,PV,SUN,2013,1
60841.0,Prudential 55 Livingston Roseland Solar,PV,SUN,2013,1
60840.0,"Goya Foods, Inc- Secaucus Solar",PV,SUN,2016,1
60839.0,"Goya Foods, Inc- Jersey City Solar",PV,SUN,2015,2
60838.0,Wabasha Holdco Solar CSG,PV,SUN,2017,3
60837.0,Forest Lake Solar CSG,PV,SUN,2017,5
60836.0,Big Lake Holdco Solar CSG,PV,SUN,2017,5
60835.0,Pine Island Solar CSG,PV,SUN,2017,3
60834.0,Hwy 14 Holdco Solar CSG,PV,SUN,2017,5
60833.0,Dodge Holdco Solar,PV,SUN,2017,5
60832.0,Farmington Holdco Solar,PV,SUN,2017,5
60831.0,Orbit Energy RI,IC,OBG,2017,3
60830.0,Webster Holdco Solar CSG,PV,SUN,2017,5
60829.0,"Eastway Solar, LLC",PV,SUN,9999,4
60828.0,"Osceola Solar, LLC",PV,SUN,9999,5
60824.0,Valley Sanitary District WTP Solar,PV,SUN,2016,1
60823.0,South Sioux City Solar,PV,SUN,2016,2
60822.0,Intel - Ocotillo Campus Solar,PV,SUN,2017,2
60821.0,Weber State University - Davis Campus PV,PV,SUN,2017,1
60820.0,Montgomery County Correctional Facility,PV,SUN,2017,1
60819.0,Jefferson-Lewis BOCES Solar,PV,SUN,2017,2
60817.0,Sullivan County - Adult Care Solar,PV,SUN,2017,2
60816.0,Town of Lexington Solar,PV,SUN,2017,1
60815.0,Hampshire College,PV,SUN,2017,2
60814.0,7-Mile Ridge Wind Project,WT,WND,9999,1
60811.0,AES ADA Energy Storage Array,BA,MWH,2013,2
60810.0,Sabert Solar,PV,SUN,2011,1
60809.0,"Summit Water Nexus Mt. Holly, LLC Solar",PV,SUN,2013,1
60808.0,US Foods Solar,PV,SUN,2012,6
60806.0,North Bergen Solar,PV,SUN,2016,1
60805.0,Beaver Run,PV,SUN,2015,7
60804.0,"Gemini Technologies Services, Inc. Solar",PV,SUN,2013,1
60803.0,Deutsche Bank- Piscataway Solar,PV,SUN,2011,1
60802.0,ACCC Mays Landing,PV,SUN,2013,1
60800.0,Catawba Solar LLC,PV,SUN,2016,2
60799.0,"Iron Horse Solar 4, LLC",PV,SUN,2017,4
60798.0,South Atlantic Services Solar Farm I,PV,SUN,2013,1
60797.0,Lake Forest Hospital,IC,NG,1996,3
60796.0,Red Wing Solar,PV,SUN,2016,4
60795.0,Eichtens Solar,PV,SUN,2016,3
60792.0,"CC Landfill Energy, LLC",GT,LFG,2012,12
60791.0,SunAnza,PV,SUN,2017,2
60790.0,"PVN Milliken, LLC",PV,SUN,2017,3
60788.0,Suwannee Solar Facility,PV,SUN,2017,8
60787.0,"Williamston Speight Solar, LLC",PV,SUN,2016,15
60785.0,Tungsten Mountain,BT,GEO,2017,37
60784.0,Jersey Holdings,PV,SUN,2017,5
60783.0,"Leggett Solar, LLC",PV,SUN,2016,5
60782.0,"Barnhill Road Solar, LLC",PV,SUN,2016,3
60781.0,Royal Wine Corp Solar Power Plant,PV,SUN,2011,1
60779.0,"McGoogan Farm, LLC",PV,SUN,2015,5
60778.0,"Hew Fulton Farm, LLC",PV,SUN,2015,5
60776.0,Community Foodbank of NJ,PV,SUN,2012,1
60775.0,Deerfield CSG Solar,PV,SUN,2017,6
60774.0,Phantom Solar,PV,SUN,2017,15
60772.0,Adams Ave MS and HS,PV,SUN,2011,2
60771.0,Timber Creek HS,PV,SUN,2013,1
60769.0,Lower Cape May HS,PV,SUN,2012,1
60768.0,Gila River Power Block 2,CT,NG,2003,619
60766.0,L'Oreal Monmouth,PV,SUN,2013,2
60765.0,L'Oreal Franklin,PV,SUN,2012,1
60764.0,Victory Solar LLC,PV,SUN,2016,12
60763.0,Holland Solar,PV,SUN,2015,3
60762.0,Pfizer Peapack Solar,PV,SUN,2016,6
60761.0,"Roper Farm, LLC",PV,SUN,2015,5
60760.0,Millikan BESS,BA,MWH,2016,2
60759.0,Freeze Solar,PV,SUN,2013,1
60757.0,Cedarville CSG,PV,SUN,2017,2
60756.0,Meadow Solar,PV,SUN,2016,3
60755.0,Spartan,PV,SUN,2017,8
60754.0,DDR Shoppers World,PV,SUN,2017,1
60753.0,Shirley Landfill,PV,SUN,2017,1
60752.0,Gloucester Community College Solar,PV,SUN,2014,2
60750.0,Osawatomie Power Plant South Sub,IC,DFO,2017,6
60748.0,Simcoe Solar,PV,SUN,2017,20
60747.0,Seabrook Village,PV,SUN,2016,3
60746.0,Silvi Gibraltar Rock,PV,SUN,2016,2
60745.0,SEPV Imperial Dixieland East,PV,SUN,2016,2
60744.0,SEPV Imperial Dixieland West,PV,SUN,2016,3
60742.0,Argonne National Laboratory CHP,GT,NG,2016,6
60741.0,Old Midville Solar,PV,SUN,2016,19
60740.0,Pittsgrove Solar,PV,SUN,2014,2
60739.0,DSM Solar,PV,SUN,2014,4
60738.0,Fall River Solar,PV,SUN,2013,2
60737.0,Church Hill,PV,SUN,2016,6
60736.0,Wilmington Solar,PV,SUN,2015,2
60735.0,Longview Solar,PV,SUN,2016,13
60734.0,Bordentown Solar,PV,SUN,2015,6
60733.0,Brickyard Solar,PV,SUN,2015,1
60732.0,Frankford Solar,PV,SUN,2012,8
60731.0,Holliston Solar,PV,SUN,2015,1
60730.0,Bridgewater Solar,PV,SUN,2015,2
60729.0,Raritan Solar,PV,SUN,2016,7
60728.0,Howell Solar,PV,SUN,2016,7
60727.0,East Orange Solar,PV,SUN,2015,4
60726.0,Xcel Adams 1 Community Solar Array,PV,SUN,2017,1
60725.0,Xcel Adams 2 Community Solar Array,PV,SUN,2017,1
60724.0,Arapahoe 3 Community Solar Array,PV,SUN,2017,1
60723.0,Conejos 1 Community Solar Array,PV,SUN,2017,1
60722.0,Logan 1 Community Solar Array,PV,SUN,2017,1
60721.0,Green Cow Power,IC,OBG,2015,3
60720.0,Weld 1 Community Solar Array,PV,SUN,2017,1
60717.0,Northfield Community Solar,PV,SUN,2016,5
60716.0,Orion Community Solar,PV,SUN,2017,3
60715.0,Paynesville Community Solar,PV,SUN,2016,5
60714.0,Rosemount Community Solar,PV,SUN,2016,5
60713.0,Sunrise Community Solar,PV,SUN,2016,5
60712.0,Ursa Community Solar,PV,SUN,2017,5
60711.0,Chisago Community Solar,PV,SUN,2016,4
60710.0,Stone Hill Solar,PV,SUN,2014,2
60709.0,IFF Hazlet Ground,PV,SUN,2014,3
60708.0,Havre de Grace II - E at Perryman,PV,SUN,2016,1
60707.0,Marshall Solar Farm (MO),PV,SUN,2016,2
60706.0,Waynesville Solar Farm (MO),PV,SUN,2016,2
60705.0,Rolla Solar Farm (MO),PV,SUN,2016,2
60704.0,Trenton Solar Farm (MO),PV,SUN,2015,2
60703.0,"Green City Recovery, LLC",IC,LFG,2016,1
60702.0,Rincon Solar I,PV,SUN,2016,18
60701.0,JED Solid Waste Mgmt Renewable Energy,IC,LFG,2017,6
60700.0,Wind Colebrook South,WT,WND,2015,5
60696.0,Four Peaks Camino Real,IC,LFG,2008,2
60695.0,"BentonSun CSG, LLC",PV,SUN,2016,5
60694.0,"WakeSun CSG, LLC",PV,SUN,2017,3
60690.0,"Blue Summit Storage, LLC",BA,MWH,2017,30
60689.0,Western Plains Wind Farm,WT,WND,2017,280
60688.0,"Cimarron Bend Wind Project II, LLC",WT,WND,2017,200
60687.0,"Cimarron Bend Wind Project I, LLC",WT,WND,2016,200
60686.0,Pierre Solar,PV,SUN,2016,1
60685.0,Canyon Del Oro High School Solar,PV,SUN,2016,1
60684.0,Amphitheater High School Solar,PV,SUN,2016,1
60682.0,Pearl Solar,PV,SUN,2017,50
60680.0,ANAD Solar Array,PV,SUN,2017,7
60679.0,Fort Rucker Solar Array,PV,SUN,2017,10
60677.0,Tannery Road Landfill,PV,SUN,2016,2
60675.0,Turner Energy Storage Project,BA,MWH,2014,1
60673.0,"Nixa Solar, LLC",PV,SUN,2017,7
60672.0,Osborn Wind Energy,WT,WND,2016,200
60669.0,Sod Run WTP A,PV,SUN,2015,2
60668.0,City of Havre De Grace C,PV,SUN,2015,2
60667.0,Baltimore City G,PV,SUN,2015,2
60666.0,Baltimore City F,PV,SUN,2015,2
60665.0,Baltimore City D,PV,SUN,2015,2
60664.0,Baltimore City B,PV,SUN,2015,2
60663.0,Archdiocese of Baltimore L,PV,SUN,2015,2
60662.0,Archdiocese of Baltimore J,PV,SUN,2015,2
60661.0,Mira Loma Energy Storage Facility,BA,MWH,2016,20
60660.0,Willey Battery Utility,BA,MWH,2016,6
60659.0,Ridgeland Solar Project,PV,SUN,2017,10
60658.0,Moffett Solar Project,PV,SUN,2017,71
60657.0,"Salt Fork Wind Project, LLC",WT,WND,2016,174
60656.0,McHenry Battery Storage,BA,MWH,2016,19
60655.0,Rock Creek Wind Project,WT,WND,2017,300
60653.0,Belchertown,PV,SUN,2015,1
60652.0,Dickinson Solar Array,PV,SUN,2016,2
60651.0,"North Nash Farm, LLC",PV,SUN,2015,5
60650.0,Mission Rock Energy Center,BA,MWH,9999,25
60647.0,Shakopee Energy Park,IC,NG,2017,45
60646.0,Energy Nuevo Storage Farm,FW,MWH,9999,20
60645.0,"Javelina Wind Energy II, LLC",WT,WND,2016,200
60644.0,"West Brookfield Solar, LLC",PV,SUN,2016,1
60640.0,"NRG Solar Mule, LLC",PV,SUN,2017,1
60639.0,Kingman Wind,WT,WND,2016,214
60638.0,Sunflower Solar,PV,SUN,2017,16
60637.0,Cork Oak Solar,PV,SUN,2017,20
60636.0,"Bunn Level Farm, LLC",PV,SUN,2016,5
60635.0,"Creech Solar 2, LLC",PV,SUN,2016,6
60634.0,"Auten Road Farm, LLC",PV,SUN,2017,5
60633.0,"Gainey Solar, LLC",PV,SUN,2016,2
60632.0,Blue Lake Solar,PV,SUN,2016,3
60631.0,Empire Solar,PV,SUN,2016,7
60629.0,"Perkins Solar, LLC",PV,SUN,2016,2
60625.0,NRG Renew Canal 1 CSG LLC,PV,SUN,2017,1
60622.0,DG AMP Solar Bowling Green,PV,SUN,2017,20
60621.0,Worcester Landfill,PV,SUN,2017,6
60620.0,"Ninnescah Wind Energy, LLC",WT,WND,2016,208
60618.0,AEP Bluffton NaS,BA,MWH,2008,2
60617.0,AEP Churubusco NaS,BA,MWH,2009,2
60616.0,BC Solar,PV,SUN,2016,8
60615.0,Southern Sky Renew Energy Berkley LLC,PV,SUN,2014,3
60614.0,WYM 1250 Palmer LLC,PV,SUN,2013,1
60613.0,Brookfield Solar 2013 LLC,PV,SUN,2013,2
60612.0,Morin Solar 2013 LLC,PV,SUN,2013,4
60611.0,Summit Farms Solar,PV,SUN,2016,60
60609.0,CMEEC - Norwich Stott St Solar,PV,SUN,2016,3
60608.0,CMEEC - Navy NE Trident,PV,SUN,2017,1
60607.0,CMEEC - Polaris Park Solar,PV,SUN,2017,3
60606.0,CMEEC - Hollyhock Solar,PV,SUN,9999,6
60605.0,CMEEC - Rogers Rd Solar,PV,SUN,2017,1
60604.0,Wye Mills VNEM,PV,SUN,2016,10
60603.0,Jacobson 5 MW Solar,PV,SUN,2017,4
60602.0,Wayne Solar I LLC,PV,SUN,2014,5
60600.0,Old Pageland Monroe Road Solar Farm,PV,SUN,2015,5
60599.0,Duplin Solar I LLC (160 Houston Lane),PV,SUN,2014,5
60598.0,Wayne Solar II LLC,PV,SUN,2014,5
60597.0,Wayne Solar III LLC,PV,SUN,2014,5
60593.0,UI RCP Woodbridge FC,FC,NG,2016,2
60592.0,Rush Springs Wind,WT,WND,2016,249
60591.0,"Solar Star California, XLI, LLC",PV,SUN,2016,54
60590.0,"Golden Fields Solar I, LLC",PV,SUN,2016,54
60587.0,Kelly Creek Wind Project,WT,WND,2016,184
60586.0,Pleasant Valley Solar,PV,SUN,2016,2
60585.0,Mount Vernon Solar,PV,SUN,2015,1
60584.0,Oceana Solar,PV,SUN,2017,17
60583.0,LaFayette Solar Farm,PV,SUN,2017,79
60582.0,CoTAL Solar Farm,PV,SUN,2017,20
60581.0,Upton County Solar,PV,SUN,2017,150
60580.0,Soluga Farms III,PV,SUN,2015,5
60579.0,Meriwether Farm,PV,SUN,2016,5
60578.0,Kojak Farm,PV,SUN,2016,5
60577.0,Hector Farm,PV,SUN,2017,5
60576.0,Wadesboro Farm 3,PV,SUN,2016,5
60575.0,Wadesboro Farm 2,PV,SUN,2016,5
60574.0,"Great Western Wind Energy, LLC",WT,WND,2016,225
60573.0,HQC Rock River Solar Power Gen Station,PV,SUN,2016,2
60571.0,North City Cogeneration Facility,IC,LFG,2013,1
60570.0,Escondido Energy Storage,BA,MWH,2017,30
60569.0,El Cajon Energy Storage,BA,MWH,2017,7
60568.0,Canyon Crest Academy,BA,MWH,2014,1
60567.0,Ortega Highway Energy Storage,BA,MWH,2015,2
60566.0,Pala Energy Storage Yard,BA,MWH,2012,1
60565.0,Borrego Springs Energy Storage,BA,MWH,2012,1
60563.0,Flywheel Energy Storage System Microgrid,FW,MWH,2015,2
60562.0,GMP Solar - Panton,PV,SUN,2016,4
60561.0,Cedartown Battery Energy Storage Project,BA,MWH,2015,1
60559.0,Marquette Energy Center,IC,NG,2017,51
60558.0,Solar Blythe 2,PV,SUN,2017,20
60557.0,Peanut Solar,PV,SUN,9999,5
60556.0,Selmer II,PV,SUN,2016,8
60555.0,Selmer I,PV,SUN,2016,16
60554.0,Hazlehurst II,PV,SUN,2016,52
60553.0,Southerland Farm Solar,PV,SUN,2016,5
60552.0,Hattiesburg Solar Farm,PV,SUN,2017,50
60549.0,"ZV Solar 3, LLC",PV,SUN,2016,5
60548.0,"NorWest Energy 2, LLC",PV,SUN,2016,9
60547.0,GMP Solar - Richmond,PV,SUN,2016,1
60546.0,KIUC Kapaia PV and BA Storage Project,PV,SUN,2017,28
60545.0,"Grant Plains Wind, LLC",WT,WND,2016,147
60544.0,Tri-County Solar Facility,PV,SUN,2016,1
60542.0,158th Fighter Wing Solar Farm,PV,SUN,2011,1
60541.0,Wind GEM,WT,WND,2015,1
60540.0,Innovative Solar 31,PV,SUN,2017,35
60539.0,Innovative Solar 42,PV,SUN,2017,71
60538.0,"Langdon Solar Farm, LLC",PV,SUN,2015,5
60537.0,Limerick Road Solar Farm,PV,SUN,2013,2
60536.0,UA Central Utility Plant,GT,NG,2016,5
60535.0,"Saluda Solar, LLC",PV,SUN,2016,6
60534.0,West Waconia Solar,PV,SUN,2016,8
60533.0,West Faribault Solar,PV,SUN,2016,5
60532.0,Waseca Solar,PV,SUN,2016,10
60531.0,Pine Island Solar,PV,SUN,2016,4
60530.0,Paynesville Solar,PV,SUN,2016,10
60529.0,Montrose Solar,PV,SUN,2016,3
60528.0,Lawrence Creek Solar,PV,SUN,2016,3
60527.0,Lake Pulaski Solar,PV,SUN,2016,7
60526.0,Lake Emily Solar,PV,SUN,2016,4
60525.0,Hastings Solar,PV,SUN,2016,4
60524.0,Eastwood Solar,PV,SUN,2016,5
60523.0,Dodge Center Solar,PV,SUN,2016,6
60522.0,Chisago Solar,PV,SUN,2016,6
60521.0,Atwater Solar,PV,SUN,2016,4
60520.0,Annandale Solar,PV,SUN,2016,6
60519.0,Albany Solar,PV,SUN,2016,10
60518.0,Stafford Hill Solar,BA,MWH,2015,4
60516.0,Granger,PV,SUN,2016,3
60514.0,Seminole,PV,SUN,2014,1
60511.0,Clear Spring Ranch PV Project,PV,SUN,2016,10
60509.0,Valley Center,PV,SUN,2016,3
60506.0,ETT Presidio NaS Battery,BA,MWH,2010,4
60502.0,"Tyler Bluff Wind Project, LLC",WT,WND,2016,125
60501.0,Hartz Way,PV,SUN,2010,1
60500.0,Westside Avenue,PV,SUN,2011,1
60499.0,Jefferson Avenue,PV,SUN,2009,1
60498.0,Shirley Water,PV,SUN,2016,2
60497.0,SR Skylark B,PV,SUN,2016,2
60496.0,MEBA,PV,SUN,2014,1
60495.0,Little Bay,PV,SUN,2014,1
60494.0,Hampden,PV,SUN,2015,3
60493.0,Rising Paper,PV,SUN,2016,2
60492.0,Rail Trail,PV,SUN,2016,2
60490.0,Redwood 4 Solar Farm,PV,SUN,2017,20
60489.0,Hamilton Solar-Crosswicks,PV,SUN,2011,7
60487.0,"River Road Solar, LLC",PV,SUN,2016,5
60486.0,Greenfield Wind - MT,WT,WND,2016,25
60485.0,"Longboat Solar, LLC",PV,SUN,2016,20
60484.0,"Williamston West Farm, LLC",PV,SUN,2016,4
60481.0,"Bayshore Solar A, LLC",PV,SUN,2017,20
60480.0,"Germantown Solar, LLC",PV,SUN,2015,2
60478.0,Bethlehem - West,PV,SUN,2016,1
60477.0,Bethlehem - East,PV,SUN,2016,1
60476.0,Westport MA 2,PV,SUN,2016,1
60475.0,"Bayshore Solar C, LLC",PV,SUN,2017,20
60474.0,"Bayshore Solar B, LLC",PV,SUN,2017,20
60473.0,Westport MA 1,PV,SUN,2016,1
60472.0,CPS 1,PV,SUN,2016,1
60470.0,Paulding Wind Farm III,WT,WND,2016,100
60469.0,Solar Glynn,PV,SUN,2016,18
60467.0,Red Rock,PV,SUN,2017,40
60465.0,Chesapeake College,PV,SUN,2016,1
60462.0,Onondaga County- Clearwater,PV,SUN,2017,2
60461.0,The Clorox Company,PV,SUN,2016,1
60460.0,Chamon Power LLC,GT,NG,2017,100
60459.0,Port Comfort Power LLC,GT,NG,2017,100
60458.0,Hardwick-Athol & Eagle Hill,PV,SUN,2015,2
60457.0,Athens Energy,OT,WDS,2016,8
60456.0,Oneida - West,PV,SUN,2015,1
60455.0,Oneida - South,PV,SUN,2015,1
60454.0,Houghton,PV,SUN,2015,2
60453.0,"Cummins, Inc",PV,SUN,2015,2
60452.0,Calverton,PV,SUN,2015,3
60451.0,Brookside,PV,SUN,2015,1
60450.0,Corcoran,PV,SUN,2014,1
60449.0,Pavant Solar II LLC,PV,SUN,2016,50
60448.0,Valdosta,PV,SUN,2013,1
60447.0,Presbyterian Senior Living Service,PV,SUN,2013,1
60446.0,E&B Resources,PV,SUN,2013,1
60445.0,ID Solar,PV,SUN,2016,40
60444.0,Glacier Battery Storage,BA,MWH,2016,2
60443.0,Wareham MA 1,PV,SUN,2016,2
60442.0,Carver MA 1,PV,SUN,2016,2
60441.0,Salem Smart Power Center,BA,MWH,2013,5
60438.0,Whitakers Farm (Fisher Rd),PV,SUN,2016,3
60437.0,Bernards Solar,PV,SUN,2016,3
60436.0,East Pecos Solar,PV,SUN,2017,118
60435.0,Crane Solar Facility,PV,SUN,2017,17
60432.0,Three Peaks Power,PV,SUN,2016,80
60431.0,Tompkins Cortland Community College,PV,SUN,2015,2
60428.0,CA Dept of Public Health at Richmond,PV,SUN,2017,2
60427.0,CoServ Solar Station,PV,SUN,2015,2
60426.0,RCWD PV Project,PV,SUN,2016,5
60425.0,Skidmore College,PV,SUN,2014,2
60424.0,West Bridgewater AB CSG,PV,SUN,2017,1
60423.0,Fairhaven C,PV,SUN,2017,1
60422.0,Morgan's Corner,PV,SUN,2015,20
60421.0,Veyo Heat Recovery Project,ST,WH,2016,9
60419.0,Don A Campbell 2 Geothermal,BT,GEO,2015,25
60417.0,Modlin Solar Farm,PV,SUN,2016,4
60416.0,"Maxton Solar, LLC",PV,SUN,2016,4
60415.0,"Hardison Farm Solar, LLC",PV,SUN,2016,5
60414.0,Bethel Wind Farm LLC,WT,WND,2017,276
60413.0,Bonnybrooke PV,PV,SUN,2016,50
60412.0,Munro Valley Solar,PV,SUN,2016,4
60411.0,"Coventry Photovoltaic, LLC",PV,SUN,2014,2
60410.0,"Sullivan Solar, LLC",PV,SUN,2016,5
60409.0,"South Winston Farm, LLC",PV,SUN,2016,5
60408.0,"Nash 97 Solar, LLC",PV,SUN,2016,5
60406.0,"Roswell Solar, LLC",PV,SUN,2016,70
60405.0,"Chaves Solar, LLC",PV,SUN,2016,70
60404.0,Pisgah Mountain Wind,WT,WND,2016,9
60403.0,"Currin Solar, LLC",PV,SUN,2015,5
60402.0,"CB Bladen Solar, LLC",PV,SUN,2016,5
60401.0,"Bizzell Church Solar 1, LLC",PV,SUN,2015,5
60400.0,"Exum Farm Solar, LLC",PV,SUN,2016,4
60399.0,"Lincoln Solar, LLC (NC)",PV,SUN,2016,4
60398.0,Innovative Solar 65,PV,SUN,2016,4
60397.0,"Kennedy Solar, LLC",PV,SUN,2017,4
60396.0,"St. Pauls Solar 1, LLC",PV,SUN,2017,4
60395.0,MC1 Solar,PV,SUN,2016,5
60392.0,Pfizer Groton Fuel Cell,FC,NG,2016,4
60391.0,SJA Solar LLC-Solterra Monastery,PV,SUN,2016,20
60390.0,Beech Ridge Energy Storage,BA,MWH,2015,31
60389.0,RE Barren Ridge 1,PV,SUN,2016,60
60388.0,Granger Energy of Morgantown,IC,LFG,2016,1
60387.0,Invenergy Nelson Expansion LLC,GT,NG,9999,380
60386.0,RE Garland A,PV,SUN,2016,20
60385.0,Santa Rita Jail Fuel Cell,FC,NG,2016,1
60384.0,Hertford Solar Farm,PV,SUN,2016,5
60383.0,Monroe Solar Facility,PV,SUN,2017,60
60381.0,Sulphur Springs,PV,SUN,2016,20
60380.0,"Shoe Creek Solar, LLC",PV,SUN,2017,65
60379.0,Duroc Holdings,PV,SUN,9999,5
60378.0,NHA at Mansfield NJ,PV,SUN,2016,5
60375.0,ILR Landfill,PV,SUN,2016,7
60373.0,SunCoke Energy South Shore Facility,ST,BIT,9999,90
60372.0,Lamesa Solar,PV,SUN,2017,200
60371.0,Legoland Solar,PV,SUN,2016,1
60370.0,"Flint Hill Solar, LLC",PV,SUN,2016,5
60369.0,Battleboro Farm,PV,SUN,2016,5
60367.0,"Snow Camp Solar, LLC",PV,SUN,2016,5
60366.0,Old Settler Wind,WT,WND,2017,151
60365.0,Vulcraft Solar,PV,SUN,2013,1
60363.0,"White Farm Solar, LLC",PV,SUN,2016,5
60362.0,Magic Valley Wind Farm III LLC,WT,WND,9999,200
60361.0,Wortham Solar Farm,PV,SUN,2016,5
60355.0,Brady Wind Energy Center,WT,WND,2016,150
60354.0,Brady II Wind Energy Center,WT,WND,2016,150
60353.0,Cecil County CCVT HS,PV,SUN,2015,2
60352.0,"Boulder Solar Power, LLC",PV,SUN,2016,100
60351.0,Bison Solar LLC,PV,SUN,2016,30
60350.0,"NRG Solar Las Vegas MB 2, LLC",PV,SUN,2016,1
60349.0,"Hill AFB LFG Facility, Bldg #737",IC,LFG,2005,1
60348.0,O'Shea Solar Farm,PV,SUN,2017,2
60347.0,Turrill Solar Farm,PV,SUN,2017,19
60346.0,Demille Solar Farm,PV,SUN,2017,28
60344.0,Sudbury Solar,PV,SUN,2016,2
60342.0,Ida Grove Wind,WT,WND,2016,493
60341.0,Wal-Mart Truth or Consequences PV,PV,SUN,2015,1
60340.0,Albany Green Energy,ST,WDS,2017,54
60339.0,Horse Creek Wind Farm,WT,WND,2016,230
60338.0,Electra Wind Farm,WT,WND,2016,230
60337.0,Providence Solar,PV,SUN,2017,16
60335.0,"Vale Air Solar Center, LLC",PV,SUN,2016,10
60334.0,"Thunderegg Solar Center, LLC",PV,SUN,2016,10
60333.0,"Railroad Solar Center, LLC",PV,SUN,2016,4
60332.0,"Open Range Solar Center, LLC",PV,SUN,2016,10
60331.0,"Hyline Solar Center, LLC",PV,SUN,2016,9
60330.0,"Grove Solar Center, LLC",PV,SUN,2016,6
60329.0,"Ringer Hill Wind Farm, LLC",WT,WND,2016,39
60327.0,East Amwell,PV,SUN,2016,1
60326.0,O'Brien Wind,WT,WND,2016,464
60321.0,Windpark Unlimited 2,WT,WND,1985,16
60320.0,"Jeffco CSG, LLC",PV,SUN,2016,1
60319.0,Whitehouse Solar Farm,PV,SUN,2016,20
60318.0,Woodland Solar Farm,PV,SUN,2016,19
60316.0,Scott Solar Farm,PV,SUN,2016,17
60314.0,Prairie Breeze III,WT,WND,2016,35
60313.0,"Augustus Farm, LLC",PV,SUN,2015,4
60312.0,"Howell Midland Farm, LLC",PV,SUN,2015,4
60311.0,"Portal Ridge Solar C, LLC",PV,SUN,2017,11
60310.0,"Portal Ridge Solar B, LLC",PV,SUN,2017,20
60308.0,"Mesquite Solar 3, LLC",PV,SUN,2016,150
60307.0,"Mesquite Solar 2, LLC",PV,SUN,2016,100
60306.0,Sumrall I Solar Farm,PV,SUN,2017,52
60305.0,High Pockets Solar,PV,SUN,9999,1
60304.0,"San Isabel Solar, LLC",PV,SUN,2016,30
60303.0,Sumrall II Solar Farm,PV,SUN,2017,52
60300.0,Montana Solar Facility,PV,SUN,2017,3
60299.0,HMV Minster Energy Storage System,BA,MWH,2016,7
60297.0,Clinton Battery,BA,MWH,2016,10
60295.0,Crimson Solar,PV,SUN,9999,5
60294.0,Crawford Solar,PV,SUN,9999,5
60293.0,St. Matthews Solar,PV,SUN,2017,10
60292.0,Whiteville Solar 2,PV,SUN,9999,5
60291.0,Trinity Solar,PV,SUN,9999,5
60290.0,Jester Solar,PV,SUN,9999,5
60288.0,Ajax Solar,PV,SUN,2017,5
60286.0,Climax Solar,PV,SUN,9999,5
60285.0,Red Horse III,PV,SUN,2016,30
60284.0,Organ Church Solar,PV,SUN,9999,5
60283.0,SR Mavericks,PV,SUN,2016,7
60281.0,Central Antelope Dry Ranch B LLC,PV,SUN,2017,3
60280.0,Summer Solar LLC,PV,SUN,2016,20
60279.0,Antelope Big Sky Ranch,PV,SUN,2016,20
60278.0,Southbridge Solar,PV,SUN,2016,1
60277.0,Castor Solar,PV,SUN,2016,1
60276.0,West Groton CHP,GT,NG,2015,4
60275.0,Westside Solar Power PV1,PV,SUN,2016,2
60274.0,"CED Westfield Solar, LLC",PV,SUN,2016,2
60269.0,"Tex-Mex Renewable Energy Project, LLC",WT,WND,9999,80
60267.0,Sharon Station,PV,SUN,2016,2
60266.0,Cedar Branch,PV,SUN,2016,5
60265.0,Junction Road,PV,SUN,2016,4
60263.0,Durham AWTF,IC,OBG,2015,0
60262.0,Prairie Breeze II,WT,WND,2015,73
60261.0,Playa Solar 2,PV,SUN,2017,100
60260.0,Brevig Mission,IC,DFO,2010,0
60259.0,"Pioneer Wind Park, LLC",WT,WND,2016,80
60258.0,Alta Luna,PV,SUN,2017,28
60257.0,Stainback Solar Farm,PV,SUN,2016,5
60256.0,Bluestem,WT,WND,2016,198
60255.0,Weymouth Solar Plant,PV,SUN,2016,3
60253.0,IMPA Anderson Solar Park,PV,SUN,2017,5
60252.0,IMPA Washington Solar Park,PV,SUN,2016,4
60251.0,IMPA Huntingburg Solar Park,PV,SUN,2016,2
60250.0,Swampy Acres,IC,DFO,2002,8
60249.0,Silicon Valley Clean Water,IC,OBG,2015,1
60248.0,Skylark,PV,SUN,2015,4
60247.0,Valley View Solar,PV,SUN,2015,4
60246.0,Michigan Wind 3,WT,WND,9999,152
60245.0,New Stuyahok,IC,DFO,2003,0
60244.0,Marshall,IC,DFO,1994,0
60243.0,Ambler,IC,DFO,1990,0
60242.0,"Algonquin SKIC 10 Solar, LLC",PV,SUN,2017,10
60241.0,Union Renewable Energy Facility,IC,LFG,2015,2
60240.0,"Yanceyville Farm 3, LLC",PV,SUN,2015,4
60239.0,"Pastime Farm, LLC",PV,SUN,2015,5
60238.0,"McDonald Solar Farm, LLC",PV,SUN,2015,5
60237.0,Midway Solar Farm II,PV,SUN,2017,30
60236.0,Onancock Diesel Generation Facility,IC,DFO,2002,4
60235.0,Perdue Diesel Generation Facility,IC,DFO,2002,4
60234.0,Belle Haven Diesel Generation Facility,IC,DFO,2002,4
60233.0,RE Garland,PV,SUN,2016,185
60231.0,Genentech-Oceanside,PV,SUN,2016,6
60229.0,Orange County Solar Farm (NY),PV,SUN,2017,1
60228.0,Conn Mun Electric Energy Coop,PV,SUN,2016,1
60227.0,BJ's Wholesale Club Inc Dist Center,PV,SUN,2016,1
60226.0,"Rancho Seco Solar, LLC",PV,SUN,2016,10
60225.0,CMEEC - Bozrah,PV,SUN,2016,2
60224.0,Intel Santa Clara,FC,NG,2015,1
60223.0,Equinix San Jose,FC,NG,2015,1
60222.0,Bristol Plant,IC,LFG,2015,0
60220.0,Zero Waste Energy Development Co LLC,IC,OBG,2015,0
60219.0,Strata Roof 1,PV,SUN,2013,1
60218.0,Frontier Windpower,WT,WND,2016,200
60217.0,Rocksprings,WT,WND,2017,149
60216.0,ESS Lewes,BA,MWH,9999,8
60213.0,NA 1(Hagerstown),BA,MWH,2017,2
60210.0,Cotton Plains Wind Farm,WT,WND,2017,50
60209.0,HXNAir Solar One,PV,SUN,2017,5
60208.0,"Long Farm 46 Solar, LLC",PV,SUN,2016,5
60207.0,Hemlock Solar,PV,SUN,2017,5
60203.0,Wheaton Solar,PV,SUN,9999,3
60201.0,CES Cherry Hill Solar,PV,SUN,2016,1
60200.0,"Laurinburg Solar, LLC (Heelstone)",PV,SUN,2015,2
60199.0,"County Home Solar Center, LLC",PV,SUN,2016,2
60198.0,Rio Communities Solar Energy Center,PV,SUN,2015,10
60197.0,Santolina Solar Energy Center,PV,SUN,2015,10
60196.0,Santa Fe Solar Energy Center,PV,SUN,2015,9
60195.0,South Valley Solar Energy Center,PV,SUN,2015,10
60193.0,Whitethorn Solar LLC,PV,SUN,2016,3
60191.0,"TWE New Bern Solar Project, LLC",PV,SUN,2016,4
60190.0,HMW Minster PV I,PV,SUN,2015,3
60189.0,Sugar Run Solar,PV,SUN,2015,5
60188.0,Conetoe Solar,PV,SUN,2015,5
60187.0,Antelope DSR 2,PV,SUN,2016,5
60186.0,Antelope DSR 1,PV,SUN,2016,50
60185.0,Solverde 1,PV,SUN,2016,85
60184.0,ADS Renewable Energy-Wolf Creek LLC,IC,LFG,2011,2
60183.0,Freeway Springs,PV,SUN,2016,2
60182.0,Dulles,PV,SUN,2016,2
60179.0,Daystar Solar,PV,SUN,2017,5
60154.0,Buidling L,PV,SUN,2016,1
60153.0,Building G,PV,SUN,2016,1
60152.0,"Broadview Energy KW, LLC",WT,WND,2017,142
60151.0,Building F,PV,SUN,2016,1
60150.0,Cornell Geneva Solar Farm,PV,SUN,2015,2
60149.0,"Innovative Solar 43, LLC",PV,SUN,2016,50
60147.0,"Floyd Solar, LLC",PV,SUN,2016,6
60146.0,"Cohen Farm Solar, LLC",PV,SUN,2016,6
60145.0,"Broadview Energy JN, LLC",WT,WND,2017,181
60144.0,"Baltimore Church Solar, LLC",PV,SUN,9999,4
60143.0,Peak View Wind Farm,WT,WND,2016,60
60142.0,Lemoore 1,PV,SUN,2016,1
60137.0,Glasgow LFGTE,IC,LFG,2015,1
60136.0,"Elm Solar, LLC",PV,SUN,2015,5
60135.0,"Cedar Solar, LLC",PV,SUN,2015,5
60134.0,"Nashville Farms, LLC",PV,SUN,2015,2
60133.0,"Morgan Farm, LLC",PV,SUN,2015,5
60132.0,New Creek Wind,WT,WND,2016,103
60131.0,Durham Solar,PV,SUN,2015,3
60130.0,Big Sand Draw Plant,IC,NG,2015,5
60129.0,"Red Toad 1425 A Powatan Road, LLC",PV,SUN,2015,2
60128.0,Zephyr Wind,WT,WND,2015,3
60127.0,"Eastern Shore Solar, LLC",PV,SUN,2016,80
60126.0,Harpster Wind,WT,WND,2016,1
60124.0,Goldfinch,PV,SUN,2016,3
60122.0,Colorado Bend II,CT,NG,2017,1228
60121.0,"HCE Johnston I, LLC",PV,SUN,2015,2
60120.0,UCI Fuel Cell,FC,NG,2015,1
60119.0,Granby Hydro,HY,WAT,2016,1
60118.0,Grand Valley Solar Gardens,PV,SUN,2016,3
60117.0,Western Michigan Solar Gardens,PV,SUN,2016,1
60116.0,"BJ's Wholesale Club, Inc- Uxbridge",PV,SUN,2017,1
60115.0,Town of Halfmoon,PV,SUN,2017,1
60114.0,Oneida County- DPW,PV,SUN,2017,1
60113.0,Jackson Board of Education-Liberty HS,PV,SUN,2016,1
60112.0,Oregon Convention Center,PV,SUN,2016,1
60111.0,Williamsburg Solar LLC VNEM,PV,SUN,2016,2
60110.0,Town of Needham VNEM,PV,SUN,2016,3
60109.0,UDR Glastonbury Fuel Cell,FC,NG,2016,3
60108.0,"SID Solar I, LLC",PV,SUN,2015,5
60107.0,"York Road Solar I, LLC",PV,SUN,2015,2
60106.0,"Rockingham Solar, LLC",PV,SUN,2015,5
60105.0,"Lafayette Solar I, LLC",PV,SUN,2015,2
60104.0,"Javelina Wind Energy, LLC",WT,WND,2015,249
60102.0,Lorin Industries,IC,NG,1990,0
60101.0,"Shelby Randolph Road Solar 1, LLC",PV,SUN,2015,2
60100.0,Dinuba Energy,ST,WDS,1985,11
60099.0,"Hewlett-Packard (HP) - Andover, MA",PV,SUN,2017,1
60098.0,Onondaga County - Oak Orchard WWTP,PV,SUN,2017,2
60097.0,Onondaga County - Metro Water Board,PV,SUN,2016,1
60096.0,Town of Chestertown- Chestertown WWTP,PV,SUN,2015,1
60093.0,"Blythe Solar 110, LLC",PV,SUN,2016,108
60092.0,"Blythe Solar II, LLC",PV,SUN,2016,130
60091.0,"Kingbird B Solar, LLC",PV,SUN,2016,20
60090.0,Wallace Solar 2,PV,SUN,9999,1
60089.0,Elkton Solar,PV,SUN,2015,1
60088.0,Sunflower Wind Project,WT,WND,2016,104
60087.0,South Plains II,WT,WND,2016,300
60086.0,US-TOPCO (Soccer Center),PV,SUN,2016,3
60085.0,AVS Lancaster 1,PV,SUN,2016,3
60084.0,PCA-Valdosta Mill,ST,BLQ,1954,69
60083.0,Fresno Solar,PV,SUN,2015,2
60082.0,"White Oak Solar, LLC",PV,SUN,2016,76
60081.0,CED Ducor 4,PV,SUN,2016,20
60080.0,CED Ducor 3,PV,SUN,2016,15
60079.0,CED Ducor 2,PV,SUN,2016,20
60078.0,CED Ducor 1,PV,SUN,2016,20
60077.0,CED Avenal,PV,SUN,2017,15
60076.0,Palmer Landfill,PV,SUN,2016,4
60075.0,Fisher Road Solar,PV,SUN,2015,4
60074.0,North Adams Landfill,PV,SUN,2015,2
60073.0,Leominster,PV,SUN,2015,2
60072.0,Neisler Street Solar,PV,SUN,2015,2
60071.0,Perry Solar Facility,PV,SUN,2016,5
60069.0,"Cedar Bluff Wind, LLC",WT,WND,2015,198
60068.0,Grand View Solar Two,PV,SUN,2016,80
60067.0,BWC Swan Pond River,PV,SUN,2015,1
60065.0,"Federal Road Solar 1, LLC",PV,SUN,2015,4
60064.0,"White Pine Solar, LLC",PV,SUN,2016,101
60063.0,"Live Oak Solar, LLC",PV,SUN,2016,51
60062.0,Avalon Solar II,PV,SUN,2016,16
60061.0,Citrus Solar Energy Center,PV,SUN,2016,74
60060.0,Lindberg FIeld Solar,PV,SUN,2015,2
60059.0,Los Vientos V Wind Power,WT,WND,2015,110
60058.0,"River Bend Solar, LLC",PV,SUN,2016,75
60057.0,"Steel Bridge Solar, LLC",PV,SUN,2016,2
60056.0,"Syncarpha Palmer, LLC",PV,SUN,2015,4
60055.0,Innovative Solar 16,PV,SUN,2015,2
60054.0,UI RCP Bridgeport Seaside,FC,NG,2015,4
60053.0,"Innovative Solar 63, LLC",PV,SUN,2016,4
60052.0,"Innovative Solar 26, LLC",PV,SUN,2015,1
60051.0,"Innovative Solar 18, LLC",PV,SUN,2015,1
60050.0,Innovative Solar 10,PV,SUN,2015,1
60049.0,Golden Hills Wind,WT,WND,2015,85
60048.0,"TWE Chocowinity Solar, LLC",PV,SUN,2015,4
60047.0,Middlebury Solar,PV,SUN,2012,1
60046.0,Portage Solar,PV,SUN,2012,1
60043.0,"Cuyama Solar, LLC",PV,SUN,2017,40
60040.0,UI RCP New Haven Fuel Cell,FC,NG,2015,2
60039.0,Frontier Solar LLC,PV,SUN,2016,20
60038.0,Owens Corning Headquarters,PV,SUN,2015,2
60036.0,CCBC-Catonsville,PV,SUN,2015,1
60035.0,Tequesquite Landfill Solar PV Project,PV,SUN,2015,7
60033.0,"CA Flats Solar 130, LLC",PV,SUN,2017,130
60032.0,SunE Rochester,PV,SUN,2016,1
60031.0,SunE Redlands,PV,SUN,9999,1
60029.0,CES VMT Solar,PV,SUN,2015,1
60027.0,Adera Solar,PV,SUN,2015,20
60026.0,Little Rock Pham Solar,PV,SUN,2015,3
60025.0,Eight Flags Energy,GT,NG,2016,21
60023.0,SR Jenkins Ft Lupton,PV,SUN,2016,13
60022.0,Oxford,PV,SUN,2014,2
60021.0,MESA 2,BA,MWH,2017,2
60019.0,Greenwood Solar Farm,PV,SUN,2016,1
60018.0,Ford World Headquarters,PV,SUN,2015,1
60017.0,Domino Farms Solar,PV,SUN,2015,1
60016.0,MESA 1,BA,MWH,2015,2
60015.0,Findlay Wind Farm,WT,WND,2015,3
60014.0,Manatee Solar Energy Center,PV,SUN,2016,74
60013.0,"Grant Wind, LLC",WT,WND,2016,151
60012.0,American Falls Solar II,PV,SUN,2017,20
60011.0,American Falls Solar,PV,SUN,2017,20
60010.0,Orchard Ranch Solar,PV,SUN,2017,20
60009.0,Murphy Flat Solar,PV,SUN,2017,20
60008.0,Hooper Solar,PV,SUN,2015,52
60007.0,Morelos del Sol,PV,SUN,2015,15
60006.0,FIU Solar,PV,SUN,2016,1
60005.0,Daytona International Speedway Solar,PV,SUN,2016,1
60004.0,Clarkstown Landfill Solar Facility,PV,SUN,2014,2
60001.0,Vaughn Creek PV1,PV,SUN,2017,20
60000.0,Turkey Creek PV1,PV,SUN,2017,13
59999.0,Ouchchy PV1,PV,SUN,2015,3
59995.0,AEP Milton NaS,BA,MWH,2009,2
59994.0,RE Roserock,PV,SUN,2016,160
59993.0,Babcock Solar Energy Center,PV,SUN,2016,74
59990.0,Johnson Co. Solar RES,PV,SUN,2016,1
59989.0,Jackson Co. Solar RES,PV,SUN,2017,1
59988.0,Decatur Co. Solar RES (IN),PV,SUN,2017,1
59987.0,Spring Mill Solar RES,PV,SUN,2017,1
59986.0,Henryville Solar RES,PV,SUN,2016,1
59985.0,Ellettsville Solar RES,PV,SUN,2016,1
59984.0,Lanesville Solar RES,PV,SUN,2015,1
59983.0,New Haven Solar RES,PV,SUN,2016,1
59982.0,Scotland Solar RES,PV,SUN,2015,1
59981.0,New Castle Solar RES,PV,SUN,2016,1
59980.0,Mashpee Landfill Solar,PV,SUN,2014,1
59979.0,"Columbia Solar Energy, LLC",PV,SUN,2015,19
59978.0,"Enerparc CA2, LLC",PV,SUN,2016,1
59977.0,RE Astoria 2,PV,SUN,2016,75
59976.0,RE Astoria,PV,SUN,2016,100
59975.0,Carousel Wind Farm LLC,WT,WND,2015,150
59974.0,Golden West Power Partners LLC,WT,WND,2015,250
59973.0,Walt Disney World Solar Facility,PV,SUN,2016,4
59968.0,"Desert Wind Farm, LLC",WT,WND,2016,208
59967.0,Pepperidge Farm Bloomfield,FC,NG,2008,2
59966.0,Camp Lejeune Solar,PV,SUN,2015,12
59965.0,Latigo Wind Park,WT,WND,2016,62
59964.0,Elevation Solar C,PV,SUN,2016,40
59963.0,Central Antelope Dry Ranch C,PV,SUN,2016,20
59962.0,North Lancaster Ranch,PV,SUN,2016,20
59961.0,Western Antelope Blue Sky B,PV,SUN,2016,20
59960.0,Jake Energy Storage Center,BA,MWH,2015,19
59959.0,Elwood Energy Storage Center,BA,MWH,2015,19
59958.0,Milford 2,PV,SUN,2015,3
59957.0,Grand Ridge Battery Projects,BA,MWH,2013,32
59956.0,ESA Selma,PV,SUN,2015,1
59955.0,Smithfield,PV,SUN,2015,1
59954.0,Osceola Solar Facility,PV,SUN,2016,3
59952.0,Potrero Hills Energy Producers,IC,LFG,2016,5
59950.0,Yadkinville Solar,PV,SUN,2015,3
59949.0,AES Warrior Run Energy Storage Project,BA,MWH,2015,11
59948.0,Bakersfield 111,PV,SUN,2015,1
59947.0,SR Camden,PV,SUN,2015,12
59946.0,"Granite Mountain Solar East, LLC",PV,SUN,2016,80
59945.0,"Granite Mountain Solar West, LLC",PV,SUN,2016,50
59944.0,"Conetoe II Solar, LLC",PV,SUN,2015,80
59943.0,Rattlesnake Den,WT,WND,2015,207
59942.0,Morgan Lancaster 1,PV,SUN,2015,1
59941.0,"Iron Springs Solar, LLC",PV,SUN,2016,80
59940.0,"Great Valley Solar Portfolio Holdings, LLC",PV,SUN,2017,100
59939.0,RE Tranquillity,PV,SUN,2016,205
59938.0,Sky Global Power One,IC,NG,2016,48
59937.0,"Coats Solar Farm, LLC",PV,SUN,2016,5
59936.0,Meadowbrook Solar Farm,PV,SUN,2016,5
59932.0,Fiddler's Canyon 3,PV,SUN,2015,3
59931.0,FCPC Renewable Generation,IC,OBG,2013,2
59930.0,"BG Stewart Solar Farm, LLC",PV,SUN,2015,5
59929.0,"Cline Solar Farm, LLC",PV,SUN,2017,5
59928.0,"Vance Solar Farm, LLC",PV,SUN,2016,5
59927.0,Hunt Road Solar,PV,SUN,2016,4
59926.0,Alpine Power Plant,GT,NG,2016,452
59925.0,Sonoran Energy Project,CS,NG,9999,553
59922.0,South Campus Solar,PV,SUN,2011,0
59921.0,Lillington Solar,PV,SUN,2017,5
59920.0,Smithfield Solar LLC,PV,SUN,9999,5
59919.0,Nellis Solar PV II,PV,SUN,2015,15
59917.0,Pollocksville Solar,PV,SUN,2016,5
59916.0,SunE- E Philadelphia Ontario,PV,SUN,2016,1
59915.0,Oro Loma,PV,SUN,2017,20
59914.0,Crestwood Solar Center LLC,PV,SUN,2016,5
59912.0,Freemont Solar Center LLC,PV,SUN,2016,5
59911.0,Philip Morris,PV,SUN,2016,2
59908.0,Mount Olive Solar,PV,SUN,2016,2
59905.0,Merck,PV,SUN,2017,2
59904.0,Western Branch High School,PV,SUN,2016,1
59901.0,Albertson Solar LLC,PV,SUN,2015,5
59900.0,Corcoran Solar 3,PV,SUN,2016,20
59899.0,"Choco Solar, LLC",PV,SUN,2014,5
59898.0,"SunEnergy1-Scotland Neck, LLC",PV,SUN,2014,3
59897.0,Taylor County Solar,PV,SUN,2016,148
59896.0,Butler Solar Project 103,PV,SUN,2016,103
59895.0,Louisburg Solar,PV,SUN,9999,5
59894.0,Pawpaw Solar Plant,PV,SUN,2016,30
59892.0,Hopeful Solar LLC,PV,SUN,9999,20
59891.0,Butler Solar Farm 20,PV,SUN,2016,20
59888.0,CP Bloom Wind LLC,WT,WND,2017,178
59887.0,"Beaufort Solar, LLC",PV,SUN,2015,15
59883.0,Thermo Solar PV-01,PV,SUN,9999,2
59877.0,Riverside RWQCP Fuel Cell,FC,OBG,2016,1
59875.0,Marshall Solar Energy Project,PV,SUN,2017,62
59874.0,Richland Solar Center,PV,SUN,2015,20
59873.0,Lowell Solar Landfill,PV,SUN,2013,1
59872.0,UC Davis South Campus,PV,SUN,2015,13
59868.0,Kingbird A Solar LLC,PV,SUN,2016,20
59867.0,Lockheed Martin Solar System,PV,SUN,2015,1
59866.0,Palmer Solar LLC,PV,SUN,2013,2
59865.0,Fort Stewart Solar Facility,PV,SUN,2016,30
59864.0,King's Bay Solar Facility,PV,SUN,2016,30
59863.0,Fort Gordon Solar Facility,PV,SUN,2016,30
59862.0,Fort Benning Solar Facility,PV,SUN,2015,30
59861.0,Twin Branch PV,PV,SUN,2016,2
59860.0,HP Hood CT,GT,NG,2015,15
59859.0,Texas Clean Energy Project,CT,OG,9999,400
59858.0,Johnston Solar,PV,SUN,2015,1
59857.0,"SoINCPower5, LLC",PV,SUN,2015,5
59856.0,"SoINCPower6, LLC",PV,SUN,2015,5
59855.0,Deer Creek PV,PV,SUN,2016,2
59854.0,OlivePV,PV,SUN,2016,5
59853.0,Watervliet PV,PV,SUN,2016,4
59852.0,North Star Solar Project,PV,SUN,2016,100
59850.0,Adams Community Solar Garden III LLC,PV,SUN,2015,1
59849.0,Adams Community Solar Garden LLC,PV,SUN,2015,1
59848.0,Pikes Peak Solar Garden 1 LLC,PV,SUN,2015,2
59847.0,Northwest Community Hospital,IC,NG,1996,4
59846.0,Caprock Solar 2 LLC,PV,SUN,9999,30
59845.0,New River,IC,LFG,2013,0
59844.0,Munich Re Plaza,PV,SUN,2012,1
59843.0,Georgia Power at Wadley GA,PV,SUN,2014,1
59842.0,CNE at Cambridge MD,PV,SUN,2015,3
59841.0,General Motors Corp at White Marsh MD,PV,SUN,2011,1
59840.0,Springbok Solar Farm 2,PV,SUN,2016,155
59839.0,Spring Hill Road,PV,SUN,2015,1
59838.0,Milo Wind Project LLC,WT,WND,2016,50
59837.0,Slate Creek Wind Project LLC,WT,WND,2015,150
59836.0,Twin Falls (WI),HY,WAT,2016,8
59835.0,Newton Grove,PV,SUN,2015,1
59834.0,Indy Grocers,PV,SUN,2015,1
59833.0,Laurinburg Solar,PV,SUN,2015,5
59832.0,Kinston Solar,PV,SUN,2015,5
59831.0,Royal Solar,PV,SUN,2015,4
59828.0,Balsam,PV,SUN,2015,5
59827.0,Playa Solar,PV,SUN,2017,79
59825.0,South Louisburg Solar,PV,SUN,2016,5
59824.0,Sweetgum Solar,PV,SUN,2015,5
59823.0,INDY III,PV,SUN,2015,2
59822.0,201 Sturbridge B,PV,SUN,2014,2
59821.0,205 Sturbridge A,PV,SUN,2014,3
59820.0,Hunt Farm Solar,PV,SUN,2013,3
59819.0,Mohave Electric at Fort Mohave,PV,SUN,2015,14
59818.0,Concord Farm,PV,SUN,2011,5
59817.0,Tooele Army Depot,WT,WND,2016,1
59816.0,Nanticoke LFG,IC,LFG,2006,4
59815.0,Granby LFG,IC,LFG,2001,3
59814.0,"Copper Mountain Solar 4, LLC",PV,SUN,2016,92
59813.0,Black Oak Wind Farm,WT,WND,9999,16
59812.0,Wolf Hollow II,CT,NG,2017,1231
59811.0,Rockfish Solar LLC,PV,SUN,2015,10
59810.0,Dairyland WTE Plant,IC,OBG,2012,0
59809.0,Mountain Home Energy Center,IC,NG,2002,5
59808.0,Munster Landfill Gas-to-Energy,IC,LFG,2012,1
59807.0,Airport 1 Solar (DIA),PV,SUN,2009,1
59805.0,Yahoo! - HQ,FC,NG,2014,1
59804.0,Starbucks - Evolution Fresh,FC,NG,2014,1
59803.0,Pixar - Emeryville,FC,NG,2014,1
59802.0,Maxim,FC,NG,2014,1
59801.0,IBM Southbury,FC,NG,2014,1
59800.0,Amazon San Bernardino,FC,NG,2014,1
59799.0,Foothill Solar Project,PV,SUN,9999,1
59798.0,Colon PV,PV,SUN,2015,1
59797.0,Bayonne MUA- Leitner-Poma Wind Turbine,WT,WND,2012,1
59796.0,Kelford,PV,SUN,2016,5
59795.0,Ahoskie,PV,SUN,9999,5
59794.0,Chicago West Side Energy Center,GT,NG,2003,3
59793.0,Industrial Plant,GT,DFO,2016,41
59792.0,Orchard Hills Renewable Energy Station,IC,LFG,2016,12
59791.0,Cabin Creek Renewable Energy Station,IC,LFG,9999,4
59790.0,Oregon University System Rabbit Field,PV,SUN,2014,1
59789.0,Millbrook School,PV,SUN,2015,1
59788.0,"Advance Stores Company, Inc",PV,SUN,2014,1
59787.0,Fiddler's Canyon #1,PV,SUN,2015,3
59786.0,Fiddler's Canyon #2,PV,SUN,2015,3
59785.0,"Fremont Community Digester, LLC",IC,OBG,2012,2
59784.0,Gila River Power Block 3,CT,NG,2003,619
59783.0,Croda Atlas Point CHP,IC,LFG,2013,2
59782.0,Waynoka Gas Processing Plant,IC,NG,2006,3
59781.0,Upper Blackstone (MA) Treasure Valley,PV,SUN,2014,5
59780.0,New Bedford (MA) Plymouth,PV,SUN,2014,4
59779.0,Davis Monthan AFB (AZ) West Airfield,PV,SUN,2014,12
59778.0,Eden Solar LLC,PV,SUN,2015,47
59777.0,RGS-Rutland VNM SREC II Project (MA),PV,SUN,2015,2
59776.0,Heartland Community College,WT,WND,2012,1
59775.0,Adams Farm Solar,PV,SUN,2013,3
59774.0,BioTown Ag,IC,OBG,2011,6
59773.0,Carroll County Energy,CT,NG,2017,831
59772.0,KCP&L SmartGrid Innovation Park,BA,MWH,2012,1
59771.0,Jefferson Solar Park,PV,SUN,2013,1
59770.0,IMPA Pendleton Solar Park,PV,SUN,2015,2
59769.0,TIA Solar,PV,SUN,2015,1
59768.0,Concord Solar Farm,PV,SUN,2014,1
59767.0,Chester Solar Farm,PV,SUN,2014,4
59766.0,Barre II Solar Project,PV,SUN,2014,1
59765.0,Stetson Road Solar - Barre I,PV,SUN,2014,2
59764.0,Oregon Clean Energy Center,CT,NG,2017,1061
59763.0,Robeson County LFG to Energy,IC,LFG,2012,2
59762.0,"Broadway Solar Center, LLC",PV,SUN,2014,5
59761.0,"Van Slyke Solar Center, LLC",PV,SUN,2014,5
59760.0,"Red Hill Solar Center, LLC",PV,SUN,2014,5
59759.0,Glades Pike Generation Plant,GT,LFG,2011,5
59755.0,Chester Power Partners,PV,SUN,2014,2
59754.0,Lakeland Electric Co. (FL) - Aiport II,PV,SUN,2012,3
59753.0,BlueWave Capital-Mattapoisett (SREC II),PV,SUN,9999,4
59752.0,BlueWave Capital - Grafton (SREC II),PV,SUN,2015,1
59751.0,"Wilzig Associates, LLC",PV,SUN,2013,1
59750.0,Bourne (MA) - Holliston I,PV,SUN,2014,2
59749.0,UMES (MD) - Princess Anne,PV,SUN,2011,2
59748.0,CDCR (CA) - Pleasant Valley State Prison,PV,SUN,2014,1
59747.0,River Mountains Solar,PV,SUN,2016,14
59746.0,DSH (CA) - Coalinga State Hospital,PV,SUN,2014,2
59745.0,Leominster (MA)-South Street-R&D,PV,SUN,2013,3
59744.0,Lakeland Electric Co. (FL)-Airport 1,PV,SUN,2011,2
59743.0,Chimes West Friendship (Nixon Farms),PV,SUN,2014,1
59742.0,Sunnyside Ranch Community Solar Array,PV,SUN,2015,1
59741.0,Barton Solar Farm,PV,SUN,2014,1
59740.0,SEPV Mojave West,PV,SUN,2016,20
59739.0,Lancaster WAD B,PV,SUN,2017,5
59738.0,Citizen B,PV,SUN,2015,5
59737.0,Aspiration G,PV,SUN,2017,9
59736.0,"Valentine Wind, LLC",WT,WND,2014,1
59735.0,Kirkwood Wind Turbine,WT,WND,2012,2
59734.0,Briscoe Wind Farm,WT,WND,2015,150
59733.0,Green Pastures Wind II,WT,WND,2015,150
59732.0,Green Pastures Wind I,WT,WND,2015,150
59731.0,Templeton,PV,SUN,2014,3
59730.0,SEPV 18,PV,SUN,2016,2
59729.0,Macon Solar Power Project,PV,SUN,2015,2
59728.0,Substation 20 Plant,GT,NG,2014,2
59727.0,Bull Street Plant,GT,NG,2005,2
59726.0,CML&P Generating Facility No. 2,IC,NG,2017,54
59725.0,Fairhaven Wind,WT,WND,2012,3
59724.0,Scituate Wind,WT,WND,2012,1
59723.0,Seville 2,PV,SUN,2015,30
59722.0,Seville 1,PV,SUN,2015,20
59719.0,Charlotte Solar LLC VT,PV,SUN,2014,2
59717.0,Framingham State University Plant,IC,DFO,1974,0
59716.0,"Neches Station, LLC",GT,NG,9999,464
59715.0,DD Hay Road Solar 23 LLC,PV,SUN,2015,1
59714.0,IKEA St. Louis 410,PV,SUN,2015,1
59713.0,Holdrege Solar Center,PV,SUN,2016,4
59712.0,"San Roman Wind I, LLC",WT,WND,2017,95
59711.0,"CII Methane Management IV, LLC",IC,LFG,2014,1
59710.0,Sand Valley Power Station,IC,LFG,2013,3
59709.0,St. Paul Intl Airport Red & Blue Parking,PV,SUN,2015,2
59708.0,Franklinton Solar,PV,SUN,2017,5
59706.0,BRE,PV,SUN,2015,5
59705.0,Steel Sun,PV,SUN,2016,2
59704.0,"JC-Biomethane, LLC",GT,OBG,2011,1
59703.0,"Cottonwood Solar, LLC Cottonwood Carport",PV,SUN,2016,1
59702.0,"Pavant Solar, LLC",PV,SUN,2015,50
59701.0,Subase Microgrid Project,IC,DFO,9999,8
59696.0,Pocatello Solar,PV,SUN,9999,20
59695.0,"Mt. Home Solar 1, LLC",PV,SUN,2017,20
59694.0,"Aspen Solar, LLC",PV,SUN,2015,5
59692.0,NBC Field's Point Wind Farm,WT,WND,2012,4
59691.0,Gulf Coast Solar Center III,PV,SUN,2017,50
59690.0,Gulf Coast Solar Center II,PV,SUN,2017,40
59689.0,Gulf Coast Solar Center I,PV,SUN,2017,30
59688.0,Wake County LFG Facility,IC,LFG,2013,0
59687.0,Sun Harvest Solar NDP1,PV,SUN,2015,1
59686.0,Sarasota County LFGTE Facility,IC,LFG,2015,3
59685.0,Remington Solar Facility,PV,SUN,2017,20
59684.0,"Lindahl Wind Project, LLC",WT,WND,2017,150
59683.0,GM Lordstown Assembly Solar Array,PV,SUN,2015,2
59682.0,Main Street Solar Project,PV,SUN,2014,1
59677.0,Innovative Solar 64,PV,SUN,2016,4
59676.0,Innovative Solar 55,PV,SUN,2017,6
59675.0,Innovative Solar 44,PV,SUN,2015,4
59671.0,Innovative Solar 46,PV,SUN,2016,78
59670.0,Innovative Solar 23,PV,SUN,2015,1
59668.0,Innovative Solar 53,PV,SUN,9999,40
59667.0,Innovative Solar 48,PV,SUN,2015,4
59666.0,Innovative Solar 47,PV,SUN,2017,33
59665.0,Innovative Solar 37,PV,SUN,2017,100
59664.0,City of West Plains Power Station,GT,NG,2000,46
59663.0,"Cornwall Solar Center, LLC",PV,SUN,2016,5
59661.0,Tehachapi Energy Storage Project,BA,MWH,2016,8
59660.0,Washington City Electric Generation,IC,NG,2007,6
59658.0,SPI Anderson 2,ST,WDS,2015,30
59657.0,"Imperial Valley Solar Co (IVSC) 2, LLC",PV,SUN,2015,20
59656.0,Comanche Solar,PV,SUN,2016,120
59655.0,Campbell County Wind Farm,WT,WND,2015,97
59654.0,Sendero,WT,WND,2015,78
59653.0,City of Truth or Consequences PV,PV,SUN,2015,1
59652.0,Nordhoff Place,PV,SUN,2014,1
59651.0,"Forever 21 Retail, Inc.",PV,SUN,2015,1
59650.0,CII Methane Management III LFG Plant,IC,LFG,2014,1
59649.0,Nelson Gardens Landfill Gas to Energy,IC,LFG,2014,4
59648.0,Tarboro Solar,PV,SUN,2016,5
59647.0,Stillwater Energy Center,IC,NG,2016,54
59646.0,FLS Solar 230 (Warren),PV,SUN,2015,4
59645.0,Mt Olive Solar 1,PV,SUN,2015,5
59643.0,Seaboard Solar LLC,PV,SUN,2016,5
59642.0,Gaston Solar,PV,SUN,2016,5
59641.0,Garysburg Solar,PV,SUN,2016,5
59639.0,Lightolier Wind I Turbine,WT,WND,2012,2
59638.0,Coronal Lost Hills,PV,SUN,2015,20
59637.0,Adams Wind,WT,WND,2015,153
59636.0,Charlton Solar I,PV,SUN,2014,4
59635.0,Clinton LFGTE,IC,LFG,2006,2
59634.0,Sandstone Solar,PV,SUN,2015,45
59633.0,Kettleman Solar -Centaurus,PV,SUN,2015,20
59632.0,Midwest Energy Community Solar Array,PV,SUN,2015,1
59631.0,Imclone Solar Electric Facility,PV,SUN,2014,8
59630.0,CentraState Medical Center PV Facility,PV,SUN,2014,5
59629.0,Jericho Rise Wind Farm LLC,WT,WND,2016,77
59628.0,Hanover,PV,SUN,2015,5
59627.0,Harmony,PV,SUN,2015,3
59626.0,Chicopee Granby Road Solar,PV,SUN,2015,1
59625.0,Chicopee River Solar,PV,SUN,2015,2
59624.0,Twiss Street Solar,PV,SUN,2015,1
59623.0,Clarkson Solar,PV,SUN,2014,2
59622.0,Future Generation Wind,WT,WND,2016,8
59621.0,TX Jumbo Road Wind,WT,WND,2015,299
59620.0,South Milford Solar Plant,PV,SUN,2015,2
59619.0,Cibola,PV,SUN,2015,7
59618.0,Meadow Lake Solar Energy Center,PV,SUN,2015,9
59614.0,Monterey Diesel Generation Facility,IC,DFO,2016,0
59613.0,Town of Williamson Landfill PV,PV,SUN,2014,1
59611.0,"LKL BLBD, LLC",PV,SUN,2015,6
59610.0,"AP North Lake I, LP",PV,SUN,2015,20
59609.0,Maricopa East Solar,PV,SUN,9999,18
59607.0,"Maricopa West Solar PV, LLC",PV,SUN,2015,20
59606.0,Soul City Solar,PV,SUN,2015,3
59605.0,Vicksburg Solar,PV,SUN,2015,5
59604.0,Stagecoach Solar,PV,SUN,2015,5
59603.0,Walters Solar (FLS 260),PV,SUN,2015,5
59601.0,L&D Landfill Solar,PV,SUN,2015,10
59600.0,Nicolis Solar PV Plant,PV,SUN,2016,20
59599.0,Tropico Solar PV Plant,PV,SUN,2016,14
59598.0,"Colton Solar Two, LLC",PV,SUN,2015,1
59597.0,"Colton Solar One, LLC",PV,SUN,2015,2
59595.0,Stikeleather Farm,PV,SUN,2015,5
59593.0,"Spring Valley Farm 2, LLC",PV,SUN,2017,5
59592.0,Sedberry Farm,PV,SUN,2016,5
59591.0,Schell Solar Farm,PV,SUN,2016,5
59589.0,Rutherford Farm,PV,SUN,2016,61
59587.0,Yadkin 601 Farm,PV,SUN,2015,3
59586.0,Woodland Church Farm,PV,SUN,2015,5
59584.0,Wellons Farm,PV,SUN,2015,5
59583.0,Tart Farm,PV,SUN,2016,5
59581.0,Stout Farm,PV,SUN,2014,5
59579.0,Franklin Solar 2,PV,SUN,2014,2
59578.0,Monroe Moore Farm,PV,SUN,2016,5
59577.0,Misenheimer Farm,PV,SUN,2015,5
59576.0,Millikan Farm,PV,SUN,2015,5
59575.0,Manway Solar Farm,PV,SUN,2015,5
59574.0,Southeast Berrien Generating Facility,IC,LFG,2009,4
59573.0,Tisbury Landfill Solar,PV,SUN,2014,1
59570.0,Mocksville Solar,PV,SUN,2016,15
59567.0,Bearford Farm Solar Project,PV,SUN,2017,5
59566.0,Ashley Solar Farm,PV,SUN,2015,4
59565.0,Keen Farm,PV,SUN,2015,5
59564.0,Hutchinson Farm,PV,SUN,2014,5
59563.0,Foxfire Solar Farm,PV,SUN,2015,5
59562.0,Eastover Farm,PV,SUN,2014,5
59561.0,Crockett Farm,PV,SUN,2014,5
59560.0,Springer Solar 1,PV,SUN,2015,1
59559.0,Clean Fuel Dane Community Digester,IC,OBG,2011,2
59558.0,Sandoval Solar Energy Center,PV,SUN,2014,6
59557.0,Apple Campus 2 Fuel Cell,FC,LFG,2017,4
59556.0,Dalton 2,PV,SUN,2014,6
59555.0,Vega Solar,PV,SUN,2015,20
59554.0,"Innovative Solar 15, LLC",PV,SUN,2014,2
59553.0,"Innovative Solar 14, LLC",PV,SUN,2014,2
59552.0,"FLS Solar 170, LLC",PV,SUN,2014,2
59551.0,"FLS Solar 200, LLC",PV,SUN,2014,4
59550.0,Putah Creek Solar Farm,PV,SUN,2014,2
59549.0,"Everetts Wildcat Solar, LLC",PV,SUN,2015,5
59548.0,"Creswell Alligood Solar, LLC",PV,SUN,2015,14
59547.0,Fowler Ridge IV Wind Farm LLC,WT,WND,2016,150
59546.0,Beaver Solar LLC,PV,SUN,2012,1
59545.0,Springfield Solar LLC,PV,SUN,2012,1
59544.0,Parlin Solar LLC,PV,SUN,2012,1
59543.0,Acton Solar Landfill,PV,SUN,2013,1
59542.0,Innovative Solar 6,PV,SUN,2016,3
59541.0,Terra Francesco,PV,SUN,2015,1
59540.0,Rancho Cucamonga Dist #1,PV,SUN,2015,1
59539.0,Park Meridian #1,PV,SUN,2015,1
59537.0,Coronus Adelanto West 2,PV,SUN,2015,1
59536.0,Coronus Adelanto West 1,PV,SUN,2015,1
59535.0,SR Hazlehurst,PV,SUN,2015,20
59534.0,4Oaks,PV,SUN,2015,5
59533.0,Princeton,PV,SUN,2015,5
59532.0,Springbok Solar Farm 1,PV,SUN,2016,105
59530.0,Pasquotank,PV,SUN,2014,20
59529.0,Bannock County LFG to Energy,IC,LFG,2014,1
59528.0,NRG Solar Oasis LLC,PV,SUN,2016,20
59527.0,Kelford,PV,SUN,2015,20
59526.0,Whitakers,PV,SUN,2015,12
59523.0,Five Points Solar Park,PV,SUN,2016,60
59522.0,Giffen Solar Park,PV,SUN,2017,20
59521.0,Little River PV 1,PV,SUN,2015,5
59519.0,Old Catawba PV 1,PV,SUN,2015,3
59517.0,Baker PV 1,PV,SUN,2016,5
59516.0,American Legion PV 1,PV,SUN,2017,16
59515.0,Benthall Bridge PV 1,PV,SUN,2016,5
59514.0,Flat Meeks PV 1,PV,SUN,2017,5
59513.0,Meadows PV 1,PV,SUN,2016,20
59512.0,Happy Solar,PV,SUN,2016,4
59511.0,Beetle Solar,PV,SUN,2016,4
59510.0,Husky Solar,PV,SUN,2016,5
59509.0,Murdock Solar,PV,SUN,2016,4
59508.0,Chei Solar,PV,SUN,2016,5
59507.0,Kenneth Solar,PV,SUN,2016,3
59506.0,Quincy Solar,PV,SUN,2015,4
59505.0,Sun Devil Solar,PV,SUN,2015,5
59504.0,Porter Solar,PV,SUN,2015,5
59503.0,Jacob Solar,PV,SUN,2016,5
59502.0,Melinda Solar,PV,SUN,2015,5
59501.0,Nitro Solar,PV,SUN,2015,5
59500.0,Sarah Solar,PV,SUN,2015,5
59499.0,Candace Solar,PV,SUN,2016,5
59498.0,Tracy Solar,PV,SUN,2015,10
59497.0,Andrew Solar,PV,SUN,2015,5
59496.0,BYUI Central Energy Facility,GT,NG,2015,5
59495.0,Antares-GRE 314 East Lyme LLC,PV,SUN,2014,4
59494.0,Willow Spring Windfarm (Burnt River),WT,WND,2017,10
59493.0,Prospector Windfarm (Burnt River),WT,WND,2017,10
59492.0,Durbin Creek Windfarm (Burnt River),WT,WND,2017,10
59491.0,Benson Creek Windfarm (Burnt River),WT,WND,2017,10
59490.0,Jett Creek Windfarm (Burnt River),WT,WND,2017,10
59489.0,Anthony Wayne Solar #1,PV,SUN,2014,1
59487.0,Highwater Solar I,PV,SUN,2015,4
59486.0,Lanier Solar,PV,SUN,2016,4
59485.0,"265 Pleasant Solar NG, LLC",PV,SUN,2014,2
59484.0,"Hadley Solar NG, LLC",PV,SUN,2014,3
59483.0,IMPA Crawfordsville Solar Park,PV,SUN,2015,3
59482.0,IMPA Tell City Solar Park,PV,SUN,2015,1
59481.0,IMPA Peru Solar Park,PV,SUN,2015,3
59480.0,IMPA Rensselaer Solar Park,PV,SUN,2014,1
59479.0,IMPA Frankton Solar Park,PV,SUN,2014,1
59478.0,IMPA Richmond Solar Park,PV,SUN,2014,1
59477.0,Claire Solar Farm,PV,SUN,2014,2
59476.0,Clarendon Solar Farm,PV,SUN,2014,2
59475.0,Palo Duro Wind,WT,WND,2014,249
59474.0,Apple Data Center PV3,PV,SUN,2015,17
59473.0,Apple Campus 2 PV,PV,SUN,2017,14
59472.0,Ft. Churchill PV,PV,SUN,2015,19
59471.0,"Buckeye Generation Center, LLC",GT,NG,9999,648
59470.0,Cornell Snyder Road Solar Array,PV,SUN,2014,1
59469.0,Alamo Solar,PV,SUN,2015,20
59468.0,KS Solar Six LLC,PV,SUN,2013,2
59467.0,Coldwater Peaking Plant,IC,NG,2015,12
59466.0,Winchendon Solar,PV,SUN,2014,1
59465.0,Sullivan Solar,PV,SUN,2014,1
59464.0,Monson Solar,PV,SUN,2014,3
59463.0,Ayers Village Solar,PV,SUN,2014,2
59462.0,Denver Intl Airport IV Solar,PV,SUN,2014,1
59461.0,"Bowerman Power LFG, LLC",IC,LFG,2016,21
59460.0,"Kay Wind, LLC",WT,WND,2015,299
59459.0,Hickory Ridge Landfill Solar Project,PV,SUN,2011,1
59458.0,W Plant,GT,NG,2005,4
59457.0,Q Plant,GT,NG,2013,4
59456.0,P Plant,GT,NG,2007,8
59455.0,Tech Park Solar,PV,SUN,2012,5
59454.0,Valencia Solar,PV,SUN,2013,10
59453.0,Albany Medical Ctr Cogen Plant,GT,NG,2013,4
59452.0,East. Michigan Univ. Heating Plant,GT,NG,1987,3
59451.0,CBC Solar Energy Gen Fac Phase 2,PV,SUN,2013,2
59450.0,"Decatur Parkway Solar Project, LLC",PV,SUN,2015,80
59449.0,Decatur County Solar Project,PV,SUN,2015,20
59448.0,Waxdale,GT,LFG,2003,8
59447.0,Pacific Rim Dairy Digester,IC,OBG,2014,1
59446.0,Cranbury,PV,SUN,2011,5
59445.0,St. Albans SPEED Project,PV,SUN,2013,2
59444.0,SR85,PV,SUN,2015,10
59443.0,"TA-Acacia, LLC",PV,SUN,2014,20
59442.0,Logans Gap Wind LLC,WT,WND,2015,200
59441.0,"Adelanto Solar, LLC",PV,SUN,2015,20
59440.0,"Adelanto Solar II, LLC",PV,SUN,2015,7
59439.0,"COC Surry LFG, LLC",IC,LFG,2013,1
59438.0,Orono B,HY,WAT,2013,3
59437.0,Stillwater B,HY,WAT,2013,0
59436.0,Lennon Generating,IC,LFG,2001,4
59435.0,Oak Tree Energy,WT,WND,2014,19
59434.0,Duke Building 129,PV,SUN,2014,3
59433.0,Duke Building 98,PV,SUN,2014,2
59432.0,Duke Building 87,PV,SUN,2014,2
59431.0,Sierra Solar Greenworks,PV,SUN,2015,20
59430.0,NRG Solar Las Vegas MB-1,PV,SUN,2015,5
59429.0,Downs Farm Solar,PV,SUN,2015,5
59428.0,Baker Creek Hydroelectric,HY,WAT,2014,1
59427.0,Two Mile Solar,PV,SUN,2015,5
59426.0,GKS Solar,PV,SUN,2015,5
59425.0,Zimmerman Energy,IC,LFG,2014,6
59424.0,IND Solar Farm (Phase IIA),PV,SUN,2014,7
59423.0,SCE-Snowline-White Rd (Central),PV,SUN,2014,1
59422.0,SCE-Snowline-White Road (North),PV,SUN,2014,1
59421.0,SCE-Snowline-White Road (South),PV,SUN,2014,1
59418.0,Amity Energy LLC,IC,NG,9999,20
59417.0,Pleasant Hill Wind Energy Project,WT,WND,2015,20
59416.0,Anaheim Solar Energy Plant,PV,SUN,2014,2
59415.0,Backus Microgrid Project,IC,DFO,2014,8
59414.0,Atwell Island West Solar,PV,SUN,2015,20
59413.0,Corcoran Solar 2,PV,SUN,2015,19
59412.0,Algonquin SKIC20 Solar LLC,PV,SUN,2015,20
59411.0,"Mitchell Solar, LLC",PV,SUN,2014,1
59410.0,"Rudy Solar, LLC",PV,SUN,2014,1
59409.0,"Madelyn Solar, LLC",PV,SUN,2014,1
59408.0,Shafter Solar LLC,PV,SUN,2015,20
59407.0,Newman Solar,PV,SUN,2014,10
59406.0,Facile Solar,PV,SUN,2015,2
59405.0,Diamond Valley Solar Project,PV,SUN,2015,1
59404.0,Searchlight Solar,PV,SUN,2014,17
59396.0,Shaffer,PV,SUN,2014,5
59395.0,City of Tulare Water Facility,FC,OBG,1991,2
59394.0,Grafton Solar,PV,SUN,2013,1
59393.0,Eubank Landfill Solar Array,PV,SUN,2013,2
59392.0,Blue Ridge Generating,IC,LFG,2013,1
59391.0,Red Gate Power Plant,IC,NG,2016,216
59390.0,True North,PV,SUN,2012,4
59389.0,"Escalante Solar III, LLC",PV,SUN,2016,80
59388.0,"Escalante Solar II, LLC",PV,SUN,2016,80
59387.0,"Escalante Solar I, LLC",PV,SUN,2016,80
59386.0,"Enterprise Solar, LLC",PV,SUN,2016,80
59384.0,South Plains Wind Phase I,WT,WND,2015,200
59383.0,"East Kansas Agri-Energy, LLC",ST,WH,2005,2
59382.0,Paisley Geothermal Generating Plant,ST,GEO,2015,3
59381.0,"The Methodist Hospital, Gas Turbine",GT,NG,2010,5
59380.0,"Wildwood Solar I, LLC",PV,SUN,2015,19
59379.0,Wapsie Valley Creamery Back Up Generator,IC,DFO,2015,1
59378.0,Helios Plaza CHP Plant,GT,NG,2010,4
59377.0,Town of Cary,PV,SUN,2012,1
59376.0,Dunn,PV,SUN,2012,2
59375.0,Rose Hill,PV,SUN,2012,2
59374.0,Old Mill Solar,PV,SUN,2015,5
59373.0,Broshco Fabricated Products,GT,NG,2001,4
59371.0,12 Applegate Solar LLC,PV,SUN,2012,1
59370.0,4 Applegate Solar LLC,PV,SUN,2012,1
59369.0,Lakewood Seven Solar LLC,PV,SUN,2012,1
59368.0,Westborough Solar LLC,PV,SUN,2014,2
59367.0,Engelhard Solar LLC,PV,SUN,2012,1
59366.0,G&S Wantage Solar LLC,PV,SUN,2014,8
59365.0,24 Applegate Solar LLC,PV,SUN,2014,4
59364.0,Plainfield One Solar LLC,PV,SUN,2011,1
59363.0,State Street Solar LLC,PV,SUN,2014,1
59362.0,Indian Hill Solar LLC,PV,SUN,2014,1
59361.0,Browne Solar LLC,PV,SUN,2014,1
59360.0,SCE-Snowline-Duncan Road (South),PV,SUN,2014,1
59359.0,SCE-Snowline-Duncan Road (North),PV,SUN,2014,1
59358.0,Devens,PV,SUN,2014,3
59357.0,Dorena Hydro-Electric Facility,HY,WAT,2014,7
59339.0,Quinto Solar PV Project,PV,SUN,2015,108
59338.0,Gila River Power Block 1,CT,NG,2003,619
59337.0,Harrell's Hill Solar Center LLC,PV,SUN,2015,5
59335.0,MCLB Landfill Gas to Energy,IC,OBG,2011,1
59334.0,"Catalina Solar 2, LLC",PV,SUN,2015,18
59333.0,Faison Solar,PV,SUN,2015,2
59332.0,Mesquite Creek Wind,WT,WND,2015,211
59331.0,Anheuser-Busch #2,WT,WND,2014,1
59330.0,Taylor Farms,WT,WND,2014,1
59329.0,City of Soledad Water Reclamation,WT,WND,2014,1
59328.0,Golden Acorn Casino,WT,WND,2014,1
59327.0,Marlboro Mushrooms Solar Field,PV,SUN,2011,1
59324.0,MCCo Solar Generating Facility,PV,SUN,2014,1
59323.0,Sacramento (SMUD),PV,SUN,2014,1
59322.0,Pumpjack Solar I,PV,SUN,2015,20
59321.0,Los Vientos Windpower IV,WT,WND,2016,200
59320.0,Los Vientos Windpower III,WT,WND,2015,200
59319.0,Rock Solid,PV,SUN,2014,8
59318.0,North Run,PV,SUN,2015,5
59317.0,Hecate Energy Beacon Solar 4,PV,SUN,2016,50
59316.0,Hecate Energy Beacon Solar 3,PV,SUN,2016,56
59315.0,Hecate Energy Beacon Solar 1,PV,SUN,2017,56
59314.0,WED Coventry 6,WT,WND,2016,3
59313.0,WED Coventry 5,WT,WND,2017,1
59312.0,Seiling Wind II,WT,WND,2014,98
59311.0,Seiling Wind I,WT,WND,2014,199
59310.0,Black Oak Power Producers,IC,LFG,2014,4
59309.0,Beacon Solar Plant Site 2,PV,SUN,2017,45
59308.0,Beacon Solar Plant Site 5,PV,SUN,2017,36
59306.0,WED Coventry 4,WT,WND,2016,1
59305.0,WED Coventry 3,WT,WND,2016,1
59302.0,WED Coventry 2,WT,WND,2016,3
59301.0,WED Coventry 1,WT,WND,2016,1
59300.0,Hanford 1 and 2,PV,SUN,2014,2
59299.0,Waste Mangement Redwood LFGTE,IC,LFG,2017,4
59298.0,Pecan Creek Energy Center,GT,NG,9999,342
59297.0,Carrier Clinic,PV,SUN,2009,1
59295.0,WED NK Green,WT,WND,2012,1
59284.0,Mammoth Plains,WT,WND,2014,199
59283.0,California PV Energy at ISD WWTP,PV,SUN,2014,1
59282.0,Green Machine,FC,NG,2013,1
59281.0,eBay - South Jordan,FC,NG,2013,9
59280.0,Kellogg's - San Jose,FC,NG,2013,1
59279.0,Life Technologies - Pleasanton,FC,NG,2013,1
59278.0,Reeves South,PV,SUN,2013,1
59277.0,Medford WWTP,PV,SUN,2013,1
59276.0,Leavenworth Greenworks LLC,PV,SUN,2016,9
59275.0,Sterlington Greenworks LLC,PV,SUN,2015,1
59274.0,Sutter Greeworks LLC,PV,SUN,2015,5
59273.0,SEPV Palmdale East,PV,SUN,2015,10
59272.0,Victor Mesa Linda E2,PV,SUN,2014,1
59271.0,Victor Mesa Linda D2,PV,SUN,2014,1
59270.0,Victor Mesa Linda C2,PV,SUN,2014,1
59269.0,Victor Mesa Linda B2,PV,SUN,2014,1
59268.0,Hollister Solar LLC,PV,SUN,2014,1
59267.0,Mission Solar LLC,PV,SUN,2014,1
59265.0,Merced Solar LLC,PV,SUN,2014,1
59264.0,Con Dios Solar 11,PV,SUN,9999,1
59263.0,Con Dios Solar 3,PV,SUN,9999,1
59262.0,Lancaster Little Rock,PV,SUN,2014,5
59261.0,Verizon-Torrance,FC,NG,2013,1
59260.0,"Hidden View Dairy, LLC",IC,OBG,2007,0
59257.0,Yerba Buena,BA,MWH,2013,4
59256.0,Vaca Dixon Battery Storage System,BA,MWH,2013,2
59255.0,Osprey Point RES,IC,OG,2013,12
59254.0,Johnston LFG Turbine Plant,CT,LFG,2013,34
59253.0,Wildwood Solar II,PV,SUN,2017,15
59251.0,Caprock Solar 1 LLC,PV,SUN,2016,25
59250.0,Rio Bravo Solar II LLC,PV,SUN,2016,20
59249.0,Rio Bravo Solar 1 LLC,PV,SUN,2016,20
59248.0,CCMUA,PV,SUN,2012,1
59245.0,Fluvanna,WT,WND,2017,155
59242.0,Beverly,PV,SUN,2014,2
59241.0,Brockelman,PV,SUN,2013,3
59240.0,Green Gas-Port Charlotte LLC,IC,LFG,2011,2
59239.0,Eagle Springs Solar LLC,PV,SUN,2013,1
59238.0,Windthorst-2,WT,WND,2014,67
59237.0,Lone Valley Solar Park II LLC,PV,SUN,2014,20
59236.0,Rising Tree Wind Farm III,WT,WND,2015,99
59235.0,Rising Tree Wind Farm II,WT,WND,2015,19
59234.0,Arbuckle Mountain Wind Farm LLC,WT,WND,2015,100
59233.0,Cogeneration 2,CS,NG,2002,6
59232.0,Michelangelo Wind 4 LLC,WT,WND,2016,3
59231.0,Michelangelo Wind 1 LLC,WT,WND,2017,3
59230.0,Venus Wind 3 LLC,WT,WND,2017,3
59228.0,Leonardo Wind 1 LLC,WT,WND,2016,3
59227.0,Optimum Wind 3 LLC,WT,WND,2017,3
59226.0,Optimum Wind 4 LLC,WT,WND,2017,3
59225.0,Optimum Wind 7 LLC,WT,WND,2017,3
59224.0,Optimum Wind 6 LLC,WT,WND,2017,3
59223.0,Optimum Wind 5 LLC,WT,WND,2017,3
59222.0,Passadumkeag Windpark LLC,WT,WND,2016,39
59221.0,Pecan Row Landfill To Electric Facility,IC,LFG,1977,4
59219.0,Porterville 6 and 7,PV,SUN,2014,2
59217.0,Tiburon Holdings,PV,SUN,2016,5
59213.0,Clipperton Holdings,PV,SUN,2017,5
59212.0,Calypso Farm,PV,SUN,9999,5
59209.0,Garland Farm,PV,SUN,9999,5
59207.0,OCI Alamo 7 LLC,PV,SUN,2016,100
59206.0,Alamo 6,PV,SUN,2017,105
59205.0,OCI Alamo 5 LLC,PV,SUN,2015,100
59204.0,OCI Alamo 3 LLC,PV,SUN,2015,5
59203.0,Farmersville,PV,SUN,2014,3
59201.0,Pleasant Valley Wind Farm,WT,WND,2015,200
59200.0,Border Winds Wind Farm,WT,WND,2015,150
59199.0,Mesa PV1,PV,SUN,2014,1
59198.0,Sterling PV 3,PV,SUN,2014,1
59197.0,Univ Minnesota CHP Plant,GT,NG,2017,21
59196.0,Portable Generator 1,IC,DFO,2005,1
59195.0,Portable Generator 3,IC,DFO,2012,2
59194.0,Portable Generator 2,IC,DFO,2012,2
59193.0,Chapman Ranch Wind I,WT,WND,2017,236
59192.0,Soluga Farms 2 LLC,PV,SUN,2014,5
59191.0,Soluga Farms 1,PV,SUN,2014,5
59190.0,Vickers,PV,SUN,2014,2
59189.0,East Wayne Solar LLC,PV,SUN,2014,2
59188.0,Selmer Farm LLC,PV,SUN,2014,15
59187.0,Beethoven Wind,WT,WND,2015,80
59186.0,West Pemberton,PV,SUN,2014,7
59185.0,Jacobstown,PV,SUN,2014,5
59184.0,Mulberry Farm LLC,PV,SUN,2014,15
59183.0,"CID Solar, LLC",PV,SUN,2014,20
59182.0,Hesperia,PV,SUN,2014,1
59181.0,AgriReNew,GT,OBG,2013,1
59180.0,Marion Solar LNG,PV,SUN,2015,1
59179.0,Franklin 2,PV,SUN,2013,4
59178.0,Franklin 1,PV,SUN,2013,3
59177.0,Winton Solar,PV,SUN,2016,5
59176.0,Williamston Solar,PV,SUN,2014,5
59175.0,Woodland Solar,PV,SUN,2016,5
59174.0,Lewiston Solar,PV,SUN,2014,5
59173.0,Bethel Solar,PV,SUN,2015,5
59172.0,Belmont,PV,SUN,2015,3
59171.0,Windsor Solar,PV,SUN,2014,5
59170.0,Jakana Solar,PV,SUN,2014,5
59169.0,Lancaster Solar 2,PV,SUN,2014,1
59168.0,Avalon Solar,PV,SUN,2014,29
59167.0,Lancaster Solar 1,PV,SUN,2014,1
59166.0,Bridgeport Disposal Solar Farm,PV,SUN,2011,1
59165.0,Mason Solar Center LLC,PV,SUN,9999,15
59164.0,Elm City Solar Facility,PV,SUN,2016,40
59163.0,Highland Solar Center LLC,PV,SUN,2015,5
59162.0,Mariposa Solar Center LLC,PV,SUN,2016,5
59161.0,Lake Solar Center LLC,PV,SUN,9999,5
59160.0,Pinewood Solar Center LLC,PV,SUN,9999,5
59159.0,Tower Solar Center LLC,PV,SUN,9999,5
59158.0,Langley PV1,PV,SUN,2014,5
59157.0,Pecan PV1,PV,SUN,2014,5
59156.0,Carter PV1,PV,SUN,2014,5
59155.0,Shawboro PV1,PV,SUN,2015,20
59154.0,Bradley PV1,PV,SUN,2015,5
59153.0,Watson Seed Farm PV1,PV,SUN,2015,20
59152.0,Thornton PV1,PV,SUN,2015,5
59151.0,Harvest Power Orlando,IC,OBG,2013,2
59150.0,RE Mustang LLC,PV,SUN,2016,100
59149.0,Simons Farm,PV,SUN,2016,5
59148.0,Green Farm,PV,SUN,2016,5
59147.0,Fair Wind,WT,WND,2015,30
59146.0,XPF Solar Field,PV,SUN,2014,3
59144.0,Brighton PV Solar Plant,PV,SUN,2012,1
59143.0,Front Range Project,IC,LFG,2011,4
59142.0,Manatee County LFGTE,IC,LFG,2013,1
59140.0,EDF Lancaster,PV,SUN,2014,4
59139.0,SDCWA - Twin Oaks,PV,SUN,2011,1
59138.0,SDCCD - Miramar,PV,SUN,2011,1
59137.0,Plymouth Site 1,PV,SUN,2013,5
59136.0,Methuen Landfill,PV,SUN,2013,1
59135.0,Ludlow Landfill,PV,SUN,2013,2
59134.0,Easton Landfill,PV,SUN,2013,1
59133.0,EAFB - South Base,PV,SUN,2012,1
59132.0,EAFB - North Base,PV,SUN,2012,1
59131.0,Dartmouth Landfill,PV,SUN,2013,1
59130.0,CSD 2 - Heritage High,PV,SUN,2013,1
59129.0,CSD 2- Freedom High,PV,SUN,2013,1
59128.0,Acushnet- High Hill,PV,SUN,2013,3
59127.0,Bailey Farm LLC,PV,SUN,2013,5
59126.0,Daniel Farm LLC,PV,SUN,2014,5
59125.0,Kinston,PV,SUN,2014,2
59124.0,Martin Creek Farm LLC,PV,SUN,2014,3
59123.0,Moncure Farm LLC,PV,SUN,2014,3
59122.0,Enerparc CA1 LLC,PV,SUN,2014,1
59121.0,Acushnet-Braley Road 1,PV,SUN,2013,1
59120.0,Warsaw II,PV,SUN,2013,2
59119.0,Warsaw I,PV,SUN,2013,2
59118.0,Cameron Wind 1 LLC,WT,WND,2015,165
59117.0,DD Fayetteville Solar NC LLC,PV,SUN,2015,23
59116.0,Woodbine Landfill Plant,IC,LFG,2013,3
59115.0,Anderson Farm LLC,PV,SUN,2014,1
59114.0,Redmon Solar Farm LLC,PV,SUN,2015,2
59113.0,Yanceyville Farm 2 LLC,PV,SUN,2015,5
59112.0,West Siler Farm LLC,PV,SUN,2017,5
59111.0,West Salisbury Farm LLC,PV,SUN,2015,5
59110.0,Springfield Solar 1 LLC,PV,SUN,2014,4
59109.0,Spicewood Solar Farm LLC,PV,SUN,2014,5
59107.0,Mount Olive Farm,PV,SUN,2014,5
59106.0,Snow Hill Solar 2 LLC,PV,SUN,2014,2
59105.0,Market Farm,PV,SUN,2014,4
59103.0,Fremont Farm,PV,SUN,2017,5
59102.0,Dragstrip Farm,PV,SUN,2014,5
59100.0,Chauncey Farm LLC,PV,SUN,2014,4
59099.0,Kettering Solar 2,PV,SUN,2014,1
59098.0,Kettering Solar 1,PV,SUN,2014,1
59097.0,Berry Plastics Solar,PV,SUN,2013,10
59096.0,Division 3,PV,SUN,2014,1
59095.0,Division 2,PV,SUN,2014,1
59094.0,Division 1,PV,SUN,2014,1
59093.0,Holland Energy Park,CT,NG,2017,149
59090.0,Rockland Solar,PV,SUN,2013,2
59088.0,Calipatria Solar Farm,PV,SUN,2016,20
59087.0,"Cottonwood Solar, LLC (City of Corcoran)",PV,SUN,2015,12
59086.0,"Cottonwood Solar, LLC (Goose Lake)",PV,SUN,2015,12
59085.0,Lepomis PV Energy LLC,PV,SUN,2014,4
59084.0,Marshall Wind Farm,WT,WND,2016,73
59083.0,Limon III Wind LLC,WT,WND,2014,200
59082.0,Dennis Landfill,PV,SUN,2014,5
59081.0,Barnstable Landfill,PV,SUN,2014,4
59080.0,Nunnepog,PV,SUN,2014,1
59079.0,Katama Farm,PV,SUN,2014,1
59078.0,Harwich Landfill,PV,SUN,2014,4
59077.0,Chatham Landfill,PV,SUN,2014,1
59076.0,Chopin Wind LLC,WT,WND,2016,10
59075.0,Brewster Landfill,PV,SUN,2014,1
59074.0,"SC 1 Data Center, Phase 2",IC,DFO,2011,82
59073.0,Cove Point LNG Terminal,GT,NG,1978,88
59072.0,Wooster Renewable Energy,IC,OBG,2013,1
59071.0,Carroll Area Wind Farm,WT,WND,2015,20
59070.0,Jericho Power,WT,WND,2016,14
59069.0,Wildcat Wind Farm II LLC`,WT,WND,9999,210
59068.0,"Colbec's Corner, LLC",WT,WND,2016,200
59067.0,Grandview Wind Farm III LLC,WT,WND,9999,188
59066.0,Bruennings Breeze Wind Farm,WT,WND,2017,228
59065.0,Drift Sand Wind Project LLC,WT,WND,2016,108
59064.0,Stella Wind Farm II,WT,WND,9999,200
59061.0,Radfords Run Wind Farm,WT,WND,2017,278
59060.0,Waste Water Treatment Plant,PV,SUN,2012,1
59059.0,Raritan ITS,PV,SUN,2010,2
59058.0,Vacaville,PV,SUN,2007,1
59057.0,Skillman,PV,SUN,2011,2
59056.0,Spring House,IC,NG,2013,3
59055.0,Rariton OMP,IC,NG,2009,5
59053.0,Michelangelo Wind 3 LLC,WT,WND,2017,3
59052.0,Fairmont-FLS 100,PV,SUN,2013,4
59051.0,Kenansville,PV,SUN,2013,2
59050.0,Wallace,PV,SUN,2013,2
59049.0,Whitcomb Solar Farm,PV,SUN,2014,2
59046.0,651 Chase Solar NG,PV,SUN,2014,2
59045.0,Jameson Energy Center,IC,NG,2014,27
59044.0,Rio Rico Solar,PV,SUN,2014,6
59043.0,West Davisville Solar,PV,SUN,2013,2
59042.0,Ellerbe,PV,SUN,2013,2
59040.0,Ball Mountain Hydro,HY,WAT,2016,0
59039.0,Beulaville,PV,SUN,2013,2
59038.0,Battleground,PV,SUN,2013,3
59036.0,Onslow Energy,PV,SUN,9999,1
59035.0,"Biomass to Energy Facility, Kauai",ST,AB,2014,9
59034.0,Shannon Wind,WT,WND,2015,204
59033.0,Whately Solar,PV,SUN,2013,1
59032.0,EBZ Solar,PV,SUN,2013,2
59031.0,Route 57 Solar,PV,SUN,2013,1
59030.0,Chicopee Solar,PV,SUN,2013,3
59029.0,Rehoboth Solar,PV,SUN,2013,2
59028.0,Agawam Solar,PV,SUN,2012,1
59026.0,Back River Waste Water Treatment,IC,OBG,2009,2
59024.0,"Euclid Farm, Stamco N-54",WT,WND,2012,1
59023.0,Ipswich Wind Independence,WT,WND,2012,2
59022.0,Kingston Wind Independence,WT,WND,2012,2
59021.0,Hoopeston Wind LLC,WT,WND,2015,98
59020.0,Gila Bend,PV,SUN,2014,32
59019.0,Griffith,PV,SUN,2013,2
59018.0,East Chicago,PV,SUN,2013,2
59017.0,Carol Jean Solar,PV,SUN,2016,4
59015.0,Stow PV,PV,SUN,2013,2
59014.0,Bolton PV,PV,SUN,2013,4
59013.0,Scituate PV,PV,SUN,2013,2
59012.0,DC Water CHP,CT,OBG,2015,23
59011.0,Southbridge Landfill Gas-to-Energy,IC,LFG,2011,2
59010.0,Macho Springs,PV,SUN,2014,52
59009.0,Hayworth Solar,PV,SUN,2015,27
59008.0,Woodmere Solar Farm,PV,SUN,2015,15
59005.0,Mariah del Norte,WT,WND,2016,230
59004.0,Stonewall,CT,NG,2017,812
59003.0,Two Dot Wind Farm,WT,WND,2014,9
59002.0,Carlsbad Energy Center,GT,NG,9999,105
59001.0,Parkland Landfill Solar,PV,SUN,2015,7
58999.0,Little Elk Wind Project LLC,WT,WND,2015,74
58998.0,Goodwell Wind Project LLC,WT,WND,2015,200
58996.0,St. Olaf StandBy Generators,IC,DFO,1999,2
58995.0,St. Olaf Wind Turbine,WT,WND,2006,1
58994.0,Breckinridge Wind Project LLC,WT,WND,2015,98
58993.0,Pine Tree Landfill Gas to Energy,IC,LFG,2008,3
58992.0,Dept of Corrections NCCI Wind,WT,WND,2013,2
58991.0,"RE Kent South, LLC",PV,SUN,2014,20
58990.0,"RE Columbia Two, LLC",PV,SUN,2014,15
58989.0,Eklutna Generation Station,IC,NG,2015,170
58988.0,Searchlight Wind,WT,WND,9999,200
58986.0,"RE Old River One, LLC",PV,SUN,2014,20
58985.0,"RE Kansas Solar, LLC",PV,SUN,2014,20
58984.0,"RE Adams East, LLC",PV,SUN,2014,19
58983.0,RE Camelot LLC,PV,SUN,2014,45
58982.0,Allison Creek Hydro,HY,WAT,2016,6
58981.0,"Broken Bow Wind II, LLC",WT,WND,2014,73
58980.0,Akron WRF,IC,OBG,2014,0
58978.0,Central Valley Ag Power,IC,OBG,2014,1
58977.0,Whitman,HY,WAT,2015,3
58975.0,Henrietta Solar Project,PV,SUN,2016,102
58974.0,Fairview Farms Solar,PV,SUN,2014,2
58973.0,White River Solar 2,PV,SUN,2014,19
58972.0,Fort Huachuca Solar PV Project,PV,SUN,2014,17
58966.0,Fairfield Wind,WT,WND,2014,10
58965.0,"Thunder Spirit Wind, LLC",WT,WND,2015,107
58964.0,Technology Drive Solar,PV,SUN,2014,2
58963.0,Las Virgenes Municipal Water District,PV,SUN,2014,1
58961.0,Oregon University System OIT Klamath Fal,PV,SUN,2014,2
58960.0,Subregional Water Reclamation Facility,IC,OBG,2013,4
58959.0,Butler Solar Power Project,PV,SUN,2014,2
58958.0,Camelot Wind LLC,WT,WND,2012,1
58957.0,Graham Solar Center LLC,PV,SUN,2014,4
58956.0,Shankle Solar Center LLC,PV,SUN,2015,4
58955.0,BearPond Solar Center LLC,PV,SUN,2014,4
58954.0,Intel Folsom Phase 2,PV,SUN,2012,1
58953.0,"Rockville Solar II, LLC",PV,SUN,2014,2
58952.0,Dessie Solar Center LLC,PV,SUN,2014,4
58951.0,Delilah Road Landfill,PV,SUN,2016,8
58949.0,Cloverdale Solar I,PV,SUN,2014,1
58948.0,Bristol Myers Squibb Wallingford,GT,NG,1987,6
58947.0,Bristol Myers Squibb Lawrenceville,GT,NG,1991,5
58946.0,Ameresco Dallas LLC,IC,LFG,2011,3
58945.0,Simonds,IC,NG,2011,0
58944.0,Woodville Renewable Power Project,ST,WDS,2014,49
58943.0,Halifax,PV,SUN,2014,20
58942.0,Rockville Solar I LLC,PV,SUN,2014,2
58940.0,Anderson Wind II,WT,WND,2014,10
58939.0,Anderson Wind I,WT,WND,2014,5
58938.0,Origin Wind,WT,WND,2014,150
58937.0,Gardner Solar 1,PV,SUN,2014,2
58936.0,Walpole Solar 2,PV,SUN,2014,2
58935.0,Open View Solar Farm,PV,SUN,2013,2
58934.0,"Integrys MA Solar, LLC - Ashburnham Site",PV,SUN,2013,2
58932.0,Traer Wind Project,WT,WND,2010,1
58929.0,Melrose 2,IC,DFO,2014,1
58927.0,Story City Wind Project,WT,WND,2010,1
58926.0,Sangamon Wind Two LLC,WT,WND,9999,100
58923.0,Missouri S&T - Power Plant,IC,DFO,1951,1
58921.0,Napoleon Biogas,IC,OBG,2013,2
58920.0,2097 Helton Solar Project,PV,SUN,2014,1
58919.0,2127 Harris Solar Project,PV,SUN,2014,1
58918.0,2081 Terzian Solar Project,PV,SUN,2014,1
58917.0,Tioga Solar Morris County 1 LLC,PV,SUN,2011,1
58915.0,Copper Mountain Solar 3,PV,SUN,2014,255
58914.0,MCAGCC Cogen Plant,GT,NG,2003,15
58913.0,Santa Fe Springs Rooftop Solar BLDG H,PV,SUN,2015,1
58912.0,Santa Fe Springs Rooftop Solar BLDG M,PV,SUN,2015,1
58911.0,Ramona 2,PV,SUN,2013,5
58909.0,Ramona 1,PV,SUN,2013,2
58908.0,Beebe 1B,WT,WND,2014,50
58907.0,Valley Center 2,PV,SUN,2013,5
58906.0,Valley Center 1,PV,SUN,2013,2
58904.0,Fourmile Ridge,WT,WND,2014,40
58902.0,Kingfisher Wind LLC,WT,WND,2016,298
58901.0,Tri-County Water Hydropower Project,HY,WAT,2014,7
58900.0,Balko Wind LLC,WT,WND,2015,299
58899.0,Prosperity Energy Storage Facility,BA,MWH,2011,0
58898.0,Pilot Hill Wind Farm,WT,WND,2015,175
58897.0,Temple SEGF,IC,NG,1993,10
58896.0,Patriots Stadium,PV,SUN,2013,1
58893.0,Camp Solar Plant,PV,SUN,2013,2
58892.0,Camilla Solar Plant,PV,SUN,2013,16
58891.0,"Big Turtle Wind Farm, LLC",WT,WND,2014,49
58890.0,Beringer,PV,SUN,2009,1
58889.0,ASTI,PV,SUN,2009,1
58887.0,Com Adam 1WF-1,WT,WND,2007,4
58886.0,Wellsburg Wind Project,WT,WND,2014,140
58885.0,Macksburg Wind Project,WT,WND,2014,119
58884.0,Lundgren Wind Project,WT,WND,2014,251
58883.0,Highland Wind Project (IA),WT,WND,2015,499
58882.0,Mercer County Community College,PV,SUN,2013,7
58881.0,County College of Morris,PV,SUN,2013,2
58880.0,North Carolina Solar III LLC,PV,SUN,2013,4
58879.0,Duplin Solar LLC,PV,SUN,2013,5
58878.0,CPV Smyth Generation Company LLC,CC,NG,9999,1017
58877.0,Kinsley Landfill Solar,PV,SUN,2015,8
58874.0,Dement Farm LLC,PV,SUN,2013,5
58873.0,Stuyvesant Falls,HY,WAT,2012,6
58872.0,Bison 4 Wind Energy Center,WT,WND,2015,205
58871.0,Berkley East Solar LLC,PV,SUN,2013,3
58870.0,Rentech Nitrogen Pasadena Cogeneration,ST,WH,2015,15
58868.0,Bladenboro Farm,PV,SUN,2013,5
58867.0,Angier Farm,PV,SUN,2013,5
58866.0,Garrell Solar Farm,PV,SUN,2013,5
58865.0,Reventure Park,IC,LFG,2014,2
58864.0,Sunfish Farm,PV,SUN,2015,5
58863.0,Waco Farm,PV,SUN,2013,5
58862.0,Wagstaff Farm 1,PV,SUN,2013,5
58861.0,Sigmon Catawba Farm,PV,SUN,2014,5
58859.0,Erwin Farm,PV,SUN,2014,5
58856.0,Pate Farm,PV,SUN,2013,5
58855.0,Nash 64 Farm,PV,SUN,2014,5
58854.0,Nash 58 Farm,PV,SUN,2013,5
58853.0,McKenzie Farm,PV,SUN,2013,5
58851.0,Oakboro Farm,PV,SUN,2014,5
58849.0,Castalia Solar,PV,SUN,2014,2
58848.0,Warsaw Farm,PV,SUN,2015,65
58847.0,"Windsor Cooper HIill Solar, LLC",PV,SUN,2015,5
58846.0,"Washington Millfield Solar, LLC",PV,SUN,2013,5
58845.0,Washington Airport Solar LLC,PV,SUN,2014,5
58844.0,"Dogwood Solar, LLC",PV,SUN,2014,20
58843.0,"Bethel Price Solar, LLC",PV,SUN,2014,5
58842.0,"Gato Montes Solar, LLC",PV,SUN,2012,5
58840.0,"Kenansville Solar Farm, LLC",PV,SUN,2014,0
58839.0,Sudbury Landfill,PV,SUN,2013,0
58838.0,Keechi Wind,WT,WND,2015,110
58836.0,Lakeswind Power Partners,WT,WND,2014,51
58835.0,Elk Station,GT,NG,2015,606
58834.0,Richland Center Renewable Energy LLC,IC,OBG,2013,0
58833.0,Red Horse 2,PV,SUN,2015,81
58832.0,Cogenra - TEP,PV,SUN,2014,1
58831.0,Redcrest Solar Farm,PV,SUN,2015,16
58830.0,Cross Winds Energy Park,WT,WND,2014,111
58829.0,Sonne Two,PV,SUN,2016,5
58828.0,Apple One,PV,SUN,2015,5
58826.0,AES ES Tait,BA,MWH,2013,20
58825.0,MTHS Co-Gen Buildings,IC,NG,1992,0
58824.0,Sheldon Solar,PV,SUN,2013,2
58823.0,Port Arthur Steam Energy,ST,WH,2005,5
58822.0,Millville City Sewer Auth WTP,PV,SUN,2013,0
58821.0,Florey Knobb,IC,NG,9999,20
58818.0,Milan,IC,NG,2017,41
58816.0,Bayles,IC,NG,9999,20
58815.0,Hilton NY Co Gen Plant,IC,NG,2013,1
58814.0,Shasta Solar Farm,PV,SUN,2014,2
58813.0,Alpaca,IC,NG,2017,41
58812.0,Upchurch Solar Center LLC,PV,SUN,2014,5
58811.0,Beaver Dam,IC,NG,2016,20
58810.0,Rams Horn Solar Center LLC,PV,SUN,2014,5
58809.0,Littlefield Solar Center LLC,PV,SUN,2015,5
58808.0,Flemming Solar Center LLC,PV,SUN,2014,5
58807.0,Boseman Solar Center LLC,PV,SUN,2014,5
58806.0,Albemarle Solar Center LLC,PV,SUN,2014,5
58805.0,"Samarcand Solar Farm, LLC",PV,SUN,2014,0
58804.0,"McCaskey Solar Farm, LLC",PV,SUN,9999,0
58803.0,"Kenansville Solar 2, LLC",PV,SUN,2016,2
58802.0,"Franklin Solar, LLC",PV,SUN,2013,0
58801.0,"Arba Solar, LLC",PV,SUN,2014,0
58800.0,Hop Bottom,IC,NG,9999,20
58799.0,Pamlico Partners Solar,PV,SUN,2013,5
58798.0,"AC Criminal Courts Complex SPE2, LLC",PV,SUN,2012,1
58797.0,"Valparaiso Solar, LLC",PV,SUN,2012,1
58796.0,"Waterloo Solar, LLC",PV,SUN,2012,1
58795.0,"Hobart Solar, LLC",PV,SUN,2012,1
58794.0,Storrie Lake Solar Project,PV,SUN,2014,1
58793.0,JMB Mcguire-Dix-Lakehurst Solar Project,PV,SUN,2013,11
58792.0,Ayrshire,PV,SUN,2017,19
58791.0,Kirkwall Holdings,PV,SUN,2016,5
58790.0,Cohalan,PV,SUN,2012,3
58789.0,Riverhead,PV,SUN,2011,1
58788.0,North County,PV,SUN,2011,1
58787.0,Dennison,PV,SUN,2011,2
58786.0,Deer Park,PV,SUN,2012,2
58785.0,Brentwood Solar,PV,SUN,2011,1
58784.0,South Canal Hydro-3,HY,WAT,2013,3
58783.0,South Canal Hydro-1,HY,WAT,2013,4
58782.0,Sonne One,PV,SUN,2016,5
58781.0,Longhorn Holdings,PV,SUN,9999,5
58779.0,Allegany Wind Farm,WT,WND,9999,72
58775.0,Spinning Spur Wind III,WT,WND,2015,194
58774.0,Spinning Spur Wind II,WT,WND,2014,161
58773.0,TX Hereford Wind,WT,WND,2014,200
58772.0,Longhorn Wind,WT,WND,2015,200
58771.0,Roosevelt County,WT,WND,2015,250
58770.0,Maywood Photovoltaic Project,PV,SUN,2014,8
58769.0,Spring Canyon Expansion Wind Energy Ctr,WT,WND,2014,62
58768.0,Marsh Hill Wind Farm,WT,WND,2014,16
58767.0,Buckeye Wind Energy Center,WT,WND,2015,380
58766.0,Wake Wind Energy Center,WT,WND,2016,443
58765.0,Miami Wind Energy Center,WT,WND,2014,288
58763.0,Expressway Solar C2,PV,SUN,2014,1
58762.0,Expressway Solar B,PV,SUN,2014,2
58761.0,Expressway Solar A,PV,SUN,2014,2
58757.0,Summer North Solar,PV,SUN,2014,5
58756.0,Summer Solar D2,PV,SUN,2014,1
58755.0,Summer Solar C2,PV,SUN,2014,1
58754.0,Summer Solar B2,PV,SUN,2014,1
58753.0,Summer Solar A2,PV,SUN,2014,1
58752.0,Rodeo Solar D2,PV,SUN,2014,1
58751.0,Rodeo Solar C2,PV,SUN,2014,1
58750.0,Lancaster Dry Farm Ranch B,PV,SUN,2014,5
58749.0,Tihonet Solar,PV,SUN,2014,1
58748.0,North Bay Solar 1,PV,SUN,2013,1
58747.0,GreenWhey Energy Inc,IC,OBG,2013,2
58746.0,Star Solar,PV,SUN,2016,5
58745.0,Sophie Solar,PV,SUN,2016,4
58744.0,Shadow Solar,PV,SUN,9999,3
58743.0,RJ Solar,PV,SUN,9999,5
58742.0,Owen Solar,PV,SUN,2016,5
58741.0,Nick Solar,PV,SUN,2014,5
58740.0,Minnie Solar,PV,SUN,2016,3
58739.0,Milo Solar,PV,SUN,2016,3
58737.0,Binks Solar,PV,SUN,9999,4
58735.0,Buddy Solar,PV,SUN,2015,4
58733.0,Austin Solar,PV,SUN,9999,2
58732.0,Audrey Solar,PV,SUN,2016,3
58731.0,Angel Solar,PV,SUN,2015,5
58730.0,Amethyst Solar,PV,SUN,2016,3
58728.0,Katherine Solar,PV,SUN,9999,5
58727.0,Hawkins Solar,PV,SUN,9999,5
58726.0,Flash Solar,PV,SUN,2015,5
58725.0,Elliana Solar,PV,SUN,2015,5
58724.0,Duck Solar,PV,SUN,9999,5
58723.0,Colin Solar,PV,SUN,9999,4
58722.0,Charlotte Solar,PV,SUN,2015,5
58721.0,Orion Solar II,PV,SUN,2014,8
58720.0,Pattern Panhandle Wind 2 LLC,WT,WND,2014,181
58719.0,Brookfield,WT,WND,2014,74
58718.0,Orion Solar I,PV,SUN,2014,12
58717.0,"OCI Alamo 4, LLC",PV,SUN,2014,39
58716.0,"OCI Alamo 2, LLC",PV,SUN,2014,4
58715.0,Roundtop,IC,NG,2015,20
58714.0,Oxbow Creek,IC,NG,9999,20
58713.0,North Star Solar,PV,SUN,2015,62
58712.0,Stevens Mills Hydroelectric Project,HY,WAT,1985,1
58711.0,Lost Hills/Blackwell,PV,SUN,2015,32
58710.0,Barilla Solar,PV,SUN,2015,30
58709.0,Phoenix Airport Rental Car Center,PV,SUN,2012,1
58708.0,Phoenix Airport East Economy Lot,PV,SUN,2012,1
58707.0,Dorchester Biomass,ST,WDS,2013,22
58706.0,Allendale Biomass,ST,WDS,2013,22
58704.0,Zeeland Farm Services,IC,OBG,2006,2
58703.0,Lenape II,PV,SUN,2015,4
58702.0,Axio Green LLC,PV,SUN,2012,2
58701.0,Apple Data Center - PV2,PV,SUN,2013,20
58700.0,Colleton Solar Farm,PV,SUN,2013,2
58699.0,ABEC Bidart-Old River LLC,IC,OBG,2013,2
58698.0,Mira Loma,PV,SUN,2011,2
58697.0,L V Sutton Combined Cycle,CT,NG,2013,850
58696.0,Nooksack Hydro,HY,WAT,1906,1
58695.0,Grande Prairie Wind Farm,WT,WND,2016,400
58692.0,Black Oak Wind Farm,WT,WND,2016,78
58691.0,South Fork Wind Farm,WT,WND,2016,13
58690.0,Apple Blossom Wind Farm,WT,WND,2017,100
58689.0,Blue Sky One,PV,SUN,2012,1
58688.0,LRI LFGTE Facility,IC,LFG,2013,3
58687.0,Finley Buttes Landfill Gas,IC,LFG,2007,3
58686.0,Hancock Wind Plant,WT,WND,2016,51
58685.0,Mahoning Creek Hydroelectric Project,HY,WAT,2013,6
58684.0,Kapolei Solar Energy Park,PV,SUN,2012,1
58683.0,"Osage Wind, LLC",WT,WND,2015,150
58682.0,Dartmouth,PV,SUN,2014,6
58681.0,Route 66 Wind Plant,WT,WND,2015,150
58680.0,Braley Road 2,PV,SUN,2015,2
58679.0,Upper Newton Falls,HY,WAT,1927,0
58678.0,Oswegatchie,HY,WAT,2002,0
58677.0,Gratiot County Wind LLC,WT,WND,2012,110
58676.0,Pearl City Peninsula Solar Park,PV,SUN,2012,1
58675.0,Chocowinity Solar LLC,PV,SUN,2014,5
58674.0,Cirrus Solar LLC,PV,SUN,2014,5
58673.0,Gates Solar LLC,PV,SUN,2015,5
58670.0,Turkey Branch Solar LLC,PV,SUN,2014,5
58669.0,Selma Solar LLC,PV,SUN,2014,5
58668.0,Rockwell Solar LLC,PV,SUN,2014,3
58667.0,Biscoe Solar LLC,PV,SUN,2014,5
58666.0,Alexander Wind Farm LLC,WT,WND,2015,50
58665.0,"Celina Solar Project #1, LLC",PV,SUN,2012,4
58664.0,Frito Lay Incorporated,GT,NG,2009,4
58663.0,Holsum Elm Dairy,IC,OBG,2006,0
58661.0,Cape Cod Air Force Station - 6 SWS,WT,WND,2014,2
58660.0,Utah Red Hills Renewable Energy Park,PV,SUN,2015,80
58659.0,Aloha Solar Energy Fund 1 PK1,PV,SUN,2017,5
58658.0,Courtenay Wind Farm,WT,WND,2016,200
58657.0,Odell Wind Farm,WT,WND,2016,200
58656.0,Waihonu South Solar,PV,SUN,2016,0
58655.0,Waihonu North Solar,PV,SUN,2016,0
58654.0,Jersey Gardens Phase 2,PV,SUN,2012,2
58653.0,Jersey Gardens Phase 1,PV,SUN,2011,1
58651.0,Kalaeloa Renewable Energy Park,PV,SUN,2014,5
58650.0,North Brookfield,PV,SUN,2014,3
58649.0,Montgomery Solar LLC,PV,SUN,2015,20
58647.0,Port Richmond WWT Solar,PV,SUN,2015,1
58646.0,Stateline Solar,PV,SUN,2015,294
58644.0,Silver State Solar Power South,PV,SUN,2015,247
58643.0,Rockford Solar Farm,PV,SUN,2012,2
58642.0,Tulare 1 and 2,PV,SUN,2014,2
58640.0,KRS II Koloa Solar,PV,SUN,2014,13
58639.0,KRS I Anahola Solar,PV,SUN,2015,18
58638.0,Orbit Energy Charlotte,IC,OBG,2016,5
58636.0,Sacramento Fairbain Water Treatment Plan,PV,SUN,2013,1
58635.0,Museum of Science and Industry,IC,NG,2003,1
58634.0,Lancaster Baptist Church,PV,SUN,2011,1
58633.0,Monterey Regional Water Pollution Contro,PV,SUN,2010,1
58632.0,Actus Lend Lease DMAFB,PV,SUN,2009,3
58631.0,Queen Anne's County,PV,SUN,2013,2
58630.0,RP Wind,WT,WND,2013,3
58629.0,"Lightning Dock Geothermal HI-01, LLC",BT,GEO,2013,4
58628.0,Simon Solar Farm LLC,PV,SUN,2013,30
58627.0,Western Antelope Dry Ranch,PV,SUN,2016,10
58626.0,Western Antelope Blue Sky Ranch A,PV,SUN,2014,20
58625.0,Santa Rita Jail,BA,MWH,2001,5
58624.0,Berkshire 1,PV,SUN,2011,1
58623.0,Holstein Plant,PV,SUN,2015,20
58622.0,Carter Hydro,HY,WAT,2012,2
58621.0,Sol Orchard El Centro PV,PV,SUN,2013,20
58620.0,Canton Mountain Wind,WT,WND,2017,22
58619.0,Transamerica Pyramid,IC,NG,2007,0
58618.0,Butler Plaza,PV,SUN,2010,1
58617.0,Water Reclamation Plant,IC,OBG,2003,2
58616.0,Westlands Solar PV Farm,PV,SUN,2014,18
58615.0,Indianapolis Motor Speedway Solar PV,PV,SUN,2014,9
58614.0,Patriot Wind Farm,WT,WND,9999,178
58613.0,Synata Hugoton,ST,NG,2013,21
58612.0,Otoe Solar Power Generation Station 1 LL,PV,SUN,2013,1
58611.0,Powhatan Solar Power Generation Station 1 LLC,PV,SUN,2013,1
58610.0,Navajo Solar Power Generation Station 1 LLC,PV,SUN,2013,1
58609.0,Industry Solar Power Generation Station 1 LLC,PV,SUN,2013,1
58608.0,Saddleback Ridge Wind Farm,WT,WND,2014,33
58607.0,One Market Plaza,IC,NG,2003,0
58605.0,Blueberry One,PV,SUN,2016,5
58604.0,Granite Peak Solar Plant,PV,SUN,2015,3
58603.0,Greenville Solar Plant,PV,SUN,2015,2
58602.0,Laho Solar Plant,PV,SUN,2015,3
58601.0,Milford Flat Solar Plant,PV,SUN,2015,3
58600.0,Buckhorn Solar Plant,PV,SUN,2015,3
58599.0,Cedar Valley Solar Plant,PV,SUN,2015,3
58598.0,Beryl Solar Plant,PV,SUN,2015,3
58597.0,HTW Plant 303 COGEN,GT,NG,2008,7
58596.0,"Grandview Wind Farm, LLC",WT,WND,2014,211
58595.0,Indeck Energy-Alexandria,ST,WDS,2008,16
58594.0,Steele Flats Wind Project LLC,WT,WND,2013,74
58593.0,DGS Central Utility Plant,ST,NG,2010,2
58592.0,Solar Gen 2,PV,SUN,2014,153
58591.0,POTB Digester,IC,OBG,2013,1
58590.0,Cascade Solar,PV,SUN,2014,18
58589.0,Rio Rancho High School,PV,SUN,2013,1
58588.0,Sue Cleveland High School,PV,SUN,2013,1
58587.0,Tuscola Wind II LLC,WT,WND,2013,100
58586.0,Town of East Bridgewater,PV,SUN,2013,2
58585.0,Sierra Nevada Brewing Co,GT,NG,2005,4
58584.0,Princeton University Cogeneration,GT,NG,1996,19
58583.0,Forbes Street Solar,PV,SUN,2013,3
58582.0,Oltmans SCE at Jurupa,PV,SUN,2013,1
58581.0,Oltmans SCE at Champagne,PV,SUN,2013,1
58580.0,Pheasant Run Wind LLC,WT,WND,2013,74
58579.0,Laverne Battery,BA,MWH,2013,1
58578.0,Sonora 1,PV,SUN,2013,1
58577.0,Veolia ES Blackfoot Landfill Facility,IC,LFG,2009,2
58576.0,GSE NM1,PV,SUN,2011,2
58575.0,Smithfield Farmland Kinston,IC,DFO,2013,8
58574.0,Eagle Valley Clean Energy LLC Biomass,ST,WDS,2013,12
58572.0,Lakeland Solar Energy LLC,PV,SUN,2013,0
58571.0,Tucannon River Wind Farm,WT,WND,2014,266
58570.0,Enel Cove Fort,BT,GEO,2013,24
58569.0,Paradise Solar Energy Center,PV,SUN,2011,5
58568.0,Cottage Street Solar Facility,PV,SUN,2014,3
58565.0,Gettysburg Energy & Nutrient Rec Facility,ST,OBS,2013,3
58564.0,Frenchtown III Solar,PV,SUN,2013,7
58563.0,Hometown Bio Energy LLC,IC,OBG,2013,8
58562.0,Montana Power Station,GT,NG,2015,524
58561.0,Merrimac Solar,PV,SUN,2013,1
58560.0,Halifax County Biomass,ST,WDS,2013,49
58559.0,Bi-County Gas Producers,IC,LFG,2011,3
58558.0,Onslow Power Producers,IC,LFG,2013,2
58557.0,Mesquite Generating Station Block 1,CT,NG,2003,691
58556.0,"Indy Solar II, LLC",PV,SUN,2013,10
58555.0,Oshkosh Foundation Rosedale Biodigester LLC,IC,OBG,2014,1
58554.0,"Somers Solar Center, LLC",PV,SUN,2013,5
58553.0,"Indy Solar III, LLC",PV,SUN,2013,8
58552.0,"Indy Solar I, LLC",PV,SUN,2013,10
58551.0,Bridgeport Fuel Cell Park,FC,NG,2013,16
58550.0,Owens Corning at Bethlehem,PV,SUN,2013,2
58549.0,Port Allen Solar,PV,SUN,2012,6
58548.0,Huerfano River Wind,WT,WND,2013,8
58547.0,SMPA Solar 1,PV,SUN,2012,1
58546.0,Granger Electric of Watervliet,IC,LFG,2013,2
58545.0,Community Solar 1,PV,SUN,2014,5
58544.0,Mountain View Solar,PV,SUN,2014,20
58543.0,"Gilbert Solar Facility I, LLC",PV,SUN,2011,2
58542.0,"Desert Sunlight 250, LLC",PV,SUN,2013,247
58541.0,SunGen Sharon 1 LLC,PV,SUN,2012,1
58540.0,Silver City WWTP PV Project,PV,SUN,2013,1
58539.0,Lake Pleasant WTP,PV,SUN,2012,6
58538.0,PCSP3 Airport,PV,SUN,2011,2
58537.0,OCI Alamo Solar I,PV,SUN,2013,41
58536.0,Cornerstone Power Holmdel LLC,PV,SUN,2013,3
58535.0,Pickering Solar,PV,SUN,2012,1
58534.0,Westford Solar Park,PV,SUN,2012,4
58533.0,Don A Campbell 1 Geothermal,BT,GEO,2014,22
58531.0,North Carolina Solar Bethea I,PV,SUN,2012,0
58529.0,Progress Manis I,PV,SUN,2012,0
58528.0,Garnet Solar Generation Station I LLC,PV,SUN,2014,4
58527.0,Crown Cooling Facility,PV,SUN,2011,1
58526.0,Uwharrie Mountain Renewable,IC,LFG,2014,6
58525.0,City of Hayward WWTP,IC,OBG,2010,2
58524.0,Neuse River Solar Farm,PV,SUN,2011,1
58523.0,Stoltze CoGen1,ST,WDS,2013,2
58522.0,Madera Community Hospital,PV,SUN,2011,1
58521.0,Manzano Solar,PV,SUN,2013,8
58520.0,Otero Solar,PV,SUN,2013,8
58519.0,Alethea I,PV,SUN,2011,2
58517.0,Vista Grande HS at Casa Grande,PV,SUN,2012,1
58516.0,Union HS at Casa Grande,PV,SUN,2012,1
58515.0,Chattanooga Metropolitan Airport Solar,PV,SUN,2011,2
58514.0,Desert Hot Springs Solar,PV,SUN,2013,2
58513.0,Ironwood Solar LLC,PV,SUN,2012,4
58512.0,Cornerstone Power Vineland I LLC,PV,SUN,2012,3
58511.0,Delta Wind Farm,WT,WND,2008,0
58510.0,Kettleman Solar Project,PV,SUN,2014,1
58509.0,Vintner Solar,PV,SUN,2014,1
58508.0,Bear Creek Solar,PV,SUN,2014,1
58507.0,Montefieor Medical Center Moses Division,GT,NG,1994,13
58506.0,Chuckawalla Solar,PV,SUN,2012,4
58505.0,Livingston Solar Canopies,PV,SUN,2013,6
58504.0,Livingston Solar Farm,PV,SUN,2009,1
58503.0,Carty Generating Station,CT,NG,2016,500
58502.0,Columbia 3,PV,SUN,2014,10
58501.0,Gillespie 1,PV,SUN,2013,15
58500.0,Rio Grande Solar,PV,SUN,2013,5
58499.0,Rosamond Two,PV,SUN,2014,20
58498.0,Rosamond One,PV,SUN,2014,20
58497.0,L&S Sweetners,IC,LFG,2013,2
58496.0,Lincoln Solar,PV,SUN,2012,1
58495.0,"Progress Solar III, LLC",PV,SUN,2012,3
58494.0,"Progress Solar II, LLC",PV,SUN,2012,3
58493.0,"Progress Solar 1, LLC",PV,SUN,2012,4
58492.0,"Ararat Rock Solar, LLC",PV,SUN,2012,3
58491.0,"Sandy Cross Solar, LLC",PV,SUN,2012,1
58490.0,Spectrum Solar PV Power Project,PV,SUN,2013,30
58489.0,Apex Solar PV Power Project,PV,SUN,2012,20
58488.0,"Bryan Solar, LLC",PV,SUN,2013,10
58487.0,Granville Solar PV Power Project,PV,SUN,2012,2
58486.0,"Picture Rocks Solar, LLC",PV,SUN,2012,20
58485.0,Upson Rocky Creek Solar Plant,PV,SUN,2012,1
58484.0,MAS ASB Cogen Plant,IC,LFG,2012,6
58483.0,Tinton Falls Solar Farm,PV,SUN,2012,16
58482.0,"Azalea Solar, LLC",PV,SUN,2013,7
58481.0,CSU Pueblo,PV,SUN,2008,1
58480.0,Plymouth Solar LLC,PV,SUN,2012,5
58479.0,SEV NM Phase 2,PV,SUN,2013,2
58478.0,LEPA Unit No. 1,CT,NG,2016,74
58477.0,Las Vegas WPCF Solar Plant,PV,SUN,2013,3
58476.0,Dart Container Corp,GT,LFG,2012,10
58475.0,Battery Utility of Ohio,BA,MWH,2014,4
58474.0,Buffalo Dunes Wind Project,WT,WND,2013,249
58473.0,Bruce A Henry Solar Farm,PV,SUN,2013,4
58472.0,Buena Vista Biomass Power,ST,WDS,2012,22
58471.0,Ector County Energy Center,GT,NG,2015,358
58470.0,C-Drop Hydro,HY,WAT,2012,1
58469.0,HNL Emergency Power Facility,IC,OBL,2017,8
58467.0,Campo Verde Solar,PV,SUN,2013,147
58466.0,Mesa Solar Array,PV,SUN,2013,4
58465.0,Broadview Energy Prime 2 LLC,WT,WND,2014,9
58464.0,Broadview Energy Prime LLC,WT,WND,2014,9
58463.0,Herbert Farm Solar,PV,SUN,2012,5
58462.0,McCoy Solar Energy Project,PV,SUN,2015,266
58461.0,Wiota,WT,WND,2012,1
58460.0,Sky Volt,WT,WND,2012,1
58459.0,Meadow Ridge,WT,WND,2012,1
58458.0,Greenfield Wind,WT,WND,2012,1
58457.0,Fontanelle,WT,WND,2012,1
58456.0,Cumberland Rose,WT,WND,2012,1
58455.0,45 Mile Hydroelectric Project,HY,WAT,2015,3
58454.0,Watts 3115,PV,SUN,2013,1
58453.0,Dixon Dairy Road Solar,PV,SUN,2011,4
58452.0,Horn,PV,SUN,2013,1
58451.0,Ma,PV,SUN,2013,1
58450.0,Vinam,PV,SUN,2013,1
58449.0,Rutan,PV,SUN,2014,3
58448.0,Nunn,PV,SUN,2013,1
58447.0,Arrache 8083,PV,SUN,2013,3
58446.0,Arrache 4013,PV,SUN,2013,1
58445.0,Arrache 4006,PV,SUN,2013,2
58444.0,Junction Hilltop Wind Farm,WT,WND,2012,8
58443.0,Martin Limestone Solar Array,PV,SUN,2012,1
58441.0,Swauk Wind LLC,WT,WND,2012,4
58440.0,CBS Studio Center,FC,NG,2013,0
58439.0,Collinwood BioEnergy Facility,IC,OBG,2011,1
58438.0,Spearfish Hydro,HY,WAT,1912,4
58437.0,Ameresco Forward,IC,LFG,2014,4
58436.0,Ameresco San Joaquin,IC,LFG,2014,4
58435.0,Ameresco Vasco Road,IC,LFG,2014,4
58433.0,Red Lion Energy Center,FC,NG,2012,23
58432.0,Houweling Nurseries,IC,NG,2012,12
58431.0,West Tennessee Solar Farm,PV,SUN,2012,4
58430.0,Centinela Solar Energy,PV,SUN,2013,173
58429.0,Sunshine Gas Producers,GT,LFG,2014,20
58428.0,LSU Cogen,GT,NG,2004,19
58427.0,Lansing BWL REO Town Plant,CT,NG,2013,98
58426.0,Panda Patriot Generation Plant,CS,NG,2016,870
58425.0,Fire Island Wind,WT,WND,2012,18
58424.0,Harbor Wind LLC,WT,WND,2012,9
58423.0,Southbridge PV,PV,SUN,2014,3
58422.0,CSU Northridge Plant,FC,NG,2001,0
58421.0,Missouri Center for Waste to Energy,IC,LFG,2014,2
58420.0,Panda Liberty Generation Plant,CS,NG,2016,870
58419.0,Victor Dry Farm Ranch B,PV,SUN,2015,5
58418.0,Victor Dry Farm Ranch A,PV,SUN,2015,5
58417.0,Lone Valley Solar Park I LLC,PV,SUN,2014,10
58416.0,Headwaters Wind Farm LLC,WT,WND,2014,200
58414.0,NLMU Wind,WT,WND,2011,1
58413.0,Copper Crossing Energy Center,GT,NG,9999,0
58412.0,Maynard PV,PV,SUN,2014,1
58411.0,Orange PV,PV,SUN,2013,2
58410.0,Marshfield PV,PV,SUN,2013,3
58408.0,Maryland Solar,PV,SUN,2013,27
58407.0,Luther College Wind Project,WT,WND,2011,1
58405.0,ESS Battery Microgrid,BA,MWH,2012,3
58404.0,Pantex,WT,WND,2014,11
58403.0,Bellingham PV,PV,SUN,2013,3
58402.0,Solar Star New Jersey NJ LLC,PV,SUN,2012,1
58401.0,Volkswagen Solar System,PV,SUN,2012,9
58400.0,Central Energy Facility,GT,NG,2000,9
58399.0,Synergy Biogas,IC,OBG,2011,1
58398.0,Heber Solar,PV,SUN,2014,10
58397.0,Ameresco Johnson Canyon,IC,LFG,2013,1
58395.0,Alta Wind XI,WT,WND,2014,90
58394.0,Alta Wind X,WT,WND,2014,138
58392.0,Flint Creek Hydroelectric LLC,HY,WAT,2013,2
58391.0,IND Solar Farm 1st Phase,PV,SUN,2013,10
58390.0,Jordan Hydroelectric Project,HY,WAT,2012,4
58389.0,Solar Star 2,PV,SUN,2014,277
58388.0,Solar Star 1,PV,SUN,2014,317
58387.0,CES Sterling LLC,PV,SUN,2013,2
58386.0,CU Solar Plant,PV,SUN,2013,1
58385.0,Northbridge Solar,PV,SUN,2013,1
58384.0,Fargo Drop,HY,WAT,2013,1
58383.0,Hyder II,PV,SUN,2013,14
58382.0,Threemile Digester,IC,OBG,2012,3
58381.0,Bryan Solar Field,PV,SUN,2012,2
58380.0,JBER Landfill Gas Power Plant,IC,LFG,2012,10
58379.0,Cold Canyon 1,IC,LFG,2013,1
58378.0,W.A. Parish Carbon Capture Plant,GT,NG,2013,102
58377.0,Rochelle Energy Center,IC,LFG,2011,3
58376.0,Oakley Solar Project,PV,SUN,2013,1
58375.0,Triton East and West Cogen,IC,NG,1998,0
58374.0,Corcoran Solar,PV,SUN,2013,20
58373.0,White River Solar,PV,SUN,2013,20
58372.0,Blue Summit Wind LLC,WT,WND,2012,135
58371.0,Gridley Main Two,PV,SUN,2013,2
58370.0,Gridley Main,PV,SUN,2013,1
58366.0,Atwell Island,PV,SUN,2013,20
58365.0,CJTS Energy Center,FC,NG,2001,0
58364.0,Tissington Solar,PV,SUN,9999,4
58363.0,Majestic II Wind,WT,WND,2012,79
58362.0,Quittacas Pond Solar,PV,SUN,2013,3
58361.0,Williams-Sonoma Solar Facility,PV,SUN,2011,3
58360.0,Atlantic Coast Freezers Solar Facility,PV,SUN,2012,2
58359.0,Gerresheimer Glass Solar Facility,PV,SUN,2012,2
58358.0,North Jersey Media Group Solar Facility,PV,SUN,2013,4
58357.0,Amazon,PV,SUN,2011,4
58356.0,The Lawrenceville School Solar Facility,PV,SUN,2012,5
58355.0,Radiance Solar 5,PV,SUN,2013,1
58354.0,Radiance Solar 4,PV,SUN,2013,1
58352.0,McKinley Paper Co. - Washington Mill,ST,WDS,2013,20
58351.0,Tuscola Bay Wind,WT,WND,2012,120
58350.0,McCallum Farm,PV,SUN,2013,5
58349.0,Bolton Farm,PV,SUN,2013,5
58348.0,Two Lines Farm,PV,SUN,2013,5
58347.0,Rock Farm,PV,SUN,2013,5
58346.0,Dibrell Farm,PV,SUN,2013,5
58345.0,Mt Olive Farm 2,PV,SUN,2013,5
58344.0,AM Best Farm,PV,SUN,2013,5
58343.0,Yanceyville Farm,PV,SUN,2013,5
58342.0,Wilson Farm 1,PV,SUN,2013,5
58341.0,White Cross Farm,PV,SUN,2013,5
58340.0,Roxboro Farm,PV,SUN,2014,5
58339.0,New Bern Farm,PV,SUN,2014,5
58338.0,Moorings Farm,PV,SUN,2013,5
58337.0,Moore Solar Farm,PV,SUN,2013,5
58336.0,Mile Farm,PV,SUN,2014,5
58335.0,Marshville Farm,PV,SUN,2013,5
58334.0,Lenoir Farm 2,PV,SUN,2013,5
58333.0,Lenoir Farm,PV,SUN,2013,5
58332.0,Haynes Farm,PV,SUN,2013,5
58330.0,The Andersons Albion Ethanol LLC,GT,NG,2006,10
58329.0,UMMS at Pocomoke,PV,SUN,2013,2
58328.0,North Chicago Energy Center,GT,NG,2003,12
58327.0,Bradley Energy Center,IC,NG,2002,4
58326.0,PWD Northeast WPCP Biogas Cogen Plant,IC,OBG,2013,4
58325.0,Charles D. Lamb Energy Center,GT,NG,2015,122
58324.0,Vansycle II Wind Energy Center,WT,WND,2009,98
58323.0,Shannon Farm,PV,SUN,2012,5
58322.0,Prairie Breeze,WT,WND,2014,206
58321.0,Goldthwaite Wind Energy Facility,WT,WND,2013,150
58320.0,G2 Energy Hay Rd,IC,LFG,2013,1
58319.0,"Patua Acquisition Project, LLC",BT,GEO,2013,58
58318.0,Farrington Farm,PV,SUN,2012,1
58317.0,Watts Farm,PV,SUN,2012,5
58316.0,Railroad Farm,PV,SUN,2012,5
58315.0,Arndt Farm,PV,SUN,2012,5
58314.0,Belwood Farm,PV,SUN,2012,4
58313.0,Mocksville Farm,PV,SUN,2012,5
58312.0,Warrenton Farm,PV,SUN,2012,4
58311.0,Chadbourn Farm,PV,SUN,2012,5
58310.0,Lake Charles Plant,ST,WH,2012,36
58309.0,Porterville Solar,PV,SUN,2014,3
58308.0,Lindsay Solar,PV,SUN,2014,3
58307.0,Ivanhoe Solar,PV,SUN,2014,2
58306.0,Exeter Solar,PV,SUN,2014,3
58305.0,PCIP Solar,PV,SUN,2011,1
58304.0,Kingsburg Solar,PV,SUN,2013,2
58303.0,Taylor Farms Salinas,FC,NG,2012,1
58302.0,Life Technologies Carlsbad,FC,NG,2012,1
58301.0,Juniper Networks Sunnyvale,FC,NG,2012,1
58300.0,Honda Torrance,FC,NG,2012,1
58299.0,Xilinx San Jose,FC,NG,2012,1
58298.0,Roll Lost Hills,FC,NG,2012,1
58297.0,Roll Delano,FC,NG,2012,1
58296.0,Roll Delano 2,FC,NG,2012,1
58295.0,SREC Bath LFGTE,IC,LFG,2010,2
58293.0,Paradise Valley H.S. PV,PV,SUN,2013,1
58292.0,Jewish Community Center PV,PV,SUN,2012,1
58291.0,Tehachapi Spindle,FW,MWH,9999,20
58290.0,Venable Solar 2,PV,SUN,2015,1
58289.0,Venable Solar 1,PV,SUN,2015,1
58284.0,La Luz Energy Center,GT,NG,2015,84
58283.0,Freetown Solar,PV,SUN,2015,5
58282.0,Leicester One MA Solar LLC,PV,SUN,2015,6
58280.0,Millbury Solar,PV,SUN,2014,3
58279.0,Mass Midstate Solar 1,PV,SUN,2014,5
58278.0,TNSG North Plant,GT,NG,2008,24
58277.0,Paia Hydroelectric Plant,HY,WAT,1912,1
58276.0,Mass Midstate Solar 2,PV,SUN,2014,5
58275.0,Mass Midstate Solar 3,PV,SUN,2014,4
58274.0,Raeford Farm,PV,SUN,2012,5
58273.0,South Robeson Farm,PV,SUN,2012,5
58272.0,Easthampton Landfill-City of Easthampton,PV,SUN,2012,1
58271.0,Acushnet Hawes Reed Road,PV,SUN,2012,1
58270.0,Acushnet AD Makepeace,PV,SUN,2012,4
58269.0,Bay View Backup Power Facility,IC,NG,2007,12
58268.0,UNC-CH LFG Facility,IC,LFG,2013,1
58266.0,Port Westward Unit 2,IC,NG,2014,216
58265.0,NCAH Central Utility Plant,IC,DFO,1996,14
58264.0,Apple Data Center - Fuel Cell 1&2,FC,LFG,2012,10
58263.0,Bay View Cogeneration Facility,ST,LFG,2010,11
58262.0,Badger 1,PV,SUN,2013,14
58261.0,FAA NorCal TRACON,PV,SUN,2012,1
58260.0,Brunswick County Power Station,CT,NG,2016,1470
58259.0,Kalaeloa Solar Two,PV,SUN,2012,5
58258.0,Central Utilities Plant LAX 2,GT,NG,2015,8
58257.0,Upper Pacolet Hydro,HY,WAT,2013,1
58256.0,Los Alamos PV Site,PV,SUN,2012,3
58255.0,Rubart,IC,NG,2014,120
58254.0,Chatham,GT,NG,2013,6
58253.0,CBS Television City,PV,SUN,2013,1
58252.0,Alpha Ridge LFG,IC,LFG,2012,1
58251.0,C&H Sugar Plant,ST,PUR,1957,8
58250.0,Tullytown,IC,LFG,2013,1
58249.0,VA Sepulveda Ambulatory Care Center,PV,SUN,2014,3
58248.0,Pierce College,PV,SUN,2013,1
58246.0,Millersville LFG,IC,LFG,2012,2
58245.0,Northeastern Illinois University Cogen,IC,NG,1995,0
58244.0,West Valley High School Solar,PV,SUN,2012,1
58243.0,Kent County - Worton Complex,PV,SUN,2012,1
58242.0,Pattern Panhandle Wind LLC,WT,WND,2014,218
58241.0,Rock Hall,PV,SUN,2012,1
58240.0,Kit Carson,PV,SUN,2012,1
58239.0,Kent County-Kennedyville,PV,SUN,2012,1
58238.0,Georgia Mountain Community Wind Farm,WT,WND,2012,10
58237.0,CCSU Fuel Cell Project,FC,NG,2012,1
58236.0,Marshalltown Generating Station,CT,NG,2017,704
58235.0,Clayville,GT,NG,2015,73
58234.0,SEPV 8,PV,SUN,2013,12
58233.0,Wagner Wind LLC,WT,WND,2012,6
58232.0,Tahquitz High School,PV,SUN,2012,1
58231.0,Lincoln Financial Field,PV,SUN,2013,2
58230.0,Hastings,IC,DFO,2000,8
58229.0,Lake Marion,IC,DFO,2000,8
58228.0,Milford Solar Farm,PV,SUN,2012,11
58227.0,SEPV9 Power Plant,PV,SUN,2013,9
58226.0,Newberry Solar 1 LLC,PV,SUN,2013,1
58224.0,CCSU Co-Gen-STBY Gen,IC,NG,1993,2
58223.0,Hoag Hospital Cogen Plant,IC,NG,2006,3
58222.0,E.B. Eddy Paper Inc,ST,NG,1969,5
58220.0,Haviland Plastic Products,WT,WND,2013,3
58219.0,GL Dairy Biogas,IC,OBG,2013,1
58218.0,Spion Kop Wind Farm,WT,WND,2012,40
58217.0,Grassland 1&2 Solar Project,PV,SUN,2013,2
58216.0,J.R. Simplot Company,ST,WH,1993,4
58215.0,Lee Combined Cycle Plant,CT,NG,2012,920
58214.0,West Greenwich Solar,PV,SUN,2013,1
58213.0,Saddle Mountain Solar I,PV,SUN,2012,15
58212.0,Buzzard Roost GT,GT,NG,1971,190
58211.0,Hudson Ranch Power II LLC,ST,GEO,9999,55
58210.0,NFM Solar Power LLC,PV,SUN,2012,1
58209.0,"NextEra-Blackwell Wind, LLC",WT,WND,2012,59
58208.0,Cinnamon Bay Edgeboro Landfill,IC,LFG,2011,9
58207.0,Central Utility Plant at White Oak,GT,NG,2003,50
58206.0,West Gates Solar Station,PV,SUN,2013,10
58205.0,Grand Ave Plant,ST,NG,1991,5
58204.0,Grassland 3&4 Solar Project,PV,SUN,2013,2
58203.0,"Minco Wind III, LLC",WT,WND,2012,100
58202.0,RE Victor Phelan Solar One LLC,PV,SUN,2013,20
58201.0,Monroe Community College Plant,IC,NG,2004,4
58200.0,Burnside Alumina Plant,ST,NG,1957,12
58199.0,Arizona State University CHP,CS,NG,2006,9
58198.0,Parnassus Central Utility Plant,CT,NG,1996,11
58197.0,Poet Biorefining Lake Crystal,IC,DFO,2005,7
58196.0,Cargill Salt Hersey,ST,NG,1998,2
58195.0,East Campus Steam Plant,GT,NG,2011,7
58194.0,West Campus Steam Plant,ST,BIT,1938,9
58193.0,Bonanza BioEnergy LLC,ST,NG,2008,2
58192.0,Arkalon Ethanol LLC,ST,NG,2008,3
58191.0,US Magnesium,GT,NG,1972,48
58190.0,Thomas M Knott Cogen Facility,GT,NG,2003,1
58187.0,180 Raritan Solar,PV,SUN,2012,1
58186.0,HVCC Cogen Plant,IC,NG,2004,5
58185.0,Amherst College Co Gen,GT,NG,2006,1
58184.0,Rand Whitney CHP Plant,GT,NG,2005,14
58183.0,Prairie Horizon Agri Energy,ST,NG,2006,2
58181.0,Loyola University Health Plant,GT,NG,2005,10
58180.0,UNH 7.9 MW Plant,GT,LFG,2006,7
58179.0,MTSU Power Co-Gen Plant,IC,DFO,1997,15
58178.0,M. G. Emmett J. Bean Federal Center,PV,SUN,2011,2
58177.0,Kishwaukee CHP Plant,IC,OBG,2010,3
58174.0,Wilson Solar,PV,SUN,2013,2
58173.0,BMW Manufacturing Co,GT,LFG,2009,10
58172.0,Seaside Heights Power Plant,IC,DFO,2012,6
58171.0,Prairie Fire,PV,SUN,2012,4
58170.0,Crafton Hills College Solar Farm,PV,SUN,2012,1
58169.0,CSUF Trigeneration,GT,NG,2010,7
58168.0,Energy Center,IC,NG,2007,1
58167.0,William Floyd School District,IC,NG,2004,3
58166.0,Smith College Central Heating Plant,GT,NG,2008,5
58165.0,College of New Jersey,IC,NG,1996,6
58164.0,Slayton Solar,PV,SUN,2013,1
58163.0,Mercy Medical Center,IC,DFO,1959,0
58162.0,Cirrus Wind 1 LLC,WT,WND,2012,61
58161.0,Western Michigan University Power Plant,CT,NG,1997,10
58160.0,Williams College - Campus CHP,IC,DFO,2003,10
58159.0,UCONN Cogen Facility,CT,NG,2006,23
58158.0,Wesleyan University Cogen 1,IC,NG,2009,2
58157.0,University of Rochester,ST,NG,2005,25
58156.0,SUNY Old Westbury College,IC,NG,2007,1
58155.0,Perrin Ranch Wind LLC,WT,WND,2012,99
58154.0,North Sky River Energy LLC,WT,WND,2012,162
58153.0,Eastern Maine Medical Center,GT,NG,2006,3
58152.0,Danbury Hospital Cogen Plant,GT,NG,2011,4
58151.0,Central Utility Plant - Texas A&M,CT,NG,1956,50
58150.0,Black Cap Solar Plant,PV,SUN,2012,2
58149.0,TA-High Desert LLC,PV,SUN,2013,20
58148.0,RE Kansas South LLC,PV,SUN,2013,20
58147.0,Prescott Solar Plant,PV,SUN,2011,10
58146.0,Twin Rivers Paper Co LLC,ST,PUR,1987,22
58145.0,Williamstown Solar,PV,SUN,2012,2
58144.0,SVEP Solar Project Company,PV,SUN,2012,2
58142.0,Rock Creek Dairy,IC,OBG,2012,2
58141.0,Groton Wind LLC,WT,WND,2012,48
58140.0,Summit Street Power Plant,GT,NG,2003,12
58139.0,Central Energy Plant USU,GT,NG,2004,5
58138.0,Otter Creek Ethanol Poet - Ashton,GT,NG,2004,7
58137.0,Ensign Wind LLC,WT,WND,2012,98
58136.0,Adkins Energy LLC,GT,NG,2002,5
58135.0,Washington White Post Solar LLC,PV,SUN,2012,12
58134.0,Oberlin Spear Point Solar One,PV,SUN,2012,2
58132.0,Kaiser Ontario,FC,OBG,2012,0
58131.0,Outback Solar At Christmas Valley,PV,SUN,2012,4
58130.0,Blue Mountain Biogas,IC,OBG,2012,2
58129.0,Prairies Edge Generating Facility,IC,NG,2011,1
58128.0,Kaiser Downey,FC,LFG,2012,0
58127.0,Limon Wind II,WT,WND,2012,200
58126.0,Limon Wind I,WT,WND,2012,200
58125.0,Quay County,GT,DFO,2013,27
58124.0,Rothschild Biomass Cogen Facility,ST,WDS,2013,57
58123.0,Wakefern Food Corp,PV,SUN,2012,2
58122.0,Delano Energy Center,GT,NG,2013,48
58121.0,Echo Wind Park,WT,WND,2014,161
58119.0,Depot Park Solar System,PV,SUN,2010,3
58118.0,La Joya Del Sol,PV,SUN,2012,1
58117.0,TNSG South Plant,IC,NG,1992,5
58116.0,Cellu Tissue,IC,NG,2009,3
58114.0,Foundation NWNA,WT,WND,2012,2
58113.0,Foundation RRM,WT,WND,2012,2
58112.0,Foundation Cemex Madison,WT,WND,2012,1
58111.0,Bishop Hill II Wind Farm,WT,WND,2012,81
58110.0,Brookside Newark,FC,NG,2012,3
58109.0,Georgia-Pacific Toledo Mill,ST,BLQ,2007,36
58108.0,International Paper Red River Mill,ST,BLQ,2008,78
58106.0,Meadow Creek Project Company,WT,WND,2012,119
58105.0,Foundation Wal-Mart Red Bluff,WT,WND,2012,1
58104.0,Foundation Superior Farms,WT,WND,2012,1
58103.0,Heritage Garden Wind Farm I LLC,WT,WND,2012,28
58102.0,Foundation Cemex BMQ,WT,WND,2012,2
58101.0,Foundation Cemex River Plant,WT,WND,2012,2
58100.0,Kern Oil & Refining Co,GT,NG,2002,4
58098.0,El Cabo Wind,WT,WND,2017,298
58097.0,Green Meadows,PV,SUN,2014,3
58096.0,Bed Bath & Beyond DC Port Reading NJ,PV,SUN,2011,1
58095.0,Harmon DC Totowa NJ,PV,SUN,2012,1
58094.0,Christmas Tree Shops DC Burlington NJ,PV,SUN,2011,2
58093.0,BBB Corporate Headquarters,PV,SUN,2010,1
58091.0,Keystone Solar,PV,SUN,2012,5
58090.0,Middlesex Apple Orchard Solar,PV,SUN,2013,4
58089.0,Roeder Family Wind Farm LLC,WT,WND,2011,1
58088.0,Stony Creek Wind Farm NY,WT,WND,2013,94
58087.0,Pea Patch Wind Farm,WT,WND,9999,50
58086.0,Intel Folsom,PV,SUN,2010,0
58085.0,PRC-Desoto Intl/PPG Aerospace,IC,DFO,1999,1
58084.0,"Kimberly Clark-Unit 1,2,3",CT,NG,2008,36
58083.0,Fullerton Mill CHP,CT,NG,2002,21
58082.0,AMP Napoleon Solar Facility,PV,SUN,2012,3
58081.0,Western Sugar Coop- Ft Morgan,ST,SUB,1947,3
58080.0,Wolf Ridge Wind,WT,WND,2008,112
58079.0,Newark Energy Center,CT,NG,2015,735
58078.0,Rocky Ridge Wind Project,WT,WND,2012,148
58076.0,Edwards Air Force Base,PV,SUN,2011,3
58075.0,El Dorado Refinery,GT,NG,1996,38
58074.0,SEPV 2,PV,SUN,2012,2
58073.0,SEPV 1,PV,SUN,2012,2
58071.0,Windwalkers LLC,WT,WND,2011,1
58070.0,Mercer Mall,PV,SUN,2012,1
58069.0,PRSI FCC Generator,ST,PC,1979,4
58068.0,SunE CPS1 LLC,PV,SUN,2012,10
58066.0,"PCA, Filer City Mill",ST,NG,1950,19
58065.0,Charlestown Wind Turbine,WT,WND,2011,1
58064.0,Laredo Bus Facility Solar Canopies,PV,SUN,2012,1
58063.0,SABIC Innovative Plastics Mt. Vernon,GT,NG,1996,113
58062.0,Imperial Valley Solar Company 1 LLC,PV,SUN,2012,23
58061.0,Decatur-Morgan Co LFG Recovery Project,IC,LFG,2010,0
58058.0,Paramount Refinery,GT,NG,2002,6
58057.0,MillerCoors Shenandoah Brewery,GT,OBG,2012,1
58056.0,MillerCoors Irwindale Brewery,GT,NG,2002,12
58055.0,Windy Ridge Generating Facility,IC,OBG,2012,0
58054.0,Burgess BioPower,ST,WDS,2013,75
58053.0,Vitro Flat Glass LLC,IC,DFO,1983,2
58052.0,Battle Creek Mill,ST,NG,1951,4
58051.0,Vitro Architectural Glass (PA),IC,DFO,1972,4
58049.0,Jordache Enterprises Solar,PV,SUN,2011,1
58048.0,BayWa r.e Mozart LLC,WT,WND,2012,30
58047.0,PPG Monroeville Chemicals Center,IC,DFO,1998,0
58046.0,Works 53,IC,DFO,1967,2
58045.0,Community Wind South,WT,WND,2012,30
58044.0,"Anchor Wind, LLC",WT,WND,2012,6
58043.0,Lilly Technical Center,IC,DFO,1996,7
58042.0,Black Mountain Solar LLC,PV,SUN,2012,9
58041.0,Chisholm View Wind Project,WT,WND,2012,299
58040.0,United Stationers Supply Solar Electric,PV,SUN,2011,2
58039.0,Axium Modesto Solar,PV,SUN,2012,25
58038.0,Buffalo Center Wind LLC,WT,WND,2011,1
58037.0,Buckeye Union HS District 201,PV,SUN,2011,3
58036.0,Riverside Renewable Energy LLC,PV,SUN,2011,7
58035.0,Block Island Wind Farm,WS,WND,2016,30
58034.0,Nickel 1 Solar Facility,PV,SUN,2012,1
58032.0,Padelford Solar,PV,SUN,2012,2
58030.0,Reeves Station Rd East,PV,SUN,2012,5
58029.0,Constellation New Energy Inc,PV,SUN,2011,3
58028.0,IKEA Tejon 345,PV,SUN,2011,1
58027.0,SunE CPS2 LLC,PV,SUN,2012,10
58026.0,Spruce Mountain WInd,WT,WND,2011,20
58025.0,Mt Wachusett Community College,WT,WND,2011,2
58024.0,St Joseph Landfill Generating Station,IC,LFG,2011,1
58023.0,Evergreen Community Power,ST,WDS,2009,33
58022.0,Neal Hot Springs Geothermal Project,BT,GEO,2012,33
58021.0,Whitetail,WT,WND,2012,92
58020.0,Beebe Renewable Energy LLC,WT,WND,2012,81
58019.0,High Mesa,WT,WND,2012,40
58018.0,Shooting Star,WT,WND,2012,104
58017.0,Copper Mountain Solar 2,PV,SUN,2012,154
58016.0,IKEA Westhampton 061,PV,SUN,2013,1
58015.0,IKEA College Park 411,PV,SUN,2012,1
58014.0,IKEA Perryville 460,PV,SUN,2013,2
58013.0,IKEA Round Rock 027,PV,SUN,2012,1
58012.0,IKEA Tampa 042,PV,SUN,2012,1
58011.0,IKEA Savannah 490,PV,SUN,2012,1
58010.0,WSMR I,PV,SUN,2012,4
58009.0,SunE CPS3 LLC,PV,SUN,2012,10
58008.0,California Ridge Wind Energy LLC,WT,WND,2012,217
58007.0,Brea Expansion Plant,CT,LFG,2012,34
58006.0,Salt Palace Solar Gen Plant,PV,SUN,2012,0
58005.0,Panda Sherman Power Station,CT,NG,2014,803
58004.0,Granite Reliable Power,WT,WND,2012,99
58003.0,Alpaugh 50,PV,SUN,2012,50
58002.0,Alpaugh North,PV,SUN,2012,20
58001.0,Panda Temple Power Station,CT,NG,2014,1606
58000.0,"Anacacho Wind Farm, LLC",WT,WND,2012,99
57999.0,Patton Wind Farm,WT,WND,2012,30
57998.0,Twin Ridges Wind Farm,WT,WND,2012,139
57997.0,Foothills Solar Plant,PV,SUN,2013,35
57996.0,Auwahi Wind Energy,WT,WND,2012,35
57995.0,NaturEner Rim Rock Energy,WT,WND,2012,189
57994.0,Apple Data Center PV,PV,SUN,2013,21
57993.0,"Desert Sunlight 300, LLC",PV,SUN,2013,310
57992.0,Boston Scientific Solar,PV,SUN,2012,1
57991.0,Highland North Wind Farm,WT,WND,2012,75
57990.0,Shrewsbury Solar,PV,SUN,2012,2
57989.0,Groveland Solar,PV,SUN,2012,3
57988.0,Lincoln Landfill,IC,LFG,2004,0
57987.0,Canadian Hills Wind,WT,WND,2012,298
57986.0,SunE EPE1 LLC,PV,SUN,2012,10
57985.0,SunE EPE2 LLC,PV,SUN,2012,12
57984.0,Lake Winds Energy Park,WT,WND,2012,100
57983.0,Stephens Ranch Wind Energy LLC,WT,WND,2014,376
57982.0,Meridian Vineyards,PV,SUN,2010,0
57981.0,Senate Wind LLC,WT,WND,2012,150
57980.0,Busch Ranch Wind Energy Farm,WT,WND,2012,29
57979.0,Kingdom Community Wind,WT,WND,2012,65
57978.0,Lodi Energy Center,CT,NG,2012,288
57977.0,High Sierra Cogeneration Plant,IC,NG,2010,6
57976.0,Pocahontas Prairie Wind Farm,WT,WND,2012,80
57975.0,Spearville 3 LLC,WT,WND,2012,108
57974.0,Bobcat Bluff Wind Project LLC,WT,WND,2012,150
57973.0,Spinning Spur Wind LLC,WT,WND,2012,161
57971.0,SF Southeast Cogen Plant,IC,OBG,2002,2
57970.0,Butte College Main Campus Solar,PV,SUN,2011,3
57969.0,Darrington,ST,WDS,2007,4
57968.0,Cashton Greens Wind Farm,WT,WND,2012,5
57967.0,Western Sugar Coop - Torrington,ST,NG,1978,2
57966.0,Southeast Steam Plant,ST,NG,1998,13
57965.0,Musselshell Wind Project Two LLC,WT,WND,2012,10
57964.0,Shady Oaks Wind Farm,WT,WND,2012,109
57963.0,Musselshell Wind Project,WT,WND,2012,10
57962.0,Brookfield Tehachapi 1,WT,WND,2012,102
57959.0,Desert Green Solar Farm LLC,PV,SUN,2014,6
57956.0,"Minco Wind II, LLC",WT,WND,2011,100
57953.0,Roquette America,CT,NG,2004,84
57952.0,Woodall Gas Plant,IC,NG,2012,3
57951.0,Shore Point Solar,PV,SUN,2011,1
57950.0,MSC Croswell,ST,NG,1948,1
57949.0,MSC Sebewaing,ST,BIT,1979,2
57948.0,NJ Oak Solar Plant,PV,SUN,2011,10
57947.0,Macho Springs Power I,WT,WND,2011,50
57946.0,Fredericktown Energy Center,GT,NG,2015,26
57945.0,Berkeley County Landfill,IC,LFG,2011,2
57943.0,Lonesome Creek Station,GT,NG,2013,300
57942.0,Town of Norfolk MA at Medway Branch,PV,SUN,2012,1
57941.0,Town of Uxbridge MA at Commerce Dr,PV,SUN,2012,1
57940.0,Wausau Paper Middletown,ST,BIT,1986,7
57939.0,Walmart Casa Grande,PV,SUN,2011,2
57938.0,ADA Carbon Solutions Red River,ST,WH,2011,20
57937.0,Western Sugar Coop - Scottsbluff,ST,SUB,1987,5
57935.0,Eva Creek Wind,WT,WND,2013,24
57934.0,Douglas Solar,PV,SUN,2012,2
57933.0,Solar Star California II LLC,PV,SUN,2012,2
57931.0,Holyoke Solar Cooperative at Mueller,PV,SUN,2011,2
57930.0,Arzon Solar UASTP Solar Power Station,PV,SUN,2011,1
57929.0,East Campus Utility Plant,IC,DFO,2006,4
57928.0,SIUC,ST,BIT,1998,4
57927.0,Baffin Wind,WT,WND,2014,188
57926.0,Heat Plant 770,ST,NG,2003,1
57924.0,Klamath Solar,PV,SUN,9999,5
57923.0,Tierra Bonita Solar,PV,SUN,9999,22
57922.0,Dry Lake Solar,PV,SUN,9999,50
57921.0,Kettleman Solar,PV,SUN,9999,22
57920.0,Dolan Springs,WT,WND,9999,300
57919.0,Sonoco Products Co,ST,BIT,1947,40
57916.0,Spreckels Sugar Company,ST,NG,1948,8
57915.0,Genesis Alkali,ST,SUB,1953,40
57914.0,Sidney MT Plant,ST,LIG,1950,4
57913.0,Tule Wind LLC,WT,WND,2017,143
57912.0,Grand Ridge Solar Farm,PV,SUN,2012,20
57911.0,Roseburg LFG,IC,LFG,2011,1
57910.0,Centennial Generating Station,IC,DFO,2011,10
57909.0,Piedmont Green Power,ST,WDS,2013,60
57908.0,Central Utility Plant Cincinnati,CT,NG,2004,44
57904.0,San Antonio West Solar Rooftop,PV,SUN,2012,1
57903.0,SMMPA Methane Energy Facility,IC,LFG,2012,1
57902.0,Fighting Creek LFGTE Plant,IC,LFG,2012,2
57901.0,El Segundo Energy Center LLC,CT,NG,2013,536
57900.0,Solar Photovoltaic Project #48,PV,SUN,2015,0
57899.0,Hurricane City Power,IC,NG,1999,13
57898.0,Palm Beach Renewable Energy Facility 2,ST,MSW,2015,96
57897.0,Richmond Energy,IC,LFG,2012,4
57896.0,Concord Energy,GT,LFG,2012,8
57895.0,Improvement Dst No. 4,PV,SUN,2009,1
57894.0,Levy Nuclear Plant,ST,NUC,9999,2500
57893.0,Martinsville LFG Generator,IC,LFG,2012,1
57892.0,Gates Solar Station,PV,SUN,2013,20
57891.0,Guernsey Solar Station,PV,SUN,2013,20
57890.0,"Horse Butte Wind I, LLC",WT,WND,2012,57
57889.0,KODE Novus II,WT,WND,2012,40
57888.0,Harvest 2,WT,WND,2012,59
57887.0,Wildcat Wind,WT,WND,2012,27
57886.0,City West Diesel Plant,IC,DFO,2011,4
57885.0,Wellford Renewable Energy Plant,IC,LFG,2011,1
57884.0,Lake Charles Polymers,IC,NG,2011,30
57883.0,Queen Creek Solar Farm,PV,SUN,2012,19
57882.0,Baldock Solar Highway,PV,SUN,2012,1
57881.0,Pioneer Generating Station,GT,NG,2013,288
57880.0,Eolos Wind Energy Research Field Station,WT,WND,2011,2
57879.0,Perdue Salisbury Photovoltaic,PV,SUN,2011,1
57876.0,Santa Cruz Energy,IC,LFG,2009,1
57875.0,Morning Light Wind Farm,WT,WND,2012,101
57874.0,Vienna Wind Farm,WT,WND,2012,149
57873.0,Eclipse Wind Farm,WT,WND,2012,200
57872.0,LCEC Generation LLVC,IC,NG,2012,45
57871.0,2555 E Olympic Bl,PV,SUN,2012,1
57870.0,Castle Rock Vineyards,PV,SUN,2010,1
57869.0,Heller Industrial Parks,PV,SUN,2011,2
57868.0,L'Oreal Piscataway,PV,SUN,2011,1
57867.0,Howard Wind Farm,WT,WND,2011,59
57866.0,Golden Spread Panhandle Wnd Rch,WT,WND,2011,78
57865.0,Antelope Station,IC,NG,2011,162
57864.0,Stockton Athletic Center,PV,SUN,2009,0
57863.0,McKee City Solar Phase 2,PV,SUN,2011,2
57862.0,"Wildcat Wind Farm I, LLC",WT,WND,2012,200
57861.0,Hidden Hollow Energy,IC,LFG,2007,2
57860.0,Industry MetroLink PV 1,PV,SUN,2012,1
57859.0,Moapa Southern Paiute,PV,SUN,2016,250
57858.0,Caney River Wind Project,WT,WND,2011,200
57857.0,Shasta Renewable Resources Plant,ST,WDS,2012,5
57856.0,Univ of California San Diego Solar,PV,SUN,2008,1
57855.0,Ipswich Wind Turbine,WT,WND,2011,1
57854.0,North Hollywood,HY,WAT,1993,5
57853.0,McKinley Wind Park,WT,WND,2012,14
57852.0,Minden Wind Park,WT,WND,2012,32
57851.0,Sigel Wind Park,WT,WND,2012,64
57850.0,Green Acres Solar Facility 2,PV,SUN,2012,1
57849.0,Green Acres Solar Facility 1,PV,SUN,2012,3
57848.0,WC Landfill Energy LLC,IC,LFG,2006,3
57847.0,BC Landfill Energy LLC,IC,LFG,2007,5
57846.0,SX Landfill Energy LLC,IC,LFG,2011,2
57845.0,AC Landfill Energy LLC,IC,LFG,2005,3
57844.0,Franklin County Wind Farm,WT,WND,2012,99
57843.0,SC Landfill Energy LLC,IC,LFG,2008,1
57842.0,Wabash Valley Power IGCC,GT,NG,1953,304
57841.0,ISH Solar Hospital Downey,PV,SUN,2011,1
57840.0,ISH Solar Hospital SDMC,PV,SUN,2011,1
57839.0,Woodbridge Energy Center,CT,NG,2015,795
57838.0,Dartmouth II Solar,PV,SUN,2012,2
57837.0,Pinyon Pine II,WT,WND,2012,132
57836.0,L-8 Solar Project,PV,SUN,2012,1
57835.0,Alta Wind VIII,WT,WND,2012,150
57834.0,Pinyon Pine I,WT,WND,2012,168
57833.0,Mustang Hills LLC,WT,WND,2012,150
57832.0,Hawkeye Wind Farm,WT,WND,2012,35
57831.0,Heliocentric,PV,SUN,2012,1
57830.0,Rippey Wind Farm,WT,WND,2012,50
57829.0,Glendale Energy Power Plant,IC,LFG,2010,2
57828.0,Tulsa LFG LLC,IC,LFG,2011,3
57827.0,Dinuba Wastewater Treatment Plant,PV,SUN,2011,1
57824.0,Onalaska Campus Landfill Biogas,IC,LFG,2012,1
57823.0,WCROC Wind Farm,WT,WND,2005,1
57822.0,"Middletown Coke Company, LLC",ST,OG,2011,67
57821.0,RE McKenzie 6,PV,SUN,2012,5
57820.0,RE McKenzie 5,PV,SUN,2012,5
57819.0,RE McKenzie 4,PV,SUN,2012,5
57818.0,RE McKenzie 3,PV,SUN,2012,5
57817.0,RE McKenzie 2,PV,SUN,2012,5
57816.0,RE McKenzie 1,PV,SUN,2012,5
57815.0,Titusville Solar,PV,SUN,2010,4
57813.0,GL Wind,WT,WND,2011,4
57811.0,Adobe San Jose,FC,NG,2010,0
57809.0,Franklin Templeton San Mateo,FC,NG,2011,1
57808.0,Lockheed Martin Sunnyvale,FC,NG,2011,1
57807.0,Coca Cola American Canyon,FC,NG,2011,1
57806.0,RE Dillard 4,PV,SUN,2012,0
57805.0,William Paterson University,PV,SUN,2010,1
57804.0,Middlebury College,ST,WDS,1980,0
57803.0,Lime Wind,WT,WND,2011,3
57802.0,Magic Valley Wind Farm I LLC,WT,WND,2012,203
57801.0,Bison 3 Wind Energy Center,WT,WND,2012,105
57800.0,Bison 2 Wind Energy Center,WT,WND,2012,105
57799.0,"ISH Solar Central, LLC",PV,SUN,2011,1
57798.0,OBP Cogen,GT,NG,2010,4
57797.0,Golden Springs Building D,PV,SUN,2012,1
57796.0,Golden Springs Building C-1,PV,SUN,2012,1
57795.0,RE Ajo 1 LLC,PV,SUN,2011,4
57794.0,St Joseph Energy Center,CC,NG,9999,670
57793.0,Sonoma County Fuel Cell,FC,NG,2010,1
57792.0,Foundation IE,WT,WND,2011,1
57791.0,Foundation AB,WT,WND,2011,1
57790.0,RE Bagdad Solar I LLC,PV,SUN,2011,16
57789.0,Peak Power 1 Cogen,IC,NG,2010,6
57788.0,US GSA Heating and Transmission,GT,NG,2004,10
57787.0,Flat Ridge 2 Wind Energy LLC,WT,WND,2012,470
57786.0,FC Landfill Energy,IC,LFG,2010,2
57785.0,RE Bruceville 3,PV,SUN,2012,5
57784.0,RE Bruceville 2,PV,SUN,2012,5
57783.0,RE Bruceville 1,PV,SUN,2012,5
57782.0,RE Kammerer 3,PV,SUN,2012,5
57781.0,RE Dillard 3,PV,SUN,2012,3
57780.0,RE Kammerer 2,PV,SUN,2012,5
57779.0,RE Dillard 2,PV,SUN,2012,3
57778.0,RE Kammerer 1,PV,SUN,2012,5
57777.0,RE Dillard 1,PV,SUN,2012,3
57776.0,FedEx Woodbridge,PV,SUN,2009,2
57775.0,Kingman 1,WT,WND,2011,10
57774.0,Windstar 1,WT,WND,2012,120
57773.0,Palo Verde College,PV,SUN,2009,1
57772.0,Perdue Bridgeville Photovoltaic,PV,SUN,2011,1
57771.0,Ameresco Butte County,IC,LFG,2013,2
57770.0,South Bay Fuel Cell Plant,FC,OBG,2012,1
57769.0,Mehoopany Wind Energy LLC,WT,WND,2012,140
57768.0,Longwood Gardens,PV,SUN,2010,1
57767.0,Brown County Wind Turbine,WT,WND,2011,1
57766.0,Rockland Wind Farm,WT,WND,2011,79
57765.0,Arizona Western College PV,PV,SUN,2011,2
57764.0,Naval Air Weapons Station China Lake,PV,SUN,2012,11
57763.0,Youngs Creek Hydroelectric Project,HY,WAT,2011,7
57762.0,Cimarron Wind Energy LLC,WT,WND,2012,165
57761.0,Power County Wind Park North,WT,WND,2011,22
57760.0,Power County Wind Park South,WT,WND,2011,22
57759.0,Consumer Operations LLC,ST,BLQ,1995,61
57758.0,Mount Saint Mary's,PV,SUN,2012,13
57757.0,Pacific Wind LLC,WT,WND,2012,151
57756.0,Coastal Energy Project,WT,WND,2010,6
57755.0,TPW Petersburg,WT,WND,2011,40
57754.0,Frederick County LFGTE Facility,IC,LFG,2010,2
57753.0,SMUD at Lawrence,PV,SUN,2011,1
57752.0,Los Vientos Wind 1B,WT,WND,2012,201
57751.0,Los Vientos Wind 1A,WT,WND,2012,200
57750.0,Maple Solar,PV,SUN,2011,1
57749.0,Sawtooth Wind Project,WT,WND,2011,22
57748.0,Gordon Butte Wind LLC,WT,WND,2012,9
57747.0,FedEx Field Solar Facility,PV,SUN,2011,2
57746.0,The City of Vineland at North Vineland,PV,SUN,2011,2
57745.0,The City of Vineland at West Vineland,PV,SUN,2011,3
57744.0,Laurel Hill Wind,WT,WND,2012,69
57743.0,North Palm Springs 1A,PV,SUN,2012,2
57742.0,Vineland Headquarters,PV,SUN,2011,1
57741.0,Suzlon Project VIII LLC,WT,WND,2011,8
57740.0,SPS5 Hopi,PV,SUN,2011,10
57739.0,SPS4 Monument,PV,SUN,2011,10
57738.0,SPS3 Lea,PV,SUN,2011,10
57737.0,SPS2 Jal,PV,SUN,2011,10
57736.0,SPS1 Dollarhide,PV,SUN,2011,10
57735.0,UCSD Fuel Cell Plant,FC,OBG,2011,3
57734.0,Cherry Hill,PV,SUN,2010,1
57733.0,Benjamin Moore & Co. Solar,PV,SUN,2010,1
57732.0,UMM Wind Turbine,WT,WND,2011,1
57730.0,Lopez Canyon,GT,LFG,2002,1
57729.0,Lake Hodges Hydroelectric Facility,PS,WAT,2012,42
57728.0,Mill Creek Solar,PV,SUN,2011,3
57727.0,BlackRock-Matrix,PV,SUN,2012,2
57726.0,Summit Associates,PV,SUN,2011,1
57725.0,Shiloh IV Wind Project LLC,WT,WND,2012,102
57724.0,NJMC Landfill,PV,SUN,2011,2
57723.0,"Johnson Matthey, Inc. Solar",PV,SUN,2011,4
57722.0,North Palm Springs 4A,PV,SUN,2012,4
57721.0,Berkshire Wind Power Project,WT,WND,2011,15
57716.0,Hazle Spindle,FW,MWH,2013,20
57715.0,Watkins Manufacturing Co.,IC,NG,2001,2
57714.0,City of Palo Alto,IC,NG,2002,4
57713.0,"Rohr Inc, a UTC Aerospace Systems Company",IC,NG,2002,9
57712.0,Beacon Power Flywheel System 2,FW,MWH,2009,2
57711.0,Beacon Power Flywheel System 1,FW,MWH,2008,1
57710.0,Stephentown Spindle,FW,MWH,2011,20
57708.0,Catalina Solar LLC,PV,SUN,2012,110
57707.0,Mesquite Solar 1,PV,SUN,2011,170
57706.0,Blue Water Renewables Inc,IC,LFG,2011,2
57704.0,West Butte Wind Power Project,WT,WND,9999,104
57703.0,Cheyenne Prairie Generating Station,CT,NG,2014,140
57702.0,Signal Hill West Unit,GT,OG,2004,5
57701.0,Montezuma Wind II,WT,WND,2012,78
57700.0,Vasco Winds,WT,WND,2011,78
57699.0,Webberville Solar Project,PV,SUN,2011,30
57698.0,Aerojet II,PV,SUN,2010,2
57697.0,Aerojet I,PV,SUN,2009,3
57696.0,Power Generation Station (PGS) 2,GT,OBG,2011,4
57695.0,Topaz Solar Farm,PV,SUN,2013,584
57694.0,DOE Golden NREL Main Campus,PV,SUN,2008,1
57693.0,DOE Golden NWTC Turbine Side,WT,WND,2010,8
57692.0,DOE Golden NWTC Load Side,PV,SUN,2009,1
57690.0,Turnbull Hydro,HY,WAT,2011,12
57689.0,Norden 1-3,IC,DFO,2004,6
57687.0,"CS Murphy Point, LLC",PV,SUN,2011,1
57685.0,Rinehart,PV,SUN,2011,10
57684.0,Goodsprings Waste Heat Recovery,ST,WH,2010,7
57683.0,"Staples La Mirada, CA",PV,SUN,2009,1
57682.0,City of Madera WWTP,PV,SUN,2009,1
57681.0,City of Boulder WWTP,PV,SUN,2010,1
57680.0,Arlington Valley Solar Energy II,PV,SUN,2013,129
57678.0,"Post Rock Wind Power Project, LLC",WT,WND,2012,201
57677.0,"Murphy Farm Power, LLC",PV,SUN,2011,1
57676.0,Silver Lake Solar Photovoltaic Facility,PV,SUN,2010,1
57675.0,"Pioneer Trail Wind Farm, LLC",WT,WND,2011,150
57674.0,Indian Orchard PV Facility,PV,SUN,2011,2
57673.0,Macys Goodyear,PV,SUN,2010,3
57672.0,Oakdale Renewable Energy Plant,IC,NG,2010,2
57671.0,SMUD at Fleshman,PV,SUN,2011,2
57670.0,SMUD at Van Conett,PV,SUN,2011,2
57669.0,SMUD at Grundman,PV,SUN,2011,17
57668.0,CASD Solar,PV,SUN,2010,0
57667.0,Seabrook Solar Plant,PV,SUN,2011,5
57666.0,Foxwoods CoGen,CT,NG,2010,15
57665.0,SAF Hydroelectric LLC,HY,WAT,2011,0
57664.0,Astoria Energy II,CT,NG,2011,650
57663.0,Cimarron Windpower II,WT,WND,2012,131
57662.0,McGraw Hill Solar,PV,SUN,2011,12
57661.0,Manalapan Village Solar,PV,SUN,2011,3
57660.0,Vineland Mays Landing Solar,PV,SUN,2011,4
57657.0,Avra Valley Solar,PV,SUN,2013,26
57656.0,"Temescal Canyon RV, LLC",PV,SUN,2011,1
57655.0,Bakersfield College Solar 01,PV,SUN,2010,1
57654.0,Town of Falmouth WWTP,WT,WND,2010,2
57653.0,Oregon State University Energy Center,CT,NG,2010,6
57652.0,Yamhill Solar LLC,PV,SUN,2011,1
57651.0,FRV Cygnus Solar Project,PV,SUN,2014,20
57650.0,Regulus Solar Project,PV,SUN,2014,60
57649.0,Elm Creek Wind II LLC,WT,WND,2010,148
57648.0,Zotos International WPGF,WT,WND,2012,2
57647.0,"Toys R Us- DE, Inc. at Mt. Olive, NJ",PV,SUN,2011,4
57646.0,McCormick & Co. Inc. at Belcamp,PV,SUN,2010,1
57645.0,City & County of Denver at Denver Int'l,PV,SUN,2011,3
57644.0,Prairie Rose Wind Farm,WT,WND,2012,200
57643.0,"Vestas Towers America, Inc.",WT,WND,2010,4
57640.0,500 Virginia Solar,PV,SUN,2011,1
57639.0,Ironwood Wind,WT,WND,2012,167
57638.0,Randolph Eastern School Wind Turbine,WT,WND,2010,1
57637.0,Union City Wind Turbine,WT,WND,2010,1
57636.0,Auburn LFG Energy Facility,IC,LFG,2010,3
57635.0,Linden Wind Energy Project,WT,WND,2010,50
57632.0,Bulldog,WT,WND,2010,1
57631.0,Wolverine,WT,WND,2010,1
57630.0,Long Creek Waste Water Plant,IC,DFO,1995,3
57629.0,Gaston Memorial Hospital,IC,DFO,2006,1
57628.0,Meadow Lake Wind Farm V LLC,WT,WND,2017,100
57626.0,Foundation ST,WT,WND,2011,2
57625.0,"Bos Dairy, LLC",IC,OBG,2005,0
57624.0,Norwich WWTP,IC,DFO,2006,2
57621.0,Rising Tree Wind Farm,WT,WND,2015,79
57620.0,Paulding Wind Farm II,WT,WND,2011,99
57619.0,Blackstone Wind Farm IV,WT,WND,9999,100
57618.0,Blackstone Wind Farm III,WT,WND,9999,200
57617.0,Hidalgo Wind Farm LLC,WT,WND,2016,250
57616.0,Blue Canyon Windpower VI LLC,WT,WND,2011,100
57614.0,Waverly Wind Farm LLC,WT,WND,2016,199
57613.0,LE Wind Turbine 1,WT,WND,2011,2
57612.0,Number Nine Wind Farm,WT,WND,9999,250
57611.0,Paulding Wind Farm LLC,WT,WND,9999,49
57609.0,New Harvest Wind Project LLC,WT,WND,2011,100
57608.0,Westside WWTP,IC,DFO,2005,1
57607.0,Ward WTP,IC,DFO,1999,2
57606.0,Eastside WWTP,IC,DFO,2004,3
57605.0,Water Treatment 1 & 2,IC,DFO,2010,4
57604.0,Lebanon Pines 1 & 2,IC,DFO,2010,4
57603.0,LNG 1 & 2,IC,DFO,2010,4
57602.0,Jewett City 1,IC,DFO,2010,2
57601.0,Gary Court 1 & 2,IC,DFO,2010,4
57600.0,Fishers Island 1,IC,DFO,2010,2
57599.0,"Fort Hill 1, 2, 3 & 4",IC,DFO,2010,8
57598.0,Bridge Street 1 & 2,IC,DFO,2010,4
57597.0,Cana Gas Processing Plant,IC,DFO,2010,6
57595.0,Pinnacle Wind Force LLC,WT,WND,2011,55
57594.0,Teichert Materials-Teichert Vernalis,WT,WND,2010,1
57593.0,Broken Bow Wind LLC,WT,WND,2012,79
57591.0,"Hatch Solar Energy Center I, LLC",PV,SUN,2011,5
57590.0,"Minco Wind I, LLC",WT,WND,2010,99
57589.0,Long Island Solar Farm LLC,PV,SUN,2011,31
57588.0,Matrix Stults Road Solar Facility,PV,SUN,2011,2
57586.0,Shiloh III Wind Project LLC,WT,WND,2011,102
57585.0,Oxnard Paper Mill,GT,NG,1986,29
57584.0,University of California San Diego,CT,NG,2001,35
57583.0,Battery Energy Storage System,BA,MWH,2003,40
57582.0,Lycoming County,IC,LFG,2012,2
57581.0,Allenwood,IC,LFG,2012,2
57580.0,Broadridge Cogen,IC,NG,2008,4
57579.0,Robert O Schulz Solar Farm,PV,SUN,2008,0
57578.0,PaTu Wind Farm LLC,WT,WND,2010,9
57577.0,Alamogordo Solar Energy Center,PV,SUN,2011,5
57576.0,Las Vegas Solar Energy Center,PV,SUN,2011,5
57575.0,Deming Solar Energy Center,PV,SUN,2011,9
57574.0,ETS Ewing Solar Facility,PV,SUN,2010,1
57573.0,CCCSD Wastewater Treatment Plnt,GT,NG,1995,3
57571.0,Los Lunas Solar Energy Center,PV,SUN,2011,7
57570.0,Cooper Farms VW Project,WT,WND,2012,4
57568.0,Record Hill Wind,WT,WND,2012,50
57567.0,Albuquerque Solar Energy Center,PV,SUN,2011,2
57566.0,GE 1.7-100 Prototype,WT,WND,2011,2
57565.0,"RP-Orlando, LLC",PV,SUN,2011,5
57564.0,Algonquin Power Sanger LLC,CT,NG,1990,73
57563.0,Hyder Solar,PV,SUN,2011,22
57562.0,Paloma Solar,PV,SUN,2011,17
57561.0,Cotton Center Solar,PV,SUN,2011,17
57560.0,Chino Solar Valley,PV,SUN,2012,19
57559.0,Sunset Reservoir North Basin,PV,SUN,2010,4
57557.0,Sunnyvale City of WPCP,IC,LFG,1997,0
57556.0,La Senita,PV,SUN,2011,1
57555.0,Pio Pico Energy Center,GT,NG,2016,441
57554.0,AFA Solar Farm,PV,SUN,2011,5
57553.0,Shirley Wind,WT,WND,2010,20
57551.0,Garland Canal Power Plant,HY,WAT,1983,2
57550.0,Horseshoe Bend Wind LLC,WT,WND,2012,290
57549.0,South Hurlburt Wind LLC,WT,WND,2012,290
57547.0,Winona County Wind LLC,WT,WND,2011,1
57546.0,Milford Wind Corridor Phase III,WT,WND,9999,100
57545.0,SPVP #46,PV,SUN,9999,0
57544.0,California State University San Bernardi,FC,NG,2013,1
57543.0,Solar Photovoltaic Project #47,PV,SUN,9999,0
57541.0,Solar Photovoltaic Project #45,PV,SUN,9999,0
57540.0,Solar Photovoltaic Project #44,PV,SUN,2015,0
57539.0,Solar Photovoltaic Project #41,PV,SUN,9999,0
57538.0,Solar Photovoltaic Project #40,PV,SUN,9999,0
57537.0,SPVP #35,PV,SUN,9999,0
57535.0,Solar Photovoltaic Project #33,PV,SUN,2015,0
57534.0,Solar Photovoltaic Project #32,PV,SUN,2015,0
57533.0,Solar Photovoltaic Project #31,PV,SUN,9999,0
57532.0,Solar Photovoltaic Project #30,PV,SUN,9999,0
57531.0,Bingham Wind,WT,WND,2016,186
57530.0,Palouse,WT,WND,2012,105
57529.0,Kawailoa Wind,WT,WND,2012,69
57528.0,Solar Photovoltaic Project #25,PV,SUN,9999,0
57526.0,North Hurlburt Wind LLC,WT,WND,2012,265
57525.0,Kapaa Photovoltaic Project,PV,SUN,2010,1
57524.0,Roger Road WWTP,PV,SUN,2010,1
57523.0,Huron Solar Station,PV,SUN,2012,20
57522.0,Cantua Solar Station,PV,SUN,2012,20
57521.0,Giffen,PV,SUN,2012,20
57520.0,Trinity Hills,WT,WND,2011,225
57519.0,Trexlertown Solar Array North and South,PV,SUN,2011,1
57518.0,Purdue Energy Park,WT,WND,9999,39
57517.0,DeWind Frisco,WT,WND,2012,20
57516.0,KODE Novus I,WT,WND,2012,80
57515.0,Walnut Creek Energy Park,GT,NG,2013,500
57514.0,Ocotillo Express LLC,WT,WND,2012,265
57509.0,Carson Solar I,PV,SUN,2007,2
57507.0,RV CSU Power II LLC,PV,SUN,2010,3
57506.0,FRV SI Transport Solar LP,PV,SUN,2010,1
57505.0,Monroe Generating Station,GT,NG,2010,30
57504.0,TECO CHP-1,GT,NG,2010,48
57502.0,Perdido,IC,LFG,2010,3
57501.0,Rolling Hills Wind Farm,WT,WND,2011,443
57500.0,Laurel Wind Farm,WT,WND,2011,119
57499.0,Westside Solar Station,PV,SUN,2011,15
57498.0,Five Points Solar Station,PV,SUN,2011,15
57497.0,Stroud Solar Station,PV,SUN,2011,20
57496.0,Tieton Dam Hydro Electric Project,HY,WAT,2006,12
57494.0,Masser Farms Realty Solar,PV,SUN,2011,1
57493.0,Settlers Trail Wind Farm LLC,WT,WND,2011,150
57492.0,Sampson County Disposal,IC,LFG,2011,6
57491.0,Imperial Solar Energy Center West,PV,SUN,2016,148
57490.0,Imperial Solar Energy Center South,PV,SUN,2013,128
57489.0,Oak Grove Power Producers,IC,LFG,2010,3
57488.0,Lebanon Solar,PV,SUN,2011,2
57487.0,Frenchtown II Solar,PV,SUN,2011,3
57486.0,Frenchtown I Solar,PV,SUN,2012,3
57485.0,Flemington Solar,PV,SUN,2011,8
57484.0,Manzana Wind LLC,WT,WND,2012,189
57483.0,Mariposa Energy Project,GT,NG,2012,196
57482.0,"Sentinel Energy Center, LLC",GT,NG,2013,800
57481.0,Chittenden County Solar Partners,PV,SUN,2011,2
57479.0,Black Rock III,ST,GEO,9999,70
57478.0,Black Rock II,ST,GEO,9999,70
57477.0,Black Rock I,ST,GEO,9999,70
57476.0,TSGT Mobile Generator #15,IC,DFO,2009,2
57475.0,John L. Featherstone Plant,ST,GEO,2012,55
57474.0,Ralls Wind Farm,WT,WND,2011,10
57473.0,Dartmouth Solar,PV,SUN,2011,1
57471.0,Murray Hill Solar,PV,SUN,2011,1
57470.0,Marlboro Mill,ST,BLQ,2010,51
57469.0,Garden Wind LLC,WT,WND,2009,150
57468.0,Crystal Lake 3 LLC,WT,WND,2009,66
57467.0,Westervelt Moundville Cogen,ST,WDS,2011,13
57466.0,Blue Ridge Landfill,IC,LFG,2013,4
57465.0,Romark PA Solar,PV,SUN,2011,1
57463.0,Bishop Hill Energy LLC,WT,WND,2012,200
57462.0,Napoleon Solar I,PV,SUN,2011,8
57461.0,"Martins Creek Solar NC, LLC",PV,SUN,2011,1
57460.0,Caltech Central,FC,OBG,2010,0
57459.0,Mountain View IV,WT,WND,2012,49
57458.0,145 Talmadge Solar,PV,SUN,2011,3
57457.0,Seneca Sustainable Energy LLC,ST,WDS,2011,19
57456.0,San Emidio,ST,GEO,2012,11
57455.0,NRG Solar Borrego I,PV,SUN,2013,26
57451.0,Tuscarora Geothermal Power Plant,BT,GEO,2012,24
57449.0,Blue Creek Wind Project,WT,WND,2011,302
57448.0,Pilesgrove,PV,SUN,2011,18
57447.0,Laurel Mountain,WT,WND,2011,129
57446.0,McGinness Hills,BT,GEO,2012,100
57444.0,Two Ponds Windfarm,WT,WND,2012,23
57443.0,Pine Tree Acres WM LFGTE,IC,LFG,2012,8
57442.0,Silver State Solar Power North,PV,SUN,2012,52
57441.0,Solar Photovoltaic Project #42,PV,SUN,2012,0
57439.0,California Valley Solar Ranch,PV,SUN,2012,249
57438.0,"Solar Park Gainesville, LLC",PV,SUN,2011,1
57437.0,Juniper Ridge Hydroelectric Project,HY,WAT,2010,5
57436.0,Davidson Gas Producers LLC,IC,LFG,2010,1
57435.0,Solar Star North Carolina II LLC,PV,SUN,2011,5
57434.0,Valley View Transmission LLC,WT,WND,2011,10
57433.0,Bellefontaine Gas Producers LLC,IC,LFG,2009,3
57432.0,Oak Glen Wind Farm,WT,WND,2011,44
57431.0,Cold Springs Windfarm,WT,WND,2012,23
57430.0,Desert Meadow Windfarm,WT,WND,2012,23
57429.0,Mainline Windfarm,WT,WND,2012,23
57428.0,Hammett Hill Windfarm,WT,WND,2012,23
57427.0,Ryegrass Windfarm,WT,WND,2012,23
57425.0,Double A Digester,IC,OBG,2011,3
57424.0,Buffalo Ridge II LLC,WT,WND,2010,210
57422.0,Yolo County Solar Project,PV,SUN,2010,1
57421.0,Gratiot Wind Park,WT,WND,2011,102
57420.0,UTS SJ1 LLC,FC,NG,2012,1
57419.0,RPI Fuel Cell LLC,FC,OBG,2013,3
57417.0,Elk Wind Farm,WT,WND,2011,40
57415.0,Sherbino II,WT,WND,2011,145
57414.0,Notus Wind 1,WT,WND,2010,1
57412.0,Knouse Solar Project 1,PV,SUN,2010,3
57411.0,Mahoning,IC,LFG,2013,0
57410.0,Geneva,IC,LFG,2013,0
57409.0,West Camden,IC,LFG,2012,3
57408.0,Prairie Bluff,IC,LFG,2012,1
57406.0,Prairie View IL,IC,LFG,2011,3
57405.0,Eagle Valley (MI),IC,LFG,2011,2
57404.0,Oneida Herkimer,IC,LFG,2012,2
57403.0,Northwest Regional,IC,LFG,2012,2
57402.0,Taylorsville Solar LLC,PV,SUN,2010,1
57401.0,Willow Island Hydroelectric Plant,HY,WAT,2016,44
57400.0,Smithland Hydroelectric Plant,HY,WAT,2017,75
57399.0,Cannelton Hydroelectric Plant,HY,WAT,2016,87
57398.0,Lakeview Cogeneration LLC,ST,OBS,9999,26
57397.0,Dow Jones South Brunswick Solar,PV,SUN,2010,3
57396.0,Danielson Wind Farms LLC,WT,WND,2011,20
57394.0,Genesis Solar Energy Project,ST,SUN,2013,250
57393.0,Big Sky Dairy Digester,IC,OBG,2009,0
57392.0,UASTP I,PV,SUN,2010,1
57391.0,TAA Solar Facility,PV,SUN,9999,2
57390.0,GSK York RDC Solar Facility,PV,SUN,2010,2
57387.0,Ashtabula Wind III LLC,WT,WND,2010,62
57386.0,Ridgewind,WT,WND,2011,25
57385.0,Community Wind North LLC,WT,WND,2011,30
57384.0,Matrix Buildings A&B (Perth Amboy) Solar,PV,SUN,2011,2
57383.0,WEA Texas Bayonne,PV,SUN,2010,1
57382.0,Yardville Solar Farm,PV,SUN,2010,3
57381.0,Linden Solar Farm,PV,SUN,2010,2
57380.0,New England Wind LLC,WT,WND,2012,28
57379.0,Dry Lake Wind II LLC,WT,WND,2010,65
57378.0,AV Solar Ranch One,PV,SUN,2014,253
57377.0,Greater Sandhill I,PV,SUN,2010,19
57376.0,Jersey Valley Geothermal Power Plant,BT,GEO,2010,23
57375.0,Adams Wind Generations LLC,WT,WND,2011,20
57374.0,Lakefield Wind Project LLC,WT,WND,2011,205
57373.0,Agua Caliente Solar Project,PV,SUN,2012,637
57372.0,Bellevue Solar Project,PV,SUN,2011,1
57369.0,Questa Solar Facility,PV,SUN,2011,1
57368.0,Cogentrix of Alamosa,PV,SUN,2012,30
57367.0,Pocono Solar Project,PV,SUN,2010,3
57366.0,MP Wayne LLC,IC,LFG,2010,3
57365.0,MP Durham LLC,IC,LFG,2010,3
57364.0,Siphon Drop Power Plant,HY,WAT,1987,4
57363.0,510 REPP One,PV,SUN,2014,1
57362.0,Morgantown Solar Park,PV,SUN,2011,2
57361.0,Sand Drag LLC,PV,SUN,2011,19
57360.0,Sun City Project LLC,PV,SUN,2011,20
57359.0,Avenal Park,PV,SUN,2011,6
57358.0,Keenan II Renewable Energy Co LLC,WT,WND,2010,151
57357.0,Red Mesa Wind LLC,WT,WND,2010,102
57356.0,Henrico,IC,LFG,2010,0
57354.0,Fox Island Wind LLC,WT,WND,2009,4
57353.0,Thermo No 1,BT,GEO,2009,28
57352.0,Trenton Solar Farm,PV,SUN,2010,1
57351.0,Uilk Wind LLC,WT,WND,2010,3
57349.0,Garrison Energy Center LLC,CT,NG,2015,361
57348.0,CityCenter Central Plant Cogen Units,GT,NG,2009,8
57347.0,Baldwin Wind LLC,WT,WND,2010,102
57346.0,Elk City LLC,WT,WND,2009,197
57345.0,Cargill Kettle Butte Biofactory,IC,OBG,2011,0
57344.0,Cargill Dry Creek Biofactory,IC,OBG,2008,0
57343.0,Cargill B6 Biofactory,IC,OBG,2009,2
57342.0,White Oak Energy LLC,WT,WND,2011,150
57341.0,Silver Lake Solar Farm,PV,SUN,2010,1
57338.0,Roadrunner Solar,PV,SUN,2011,20
57337.0,Dover Sun Park,PV,SUN,2011,10
57336.0,DE Solar 1725 Drywall Dr,PV,SUN,2010,1
57335.0,DE Solar 657 Brigham Rd,PV,SUN,2010,1
57334.0,DE Solar 10240 Old Dowd Rd,PV,SUN,2010,1
57333.0,Leaning Juniper Wind Power II,WT,WND,2011,201
57332.0,Crossroads Wind Farm,WT,WND,2012,227
57331.0,Mojave Solar Project,ST,SUN,2014,280
57330.0,Kent County Wastewater Treatment Solar,PV,SUN,2011,1
57327.0,Top of the World Windpower Project,WT,WND,2010,200
57326.0,Sunray Wind I,WT,WND,2009,49
57325.0,FPL Energy Illinois Wind LLC,WT,WND,2009,237
57324.0,Luke Solar,PV,SUN,9999,15
57323.0,Sierra SunTower Solar Gen Station,ST,SUN,2009,7
57322.0,Mont Belvieu Cogeneration Unit,GT,NG,2009,15
57321.0,Mayberry Solar LLC,PV,SUN,2011,1
57320.0,Juniper Canyon I Wind Project,WT,WND,2011,151
57319.0,Big Horn Wind II,WT,WND,2011,50
57318.0,Copper Crossing Solar LLC,PV,SUN,2011,20
57317.0,San Luis Valley Solar Ranch,PV,SUN,2011,35
57315.0,Cedar Point Wind,WT,WND,2011,252
57314.0,Los Angeles Harbor College,PV,SUN,2010,1
57313.0,Metro Support Services Center Solar,PV,SUN,2005,1
57312.0,LATTC South Campus Solar,PV,SUN,9999,1
57311.0,Occidental College Solar Project,PV,SUN,2013,1
57310.0,1420 Coil Av #C,PV,SUN,2011,1
57309.0,Pacific Cruise Ship Terminals Berth 93,PV,SUN,2010,1
57308.0,Maclay Solar Project,PV,SUN,2017,2
57307.0,Van Norman Bypass Solar Project,PV,SUN,9999,2
57306.0,Pine Tree Solar Project,PV,SUN,2013,8
57305.0,Adelanto Solar Project,PV,SUN,2012,10
57304.0,Southern Owens Valley Solar Ranch,PV,SUN,9999,200
57303.0,Loraine Windpark Project LLC,WT,WND,2009,150
57302.0,Garnet Wind Energy Center,WT,WND,2009,6
57301.0,Dutch Wind Energy,WT,WND,1994,8
57300.0,Criterion,WT,WND,2010,70
57299.0,Dunlap,WT,WND,2010,111
57298.0,Cedar Hills,IC,LFG,2009,0
57296.0,Carleton College,IC,DFO,2004,6
57295.0,Alpine Solar,PV,SUN,2013,132
57294.0,Alta Wind Energy Center V,WT,WND,2011,168
57293.0,Alta Wind Energy Center IV,WT,WND,2011,102
57292.0,Alta Wind Energy Center III,WT,WND,2011,150
57291.0,Alta Wind Energy Center II,WT,WND,2011,150
57290.0,Northern Colorado Wind LLC,WT,WND,2009,173
57289.0,Big Blue,WT,WND,2012,36
57287.0,Hardscrabble Wind Power LLC,WT,WND,2011,74
57286.0,OU Spirit Wind Farm,WT,WND,2009,101
57285.0,Sandy Ridge Wind Farm,WT,WND,2012,50
57284.0,Minonk Wind Farm,WT,WND,2012,200
57283.0,Flat Water Wind Farm LLC,WT,WND,2010,60
57282.0,Alta Wind Energy Center I,WT,WND,2011,150
57281.0,OREG 3 Inc,OT,WH,2010,5
57280.0,Aqua Ingrams Mill,PV,SUN,2009,1
57278.0,Crofton Bluffs Wind LLC,WT,WND,2012,40
57275.0,Crescent Dunes Solar Energy,CP,SUN,2015,125
57274.0,Grant County Wind LLC,WT,WND,2010,20
57270.0,NEDC Solar Site,PV,SUN,2010,1
57269.0,Haverhill Solar Power Project,PV,SUN,2010,1
57268.0,Chestnut Flats Wind Farm,WT,WND,2011,38
57267.0,Marsh Landing Generating Station,GT,NG,2013,828
57265.0,Dorchester Solar Site,PV,SUN,2012,1
57264.0,Little Pringle II Wind Farm,WT,WND,2010,10
57263.0,Little Pringle I Wind Farm,WT,WND,2010,10
57262.0,Laredo Ridge Wind LLC,WT,WND,2011,79
57261.0,Taloga Wind LLC,WT,WND,2011,130
57260.0,Cedro Hill Wind LLC,WT,WND,2010,150
57259.0,Lubbock Wind Ranch,WT,WND,2010,6
57258.0,Texico Wind Ranch LP,WT,WND,1999,0
57257.0,Iowa Lakes Community College Wind Farm,WT,WND,2005,1
57256.0,PA Solar Park,PV,SUN,2012,19
57255.0,Trishe Wind Minnesota,WT,WND,9999,300
57254.0,Victor Valley CC CPV Solar,PV,SUN,2010,1
57253.0,MA Military Reservation Wind Project,WT,WND,2009,3
57252.0,Iowa Lakes Superior Wind Farm,WT,WND,2009,10
57251.0,Lakota Wind Wind Farm,WT,WND,2009,10
57250.0,Earthmovers LFGTE,IC,LFG,2010,0
57249.0,Renewable Energy Services of Ohio,IC,LFG,2010,1
57248.0,Welcome Wind Turbine,WT,WND,2008,2
57247.0,Solar Photovoltaic Project #28,PV,SUN,2015,0
57246.0,Solar Photovoltaic Project #27,PV,SUN,2015,0
57245.0,Solar Photovoltaic Project #26,PV,SUN,2015,0
57244.0,Kit Carson Windpower,WT,WND,2010,51
57243.0,Cimarron Solar Facility,PV,SUN,2010,30
57242.0,Mililani South Solar Farm,PV,SUN,9999,5
57241.0,Gainesville Renewable Energy Center,ST,WDS,2013,116
57240.0,"Roth Rock North Wind Farm, LLC",WT,WND,2011,10
57239.0,Roth Rock Wind Farm LLC,WT,WND,2011,40
57237.0,Solar Photovoltaic Project #22,PV,SUN,2011,0
57236.0,Solar Photovoltaic Project #23,PV,SUN,2013,0
57235.0,Solar Photovoltaic Project #21,PV,SUN,9999,0
57234.0,Solar Photovoltaic Project #20,PV,SUN,9999,0
57233.0,Solar Photovoltaic Project #19,PV,SUN,9999,1
57232.0,Solar Photovoltaic Project #18,PV,SUN,2012,0
57231.0,Solar Photovoltaic Project #17,PV,SUN,2015,0
57230.0,Solar Photovoltaic Project #16,PV,SUN,2015,0
57229.0,Solar Photovoltaic Project #15,PV,SUN,2013,0
57228.0,Solar Photovoltaic Project #14,PV,SUN,9999,0
57227.0,Solar Photovoltaic Project #13,PV,SUN,2015,0
57226.0,Solar Photovoltaic Project #12,PV,SUN,2011,0
57225.0,Solar Photovoltaic Project #11,PV,SUN,2015,0
57224.0,Solar Photovoltaic Project #10,PV,SUN,2013,0
57223.0,Solar Photovoltaic Project #09,PV,SUN,2011,0
57222.0,Solar Photovoltaic Project #08,PV,SUN,2011,0
57221.0,Solar Photovoltaic Project #07,PV,SUN,2012,0
57220.0,Solar Photovoltaic Project #06,PV,SUN,2011,0
57219.0,Solar Photovoltaic Project #05,PV,SUN,2012,0
57218.0,Solar Photovoltaic Project #04,PV,SUN,9999,0
57217.0,Solar Photovoltaic Project #03,PV,SUN,2011,0
57216.0,Crayola Solar Project,PV,SUN,2010,2
57214.0,Waverly Community Wind Project,WT,WND,2001,0
57213.0,ENEL Salt Wells LLC,BT,GEO,2009,22
57212.0,EC&R Papalote Creek II LLC,WT,WND,2010,200
57211.0,Goshen Phase II,WT,WND,2010,124
57210.0,Cedar Creek II,WT,WND,2011,248
57209.0,Rumble Road Energy Center,CA,NG,9999,0
57208.0,Thomson Reuters Data Center Bldg H,IC,DFO,2007,8
57207.0,Thomson Reuters Data Center Bldg ES101,IC,DFO,2009,1
57206.0,Soldotna,GT,NG,2014,100
57205.0,CM48,PV,SUN,2010,48
57204.0,PSEG Hackettstown,PV,SUN,2009,2
57203.0,Wyandot Solar Farm,PV,SUN,2010,10
57202.0,Jacksonville Solar,PV,SUN,2010,15
57201.0,FPL Energy Montezuma Winds LLC,WT,WND,2010,36
57200.0,Shelby Solar Energy Generation Facility,PV,SUN,2010,1
57199.0,Glacier Hills,WT,WND,2011,162
57198.0,Bent Tree Wind Farm Phase 1,WT,WND,2011,201
57197.0,Blue Wing Solar Energy Generation,PV,SUN,2010,13
57196.0,"High Point, POLO",IC,DFO,2007,1
57195.0,Lower Snake River Wind Energy Project,WT,WND,2012,342
57194.0,Day County Wind LLC,WT,WND,2010,99
57193.0,Ripley Westfield Wind LLC,WT,WND,9999,75
57192.0,Spring Valley Wind Project,WT,WND,2012,150
57191.0,Exelon Solar Chicago,PV,SUN,2009,9
57190.0,Little Quinnesec Falls Hydro Project,HY,WAT,1900,6
57189.0,Lost Creek Wind Energy Facility,WT,WND,2010,150
57188.0,Vantage Wind Energy LLC,WT,WND,2010,90
57187.0,Pillar Mountain Wind Project Microgrid,WT,WND,2009,8
57186.0,Chautauqua LFGTE Facility,IC,LFG,2010,6
57184.0,Orono Hydro Station,HY,WAT,2009,0
57183.0,PPL Glendon LFGTE Plant,IC,LFG,2011,3
57182.0,PPL Frey Farm Landfill Wind,WT,WND,2011,3
57179.0,HSCo CHP,GT,NG,2009,4
57177.0,Meadow Lake Wind Farm IV,WT,WND,2010,98
57176.0,University of Delaware Wind Turbine,WT,WND,2010,2
57174.0,Colorado Highlands Wind,WT,WND,2012,115
57173.0,Bridgewater Dairy Anaerobic Digester,IC,OBG,2008,0
57172.0,Glen Ullin Station 6,ST,WH,2009,5
57171.0,Cedar Hills Wind Farm,WT,WND,2010,19
57170.0,Suburban Landfill Gas Recovery,IC,LFG,2011,0
57169.0,Waste Management Piedmont LFGTE Project,IC,LFG,2011,0
57168.0,Waste Management Naples LFGTE Project,IC,LFG,2011,0
57167.0,Mesquite Creek LFGTE Project,IC,LFG,2010,2
57166.0,Waste Management Lockwood LFGTE,IC,LFG,2012,2
57165.0,Farmers Branch Renewable Energy Facility,IC,LFG,2011,2
57164.0,Waste Management Tri-Cities LFGTE,IC,LFG,9999,3
57163.0,Calabasas Gas to Energy Facility,GT,LFG,2010,12
57162.0,White River Lock and Dam 3,HY,WAT,2006,4
57161.0,White River Lock and Dam 2,HY,WAT,2007,3
57160.0,White River Lock and Dam 1,HY,WAT,2007,4
57159.0,Windy Flats Wind Project,WT,WND,2009,262
57156.0,Barton Chapel Wind Farm,WT,WND,2009,120
57154.0,Mesquite Lake Water & Power Plant 1,ST,WDS,2009,18
57153.0,Langford Wind Power,WT,WND,2009,150
57152.0,Harvest Wind Project,WT,WND,2009,98
57151.0,Beech Ridge Energy LLC,WT,WND,2010,100
57141.0,RV CSU Power LLC,PV,SUN,2009,1
57139.0,Highland Wind Project (PA),WT,WND,2009,62
57138.0,Savannah River Site Biomass Cogen,ST,WDS,2012,20
57137.0,Eurus Combine Hills Turbine Ranch 2,WT,WND,2010,63
57136.0,Tuana Springs,WT,WND,2010,16
57135.0,Big Sky Wind LLC,WT,WND,2011,240
57134.0,OREG 4 Peetz,OT,WH,2009,4
57133.0,G2 Energy Ostrom Road LLC,IC,LFG,2009,2
57132.0,Nine Mile Gas Processing Plant,IC,NG,2001,6
57131.0,Stoney Corners Wind Farm,WT,WND,2009,60
57130.0,Beaver Ridge Wind,WT,WND,2008,4
57128.0,G2 Energy Marion LLC,IC,LFG,2009,2
57127.0,Solar Photovoltaic Project #24,PV,SUN,9999,0
57126.0,Yahoo Creek,WT,WND,2010,21
57125.0,Camp Reed,WT,WND,2010,22
57124.0,Payne's Ferry,WT,WND,2010,21
57123.0,Trail Ridge Landfill Gas Recovery,IC,LFG,2008,6
57122.0,UCI Facilities Management Central Plant,CT,NG,2007,18
57121.0,Ashtabula Wind II LLC,WT,WND,2009,120
57120.0,Wilton Wind II LLC,WT,WND,2009,49
57119.0,Koda Biomass Plant,ST,AB,2009,23
57118.0,Greensburg,WT,WND,2010,12
57117.0,Simpson Ridge Wind Farm LLC,WT,WND,9999,50
57116.0,Quilt Block Wind Farm LLC,WT,WND,2017,98
57115.0,Meadow Lake Wind Farm III LLC,WT,WND,2010,103
57113.0,Blackstone Wind Farm II LLC,WT,WND,2010,200
57112.0,Meadow Lake Wind Farm II LLC,WT,WND,2010,99
57111.0,Lost Lakes Wind Farm LLC,WT,WND,2009,100
57110.0,Blackstone Wind Farm LLC,WT,WND,2009,102
57109.0,Meadow Lake Wind Farm LLC,WT,WND,2009,199
57108.0,Blue Canyon Windpower V LLC,WT,WND,2009,99
57107.0,Milford Wind Corridor Stage II LLC,WT,WND,2011,102
57106.0,Mesalands Comm College Wind Turbine,WT,WND,2008,1
57103.0,Newark America Mill,ST,NG,2007,6
57102.0,Whittier LFG Power Plant #1,IC,LFG,2006,2
57101.0,J&A-Santa Maria II LLC,IC,LFG,2010,1
57100.0,Santa Maria LFG Power Plant,IC,LFG,2008,1
57099.0,WestRock (WA),ST,BLQ,2009,64
57098.0,Dry Lake Wind LLC,WT,WND,2009,63
57097.0,Rugby Wind Power Project,WT,WND,2009,149
57096.0,Star Point Wind Project LLC,WT,WND,2010,98
57095.0,Penascal II Wind Project LLC,WT,WND,2010,201
57094.0,Streator Cayuga Ridge South,WT,WND,2010,300
57093.0,Casper Wind Farm,WT,WND,2009,17
57091.0,Silver Sage Windpower,WT,WND,2009,42
57090.0,Campbell Hill Windpower,WT,WND,2009,99
57088.0,Bowers Wind Project,WT,WND,9999,48
57087.0,Kahuku Wind Power LLC,WT,WND,2011,45
57085.0,Lake Dorothy Hydroelectric Project,HY,WAT,2009,14
57083.0,Bull Hill Wind Project,WT,WND,2012,34
57082.0,Kaheawa Wind Power II LLC,WT,WND,2012,31
57081.0,Calpine Vineland Solar LLC,PV,SUN,2009,3
57080.0,Sheffield Wind,WT,WND,2011,40
57079.0,Milford Wind Corridor I LLC,WT,WND,2009,203
57078.0,Steel Winds II,WT,WND,2012,15
57076.0,South Columbus Water Resource Facility,IC,OBG,2010,2
57075.0,Ivanpah 3,ST,SUN,2013,133
57074.0,Ivanpah 1,ST,SUN,2013,133
57073.0,Ivanpah 2,ST,SUN,2013,133
57072.0,Granite City Works,ST,PUR,2010,78
57071.0,Denton Power LLC,IC,LFG,2008,1
57070.0,GenConn Devon LLC,GT,KER,2010,240
57069.0,Twin Cities Hydro LLC,HY,WAT,1924,16
57068.0,GenConn Middletown LLC,GT,KER,2011,240
57067.0,Toksook Bay,IC,DFO,2005,0
57066.0,Kasigluk,IC,DFO,2004,0
57065.0,Kivalina,IC,DFO,1977,0
57064.0,Kotlik,IC,DFO,2007,0
57063.0,Shungnak,IC,DFO,1984,0
57062.0,Gambell,IC,DFO,1985,0
57061.0,St. Michael,IC,DFO,1995,0
57060.0,Elim,IC,DFO,2003,1
57059.0,Koyuk,IC,DFO,2005,0
57058.0,Pilot Station,IC,DFO,1998,0
57057.0,Quinhagak,IC,DFO,1986,0
57056.0,Scammon Bay,IC,DFO,2001,0
57055.0,Stebbins,IC,DFO,1990,0
57054.0,Upper Kalskag,IC,DFO,2004,0
57053.0,Alakanuk,IC,DFO,1993,0
57052.0,Savoonga,IC,DFO,2008,0
57051.0,Noatak,IC,DFO,1990,0
57050.0,NaturEner Glacier Wind Energy 2,WT,WND,2009,103
57049.0,NaturEner Glacier Wind Energy 1,WT,WND,2008,106
57047.0,Nobles Wind Project,WT,WND,2010,201
57046.0,Archer Daniels Midland Columbus,ST,SUB,2010,71
57045.0,Rolling Thunder Wind Farm,WT,WND,2009,25
57044.0,Armenia Mountain Wind Farm,WT,WND,2009,100
57043.0,SF State University,FC,NG,2011,1
57042.0,CSU East Bay,FC,NG,2011,1
57041.0,Vaca Dixon Solar Station,PV,SUN,2009,2
57040.0,High Plains,WT,WND,2009,99
57039.0,McFadden Ridge,WT,WND,2009,28
57038.0,Bison I Wind Energy Center,WT,WND,2010,81
57037.0,Ratcliffe,CT,NG,2014,839
57036.0,Southcentral Power Project,CT,NG,2013,201
57035.0,Willmar Municipal SW Substation,IC,DFO,2000,6
57034.0,Willmar Municipal East Substation,IC,DFO,2000,6
57033.0,Langdon Wind Energy Center,WT,WND,2007,40
57032.0,Ashtabula Wind Energy Center,WT,WND,2008,48
57031.0,Luverne Wind Farm,WT,WND,2009,49
57030.0,Pacolet Diesel Generation Facility,IC,DFO,2006,3
57029.0,Cleveland Cnty Generating Facility,GT,NG,2012,1472
57028.0,Langley Gulch Power Plant,CT,NG,2012,318
57027.0,Canyon Power Plant,GT,NG,2011,200
57026.0,Superior Landfill Gas Recovery,IC,LFG,2009,0
57025.0,Waste Management Eco Vista LFGTE,IC,LFG,2010,0
57024.0,Waste Management Northern Oaks LFGTE,IC,LFG,2010,1
57023.0,Waste Management Rolling Meadows LFGTE,IC,LFG,2010,0
57022.0,Waste Management King George LFGTE,GT,LFG,2010,12
57021.0,Waste Management Madison County LFGTE,IC,LFG,2009,1
57020.0,Westside Landfill Gas Recovery,IC,LFG,2010,3
57019.0,Riverbend Landfill,IC,LFG,2010,0
57018.0,Waste Management Middle Peninsula LFGTE,IC,LFG,2009,0
57017.0,Spruce Ridge Gas Recovery,IC,LFG,2008,0
57016.0,Waste Management Crossroads LFGTE,IC,LFG,2009,2
57015.0,Waste Management Columbia Ridge LFGTE,IC,LFG,2009,4
57014.0,Waste Management Arden LFGTE,IC,LFG,2009,0
57012.0,SunEdison Walmart Apple Valley DC,PV,SUN,2009,1
57011.0,Chuckawalla Valley State Prison,PV,SUN,2006,1
57010.0,SunEdison Anheuser Busch Fairfield,PV,SUN,2008,1
57009.0,Kohls San Bernardino Solar Facility,PV,SUN,2007,1
57008.0,SunEdison Procter & Gamble Oxnard,PV,SUN,2009,1
57007.0,SunEdison Ironwood State Prison,PV,SUN,2008,1
57006.0,Walgreens Woodland Distribution Center,PV,SUN,2007,1
57005.0,Mariani Packing Vacaville Solar,PV,SUN,2008,1
57004.0,SunEdison Walgreens Moreno Valley,PV,SUN,2007,1
57003.0,Fulton LFGTE Facility,IC,LFG,2010,2
57002.0,Oakfield Wind Project,WT,WND,2015,148
57001.0,El Cajon Energy Center,GT,NG,2010,49
56998.0,Pueblo Airport Generating Station,GT,NG,2012,540
56997.0,Arrowrock Hydroelectric Project,HY,WAT,2010,14
56996.0,Solar Photovoltaic Project #02,PV,SUN,2009,0
56995.0,Georgetown LFGTE,IC,LFG,2010,1
56994.0,Grand Meadow,WT,WND,2008,100
56993.0,MF Mesa Lane LLC,PV,SUN,2008,3
56991.0,Stetson Wind II,WT,WND,2010,25
56990.0,Rollins Wind Project,WT,WND,2011,60
56989.0,Stetson Wind I,WT,WND,2009,57
56987.0,Hyland LFGTE Facility,IC,LFG,2008,4
56986.0,Clinton LFGTE Facility,IC,LFG,2008,4
56985.0,Smoky Hills Wind Project Phase II,WT,WND,2008,148
56984.0,Inadale Wind Farm LLC,WT,WND,2009,197
56983.0,EC&R Papalote Creek I LLC,WT,WND,2009,180
56982.0,NGP Blue Mountain I LLC,BT,GEO,2009,63
56981.0,Pyron Wind Farm LLC,WT,WND,2009,249
56980.0,Stony Creek Wind Farm LLC,WT,WND,2009,52
56979.0,EC&R Panther Creek Wind Farm III,WT,WND,2009,199
56978.0,Sears Hydroelectric Plant,HY,WAT,1985,0
56977.0,Mason County LFGTE,IC,LFG,2009,2
56976.0,Solar Photovoltaic Project #01,PV,SUN,2008,0
56975.0,Ward Butte Windfarm LLC,WT,WND,2009,6
56974.0,Wagon Trail LLC,WT,WND,2009,3
56973.0,Sand Ranch Windfarm LLC,WT,WND,2009,9
56972.0,Pacific Canyon Windfarm LLC,WT,WND,2009,8
56971.0,Oregon Trail Windfarm LLC,WT,WND,2009,9
56970.0,Four Mile Canyon Windfarm LLC,WT,WND,2009,10
56969.0,Four Corners Windfarm LLC,WT,WND,2009,10
56968.0,Big Top LLC,WT,WND,2009,1
56967.0,Butter Creek Power LLC,WT,WND,2009,5
56966.0,QVC Inc,PV,SUN,2008,3
56964.0,Bayonne Energy Center,GT,NG,2012,512
56963.0,West Deptford Energy Station,CT,NG,2014,754
56962.0,Iredell County LFG Facility,IC,LFG,2008,2
56961.0,Notrees Windpower,WT,WND,2009,188
56960.0,Happy Jack Windpower Project,WT,WND,2008,29
56959.0,Ocotillo Windpower,WT,WND,2008,58
56958.0,DANC LFGTE Facility,IC,LFG,2008,4
56957.0,"Pioneer Crossing Energy, LLC",IC,LFG,2008,7
56956.0,Bull Creek Wind,WT,WND,2008,180
56955.0,Helms Energy Center,GT,NG,9999,48
56954.0,Gastonia Prime Power Park,IC,DFO,2008,8
56953.0,High Sheldon Wind Farm,WT,WND,2009,112
56952.0,Willow Creek Energy Center,WT,WND,2009,72
56951.0,Enoree Phase II Landfill Gas Recovery,IC,LFG,2008,2
56948.0,Coolidge Generation Station,GT,NG,2011,720
56947.0,Elkhorn Ridge Wind LLC,WT,WND,2009,81
56946.0,Buffalo Bear LLC,WT,WND,2008,18
56945.0,High Lonesome Mesa LLC,WT,WND,2009,100
56944.0,CM10,PV,SUN,2008,10
56942.0,Forward Wind Energy Center,WT,WND,2008,129
56941.0,Grand Ridge Wind Energy Center,WT,WND,2008,209
56939.0,NRG Solar Blythe LLC,PV,SUN,2009,21
56938.0,SunEdison LV Sutton Plant Site,PV,SUN,2008,1
56937.0,Fairbanks Morse Engine,IC,DFO,1989,4
56936.0,Brookfield Power Glen Falls Hydro,HY,WAT,1944,10
56935.0,Cassia Gulch,WT,WND,2009,18
56934.0,Cassia Wind,WT,WND,2009,10
56933.0,Threemile Canyon,WT,WND,2009,9
56932.0,Biotech LS 0836,IC,DFO,2009,1
56930.0,Space Coast Next Gen Solar Energy,PV,SUN,2010,10
56929.0,DeSoto Next Generation Solar Energy,PV,SUN,2009,25
56928.0,Fairfield University CHP Plant,GT,NG,2007,4
56926.0,Painted Hills IV Wind,WT,WND,9999,19
56925.0,FPL Energy Crystal Lake Wind II LLC,WT,WND,2009,200
56924.0,FPL Energy Story Wind LLC,WT,WND,2008,150
56923.0,FPL Energy Crystal Lake Wind LLC,WT,WND,2008,150
56922.0,WWRF Solar Plant,PV,SUN,2009,1
56921.0,EC&R Panther Creek Wind Farm II,WT,WND,2008,115
56920.0,EC&R Panther Creek Wind Farm I,WT,WND,2008,142
56919.0,FPL Energy Ashtabula Wind LLC,WT,WND,2008,148
56917.0,"Imperial Valley Solar, LLC",PV,SUN,2013,199
56915.0,SAS Solar Farm,PV,SUN,2008,0
56914.0,Orange Grove Peaking Facility,GT,NG,2010,118
56913.0,Osceola Windpower II,WT,WND,2008,50
56912.0,Langdon Wind II LLC,WT,WND,2008,40
56911.0,Broad Mountain,GT,LFG,2009,10
56909.0,Gap Pacific Distribution Center,PV,SUN,2008,0
56908.0,Dave Gates Generating Station,GT,NG,2011,201
56905.0,Noble Great Plains Windpark LLC,WT,WND,2009,114
56904.0,Noble Chateaugay Windpark LLC,WT,WND,2009,106
56903.0,Noble Bellmont Windpark LLC,WT,WND,9999,21
56902.0,Noble Wethersfield Windpark LLC,WT,WND,2009,126
56901.0,Noble Altona Windpark LLC,WT,WND,2009,97
56900.0,Atlantic City Convention Center,PV,SUN,2008,0
56899.0,IRC Generator Facility,IC,DFO,1986,2
56898.0,Ameresco Chiquita Canyon,GT,LFG,2010,8
56897.0,Ameresco Keller Canyon,IC,LFG,2009,2
56896.0,Ameresco Jefferson City,IC,LFG,2009,3
56895.0,Ameresco Ox Mountain,IC,LFG,2008,6
56894.0,Ameresco Stafford,IC,LFG,2009,2
56893.0,Chester Diversion Hydroelectric Project,HY,WAT,2014,3
56891.0,Moretown,IC,LFG,2008,2
56890.0,Norther Tier Landfill,IC,LFG,2009,1
56889.0,PPL Renewable Energy Merck Solar,PV,SUN,2009,1
56888.0,Warren County Solar,PV,SUN,2012,0
56887.0,Cumberland County PA LFG Recovery,IC,LFG,2009,4
56886.0,Jersey Shore Steel Co,IC,LFG,9999,1
56885.0,Maidencreek Biomass Plant,ST,WDS,9999,5
56884.0,Cumberland County Solid Waste Complex,IC,LFG,2008,3
56883.0,Pennsauken Solar,PV,SUN,2006,0
56880.0,OREG 2 Inc,OT,WH,2008,28
56879.0,Flat Ridge Wind Energy LLC,WT,WND,2009,50
56878.0,Hoosier Wind Project LLC,WT,WND,2009,106
56877.0,Hall's Warehouse Solar Project,PV,SUN,2009,1
56876.0,Wapsipinicon Wind Project,WT,WND,2009,100
56875.0,Sacramento Soleil LLC,PV,SUN,2008,1
56874.0,Shiloh Wind Project 2 LLC,WT,WND,2009,150
56873.0,SECCRA Community Landfill,IC,LFG,2007,2
56872.0,Meldahl Hydroelectric Project,HY,WAT,2016,105
56871.0,Zion Landfill Gas to Energy Facility,IC,LFG,2002,5
56870.0,Taylor,IC,LFG,2003,8
56869.0,Loraine County Project,IC,LFG,2001,18
56868.0,Carbon Limestone,IC,LFG,2001,18
56867.0,Roberts Road Power Plant,IC,LFG,2003,1
56866.0,Middle Point Landfill Gas Recovery,IC,LFG,2000,2
56865.0,Ottawa County Project,IC,LFG,2001,2
56864.0,Covel Gardens Gas Recovery,IC,LFG,2005,6
56863.0,Model Gas Power Station,IC,LFG,2001,2
56862.0,Bolthouse S&P and Rowen Farms Solar,PV,SUN,2008,0
56860.0,Hardin Hilltop Wind LLC,WT,WND,2007,14
56859.0,Crosswind Energy Project,WT,WND,2007,21
56858.0,Sagebrush Power Partners,WT,WND,2010,100
56857.0,Marble River Wind Farm,WT,WND,2012,215
56856.0,Rail Splitter Wind Farm,WT,WND,2009,100
56855.0,Arlington Wind Power Project,WT,WND,2008,103
56854.0,Wheat Field Wind Power Project,WT,WND,2009,97
56853.0,Trans-Jordan Generating Station,IC,LFG,2009,3
56852.0,White Feather Generating Station,IC,LFG,2009,2
56851.0,South Kent Generating Station,IC,LFG,2009,2
56850.0,Lanchester Generating Station,IC,LFG,2006,2
56849.0,Woodfin,GT,NG,9999,45
56848.0,Haverhill North Cogeneration Facility,ST,OG,2008,67
56847.0,Plainfield Renewable Energy LLC,ST,WDS,2013,43
56846.0,CPV St Charles Energy Center,CT,NG,2017,746
56843.0,Seven Mile Hill,WT,WND,2008,118
56842.0,Rolling Hills,WT,WND,2009,99
56841.0,Glenrock,WT,WND,2008,138
56840.0,Marshall Wind 1 LLC,WT,WND,2007,2
56839.0,EXC Wind 7,WT,WND,2008,10
56838.0,EXC Wind 8,WT,WND,2008,10
56837.0,EXC Wind 9,WT,WND,2008,10
56836.0,EXC Wind 10,WT,WND,2008,10
56835.0,EXC Wind 11,WT,WND,2008,10
56834.0,High Plains,WT,WND,2008,10
56833.0,OREG 1 Inc,OT,WH,2006,28
56832.0,North Brawley Geothermal Plant,BT,GEO,2009,64
56831.0,Crane Creek Wind Energy Center,WT,WND,2009,99
56829.0,Kibby Wind Facility,WT,WND,2009,132
56828.0,Marshall Wind 6 LLC,WT,WND,2007,2
56827.0,Marshall Wind 5 LLC,WT,WND,2007,2
56826.0,Marshall Wind 4 LLC,WT,WND,2007,4
56825.0,Marshall Wind 3 LLC,WT,WND,2007,4
56824.0,Marshall Wind 2 LLC,WT,WND,2007,4
56823.0,Hackberry Wind Farm,WT,WND,2008,165
56822.0,Rock Creek Dam,HY,WAT,9999,3
56821.0,Chalk Mountain Powerhouse,HY,WAT,9999,2
56820.0,Britton Powerhouse,HY,WAT,9999,2
56819.0,Flat Ridge Wind Farm,WT,WND,2009,50
56818.0,Central Plains Wind Farm,WT,WND,2009,99
56815.0,Denver Int Airport,PV,SUN,2008,1
56814.0,ELACC Photovoltaic Power Facility,PV,SUN,2008,0
56813.0,CSU Fresno Solar Project,PV,SUN,2007,0
56812.0,Solana Generating Station,CP,SUN,2013,280
56811.0,Walnut Wind Farm,WT,WND,2008,153
56810.0,Adair Wind Farm,WT,WND,2008,174
56809.0,Carroll Wind Farm,WT,WND,2008,150
56808.0,Virginia City Hybrid Energy Center,ST,BIT,2012,668
56807.0,Bear Garden,CT,NG,2011,559
56806.0,Cedar Bayou 4,CT,NG,2009,534
56805.0,EcoGrove Wind LLC,WT,WND,2009,100
56804.0,Red Hills Wind Project LLC,WT,WND,2008,123
56803.0,Panoche Energy Center,GT,NG,2009,432
56800.0,Hull Wind II,WT,WND,2006,1
56799.0,Greenland Energy Center,GT,NG,2011,610
56798.0,Kleen Energy Systems Project,CT,NG,2011,693
56797.0,Pioneer Prairie Wind Farm,WT,WND,2008,300
56796.0,South Chestnut LLC,WT,WND,2012,50
56795.0,Penascal Wind Power LLC,WT,WND,2009,201
56794.0,Moraine II Wind LLC,WT,WND,2009,49
56793.0,Elm Creek Wind LLC,WT,WND,2008,99
56792.0,Buffalo Ridge I LLC,WT,WND,2009,50
56791.0,Dillon Wind LLC,WT,WND,2008,45
56790.0,Hay Canyon Wind Power LLC,WT,WND,2009,100
56789.0,Pebble Springs Wind LLC,WT,WND,2009,98
56787.0,Geismar Cogen,GT,NG,2000,83
56786.0,Spiritwood Station,ST,LIG,2014,106
56785.0,Virginia Tech Power Plant,ST,NG,1976,6
56784.0,Cloud County Wind Farm,WT,WND,2008,201
56783.0,Elbow Creek Wind Project LLC,WT,WND,2008,121
56782.0,Diamond Willow Wind Facility,WT,WND,2007,30
56781.0,Evergreen BioPower LLC,ST,WDS,2007,21
56779.0,Sherbino I Wind Farm,WT,WND,2008,150
56777.0,Fowler Ridge Wind Farm LLC,WT,WND,2009,600
56776.0,Gunsight Mountain Wind Energy LLC,WT,WND,2016,120
56775.0,Scurry County Wind II,WT,WND,2007,120
56774.0,Turkey Track Wind Energy LLC,WT,WND,2008,169
56773.0,McAdoo Wind Energy LLC,WT,WND,2008,150
56771.0,Silver Star I Wind Power Project,WT,WND,2008,60
56770.0,Locust Ridge II LLC,WT,WND,2009,102
56768.0,CalRenew-1,PV,SUN,2010,5
56767.0,Farmers City Wind LLC,WT,WND,2009,146
56765.0,Barton Windpower LLC,WT,WND,2009,160
56764.0,Winnebago Wind Power Project,WT,WND,2008,20
56763.0,Capricorn Ridge Wind LLC,WT,WND,2007,661
56755.0,Odin Wind Farm LLC,WT,WND,2008,20
56754.0,Goat Wind LP,WT,WND,2008,149
56753.0,Mountain Wind Power II LLC,WT,WND,2008,80
56752.0,Mountain Wind Power LLC,WT,WND,2008,61
56751.0,Spanish Fork Wind Park 2 LLC,WT,WND,2008,18
56750.0,Jeffers Wind 20 LLC,WT,WND,2008,50
56712.0,Christoffer Wind Energy IV LLC,WT,WND,2008,2
56711.0,Christoffer Wind Energy III LLC,WT,WND,2008,2
56710.0,Christoffer Wind Energy II LLC,WT,WND,2008,2
56709.0,Christoffer Wind Energy I LLC,WT,WND,2008,2
56708.0,CFB Power Plant,ST,NG,2012,310
56707.0,El Nido Facility,ST,WDS,2008,12
56706.0,Ampersand Chowchilla Biomass LLC,ST,WDS,2008,12
56705.0,Kosterville,HY,WAT,1955,0
56704.0,Gouldtown,HY,WAT,1953,2
56703.0,Lyons Falls Hydroelectric,HY,WAT,1923,4
56702.0,Tuolumne Wind Project,WT,WND,2009,136
56701.0,Haworth Water Treatment Plant,IC,NG,2004,8
56700.0,Lookout Windpower LLC,WT,WND,2008,37
56699.0,Forward Windpower LLC,WT,WND,2008,29
56698.0,Main Canal Headworks,HY,WAT,1987,26
56697.0,Potholes East Canal 66.0,HY,WAT,1985,2
56696.0,Eltopia Branch Canal 4.6,HY,WAT,1983,2
56695.0,Summer Falls Power Plant,HY,WAT,1985,92
56694.0,Russell D Smith,HY,WAT,1982,6
56693.0,Virginia Beach,IC,LFG,2001,0
56692.0,Rockville 1 & 2,IC,DFO,1995,0
56690.0,Pine Grove,IC,LFG,2008,0
56688.0,New Bern,IC,LFG,2007,0
56687.0,Mountain View,IC,LFG,2003,0
56686.0,King & Queen,IC,LFG,2008,0
56684.0,Chesterfield Landfill Gas,IC,LFG,2004,0
56683.0,Charles City,IC,LFG,2003,0
56682.0,Brunswick Landfill Gas,IC,LFG,2007,0
56681.0,Amelia,IC,LFG,2001,0
56680.0,Wicomico,IC,LFG,2007,0
56679.0,Benton County Wind Farm,WT,WND,2008,130
56677.0,Charles City Wind Farm,WT,WND,2008,75
56676.0,Margarita Energy Center,GT,NG,9999,48
56674.0,Winchester Power Park,GT,NG,2010,240
56673.0,Whirlwind Energy Center,WT,WND,2007,59
56671.0,Longview Power Plant,ST,BIT,2011,807
56670.0,Velva Windfarm LLC,WT,WND,2005,11
56669.0,Tatanka Wind Power LLC,WT,WND,2008,180
56668.0,NIH Cogeneration Facility,GT,NG,2004,22
56667.0,Lanai Solar-Electric Plant,PV,SUN,2008,0
56666.0,Goodnoe Hills,WT,WND,2008,94
56665.0,Dempsey Ridge Wind Farm,WT,WND,2012,224
56663.0,El Paso Wind Project,WT,WND,9999,80
56662.0,Texas Gulf Wind 2,WT,WND,9999,187
56661.0,Pattern Gulf Wind,WT,WND,2008,283
56659.0,Michigan Wind 2,WT,WND,2011,90
56658.0,Majestic 2 Wind Farm,WT,WND,9999,79
56657.0,Lancaster Wind Farm Project,WT,WND,9999,70
56656.0,Aragonne Mesa Phase II,WT,WND,9999,110
56655.0,Seldom Seen Wind LLC,WT,WND,9999,41
56654.0,Hatchet Ridge Wind Project,WT,WND,2010,101
56653.0,Crescent Ridge II Wind Energy Project,WT,WND,9999,57
56651.0,North Allegheny Windpower Project,WT,WND,2009,70
56650.0,Wessington Springs,WT,WND,2009,51
56649.0,South Trent Wind Farm,WT,WND,2009,101
56648.0,Majestic 1 Wind Farm,WT,WND,2009,79
56647.0,Butler Ridge,WT,WND,2009,54
56646.0,Chandler Hills Wind Farm,WT,WND,1999,2
56645.0,Osceola Windpower LLC,WT,WND,2008,100
56644.0,Stanton Wind Energy LLC,WT,WND,2008,120
56643.0,St Paul Cogeneration,ST,WDS,2003,37
56642.0,Ely Energy Center,ST,SUB,9999,1500
56640.0,Camp Grove Wind Farm,WT,WND,2007,150
56639.0,Midway Peaking LLC,GT,NG,2009,138
56638.0,Buffalo Gap 3 Wind Farm,WT,WND,2008,170
56637.0,Bennett Creek Windfarm LLC - Mountain Home,WT,WND,2008,21
56636.0,Mountain Home,WT,WND,2008,21
56635.0,Harvest,WT,WND,2008,52
56634.0,Cohocton Wind Project,WT,WND,2009,87
56633.0,Dutch Hill Wind Project,WT,WND,2009,37
56631.0,Turlock Irrigation District Fuel Cell,FC,OBG,2009,1
56630.0,Taconite Ridge 1 Wind Energy Center,WT,WND,2008,25
56629.0,Waterbury Generation,GT,NG,2009,96
56628.0,Prairie Wind Power LLC,WT,WND,2008,4
56627.0,KSS Turbines LLC,WT,WND,2008,4
56626.0,K&D Energy LLC,WT,WND,2008,4
56625.0,KC Energy LLC,WT,WND,2008,4
56624.0,BC Energy LLC,WT,WND,2008,4
56623.0,Elkhorn Valley Wind Farm,WT,WND,2007,100
56622.0,Providence Heights Wind LLC,WT,WND,2008,72
56621.0,Sleeping Bear LLC,WT,WND,2007,94
56620.0,Noble Bliss Windpark LLC,WT,WND,2008,100
56619.0,Noble Ellenburg Windpark LLC,WT,WND,2008,81
56618.0,Noble Clinton Windpark LLC,WT,WND,2008,100
56617.0,Fenton Wind Farm,WT,WND,2007,205
56616.0,Novo BioPower Plant,ST,WDS,2008,27
56615.0,Rancho Penasquitos,HY,WAT,2007,4
56614.0,Old Trail Wind Farm,WT,WND,2007,198
56613.0,Logan Wind Energy,WT,WND,2007,201
56611.0,Sandy Creek Energy Station,ST,SUB,2013,1008
56610.0,Deer Creek Station,CT,NG,2012,324
56609.0,Dry Fork Station,ST,SUB,2011,483
56608.0,Prairie Winds SD1,WT,WND,2011,161
56607.0,Prairie Winds ND1,WT,WND,2009,115
56606.0,Culbertson Generation Station,GT,NG,2010,91
56605.0,Langdon Wind LLC,WT,WND,2007,118
56604.0,Hardin County Peaking Facility,GT,NG,2001,172
56603.0,San Jacinto County Peaking Facility,GT,NG,2001,170
56602.0,Snyder Wind Farm,WT,WND,2007,63
56600.0,Overall Road Station,IC,DFO,2003,8
56599.0,Jefferson Street Substation,IC,DFO,2002,6
56598.0,Walton Street Substation,IC,DFO,2003,6
56597.0,Elm Street Substation Generators,IC,DFO,2002,8
56596.0,Wygen III,ST,SUB,2010,116
56595.0,Breezy Bucks I LLC,WT,WND,2006,1
56594.0,Munnsville Wind Farm LLC,WT,WND,2007,34
56593.0,Roscoe Wind Farm LLC,WT,WND,2008,209
56592.0,Champion Wind Farm LLC,WT,WND,2008,126
56591.0,Horseshoe Bend Wind Park,WT,WND,2006,9
56590.0,Green Acres Breeze LLC,WT,WND,2006,1
56589.0,Wolf Wind Enterprises LLC,WT,WND,2006,1
56588.0,G Flow Wind LLC,WT,WND,2006,1
56587.0,Minnesota Breeze LLC,WT,WND,2006,1
56586.0,Sunset Breeze LLC,WT,WND,2006,1
56585.0,Wallys Wind Farm LLC,WT,WND,2006,1
56584.0,Salty Dog II LLC,WT,WND,2006,1
56583.0,Salty Dog I LLC,WT,WND,2006,1
56582.0,Breezy Bucks II LLC,WT,WND,2006,1
56581.0,Blue Breezes II LLC,WT,WND,2006,1
56580.0,Blue Breezes LLC,WT,WND,2006,1
56579.0,Windy Dog I LLC,WT,WND,2006,1
56578.0,Roadrunner I LLC,WT,WND,2006,1
56577.0,Shane's Wind Machine,WT,WND,2006,1
56575.0,Steel Winds Wind Farm,WT,WND,2007,20
56573.0,FPL Energy Oliver Wind II LLC,WT,WND,2007,48
56572.0,Bethlehem Renewable Energy LLC,GT,LFG,2008,5
56571.0,Eastern Landfill Gas LLC,IC,LFG,2006,3
56570.0,Terra-Gen VG Wind LLC,WT,WND,1984,7
56569.0,Niland Gas Turbine Plant,GT,NG,2008,120
56568.0,Nellis Air Force Base Solar Array,PV,SUN,2007,12
56566.0,Castle Creek Hydroplant,HY,WAT,9999,1
56565.0,J Lamar Stall Unit,CT,NG,2010,624
56564.0,John W Turk Jr Power Plant,ST,SUB,2012,609
56563.0,Peetz Table Wind Energy,WT,WND,2007,199
56562.0,EXC Wind 6,WT,WND,2007,10
56561.0,EXC Wind 5,WT,WND,2006,10
56560.0,EXC Wind 4,WT,WND,2008,79
56559.0,EXC Wind 3,WT,WND,2006,10
56558.0,EXC Wind 2,WT,WND,2006,10
56557.0,EXC Wind 1,WT,WND,2006,10
56556.0,PPS Power Plant No 1,GT,NG,2010,120
56555.0,Bluegrass Ridge,WT,WND,2007,56
56554.0,Salt Lake Energy Systems,IC,LFG,2006,1
56553.0,Catawba River Pollution Control,IC,DFO,2009,1
56552.0,Statesville Delivery No 3,IC,DFO,2007,2
56551.0,Landis Delivery No 2,IC,DFO,2007,2
56550.0,Huntersville Delivery No 2,IC,DFO,2007,2
56549.0,Granite Falls Walmart,IC,DFO,2007,2
56548.0,Drexel Operations Center,IC,DFO,2007,2
56547.0,Bostic Delivery No 2,IC,DFO,2007,1
56546.0,Cornelius Delivery No 1,IC,DFO,2007,2
56545.0,Seneca City of,IC,DFO,2004,10
56544.0,Windom Wind Project,WT,WND,2006,15
56543.0,Eastridge Wind Project,WT,WND,2006,10
56542.0,Kasidaya Creek Hydro,HY,WAT,2008,3
56541.0,Galena 3 Geothermal Power Plant,BT,GEO,2008,30
56540.0,Galena 2 Geothermal Power Plant,BT,GEO,2007,13
56539.0,Clark-Floyd Landfill Gas Generating,IC,LFG,2007,3
56538.0,Loess Hills,WT,WND,2008,5
56537.0,Conception,WT,WND,2008,50
56536.0,Cow Branch,WT,WND,2008,50
56532.0,Colusa Generating Station,CT,NG,2010,711
56531.0,Waste Management Bethel LFGTE,IC,LFG,2008,0
56530.0,DADS Gas Recovery,IC,LFG,2008,0
56529.0,Five Oaks Gas Recovery,IC,LFG,2008,0
56528.0,Skyline Gas Recovery,IC,LFG,2007,4
56527.0,Fitchburg Gas Recovery,IC,LFG,2007,3
56526.0,Chaffee Gas Recovery,IC,LFG,2007,0
56525.0,Timberline Trail Gas Recovery,IC,LFG,2006,0
56524.0,Austin Gas Recovery,IC,LFG,2007,4
56523.0,Two Pine Landfill Gas Recovery,IC,LFG,2006,0
56522.0,Springhill Gas Recovery Plant,IC,LFG,2006,0
56521.0,Lake Mills Gas Recovery,IC,LFG,2006,0
56520.0,Deertrack Park Gas Recovery,IC,LFG,2006,0
56519.0,Salem Electric Department,IC,DFO,2007,1
56518.0,South Energy Center,IC,NG,2009,11
56517.0,West Diesel Generation Unit,IC,DFO,2006,4
56516.0,Plains End II LLC,IC,NG,2008,112
56515.0,CEIP Substation Distributed Generation,IC,DFO,2006,3
56514.0,Kalaeoloa Pole Yard DG,IC,DFO,2006,3
56513.0,Whitemarsh Central Utility Plant,IC,NG,2007,1
56512.0,GLRA Landfill,IC,LFG,2007,2
56511.0,Pennsauken Landfill,IC,LFG,2004,0
56510.0,Frey Farm Landfill,IC,LFG,2006,2
56509.0,Tesoro SLC Cogeneration Plant,GT,NG,2004,24
56506.0,Scurry County Wind LP,WT,WND,2007,130
56505.0,Jonesboro City Water & Light Plant,GT,NG,1999,222
56504.0,Municipal Power Plant,IC,NG,2002,2
56503.0,Riley Generating Station,IC,NG,2006,10
56502.0,Emporia Energy Center,GT,NG,2008,729
56501.0,Pomeroy Wind Farm,WT,WND,2007,285
56500.0,Western 102 Power Plant,IC,NG,2005,113
56499.0,Tiber Dam Hydroelectric Plant,HY,WAT,2004,7
56498.0,Mora Drop Hydroelectric Project,HY,WAT,2006,1
56497.0,Goodman Energy Center,IC,NG,2008,99
56496.0,Phillips 66 Billings Refinery,ST,OG,2007,1
56495.0,NedPower Mount Storm,WT,WND,2008,264
56494.0,Prairie Star Wind Farm,WT,WND,2007,100
56493.0,Buffalo Mountain Energy Center,WT,WND,2004,27
56491.0,Dean Drive Area Electric Generators,IC,DFO,2007,2
56489.0,Elkins Generating Center,GT,NG,2010,66
56488.0,Smoky Hills Wind Project Phase I,WT,WND,2008,100
56487.0,White Creek Wind Farm,WT,WND,2007,204
56485.0,Biglow Canyon Wind Farm,WT,WND,2007,449
56484.0,Buffalo Gap 2 Wind Farm,WT,WND,2007,232
56483.0,Post Oak Wind LLC,WT,WND,2008,200
56482.0,Black Mountain Generating Station,GT,NG,2008,120
56481.0,SunE Alamosa,PV,SUN,2007,8
56480.0,Marshfield Utilities Gas Plant,GT,NG,2011,60
56479.0,Sand Bluff Wind Farm,WT,WND,2007,90
56478.0,MJMEUC Generating Station #1,GT,NG,2007,13
56476.0,Gateway Generating Station,CT,NG,2009,619
56475.0,Center Peaker,GT,NG,2007,59
56474.0,Barre Peaker,GT,NG,2007,49
56473.0,Mira Loma Peaker,GT,NG,2007,49
56472.0,Grapeland Peaker,GT,NG,2007,59
56471.0,McGrath Peaker,GT,NG,2012,49
56470.0,Locust Ridge,WT,WND,2007,26
56469.0,Roseburg Forest Products Biomass,ST,WDS,1989,13
56468.0,Klondike Windpower III,WT,WND,2007,297
56467.0,Russell City Energy Center,CT,NG,2013,655
56466.0,Marengo Wind Plant,WT,WND,2007,210
56465.0,Liberty I & II LFGTE,IC,LFG,2005,4
56464.0,Jay County LFGTE,IC,LFG,2005,0
56463.0,Oak Ridge LFGTE,IC,LFG,2003,0
56462.0,Geneva Generation Facility,IC,NG,2005,27
56461.0,Dry Creek LFG to Energy Project,IC,LFG,2007,2
56460.0,Twin Buttes Wind Project,WT,WND,2007,75
56459.0,MinnDakota Wind LLC,WT,WND,2008,150
56458.0,Hobbs Generating Station,CT,NG,2008,663
56457.0,Post Wind Farm LP,WT,WND,2006,84
56456.0,Plum Point Energy Station,ST,SUB,2010,720
56452.0,Medicine Bow Fuel & Power LLC,ST,BIT,9999,350
56451.0,Allegheny Ridge Wind Farm,WT,WND,2007,80
56450.0,GSG LLC,WT,WND,2007,80
56449.0,Kaheawa Pastures Wind Farm,WT,WND,2006,30
56448.0,Mars Hill Wind Farm Project,WT,WND,2007,42
56447.0,Hawi Wind Farm,WT,WND,2006,10
56446.0,Buena Vista Energy LLC,WT,WND,2006,38
56445.0,Spindle Hill Energy Center,GT,NG,2007,420
56443.0,Tuana Gulch Wind Park,WT,WND,2011,10
56442.0,Thousand Springs Wind Park,WT,WND,2011,12
56441.0,Salmon Falls Wind Park,WT,WND,2011,21
56440.0,Pilgrim Stage Wind Park,WT,WND,2011,10
56439.0,Oregon Trail Wind Park,WT,WND,2011,13
56437.0,Milner Dam Wind Park LLC,WT,WND,2011,19
56435.0,Golden Valley Wind Park LLC,WT,WND,2011,12
56434.0,Burley Butte Windpark,WT,WND,2011,21
56433.0,Pine Tree Wind Power Project,WT,WND,2009,135
56432.0,Wildorado Wind LLC,WT,WND,2007,161
56430.0,Ameresco Delaware Central,IC,LFG,2006,5
56429.0,Ameresco Delaware South,IC,LFG,2006,5
56428.0,Ameresco Santa Cruz Energy,IC,LFG,2006,3
56427.0,Ameresco Janesville,IC,LFG,2004,3
56426.0,Ameresco Chicopee Energy,IC,LFG,2004,5
56424.0,Mower County Wind Energy Center,WT,WND,2006,98
56423.0,Dodge Park Engine No 1,IC,DFO,2008,2
56422.0,ST-1/1A Engine No 1,IC,DFO,2008,1
56421.0,PS ST-8 Engine No 1,IC,DFO,2008,2
56420.0,Renick Run Pumping Station 03-04,IC,DFO,2006,2
56419.0,Beecher Gas Recovery,IC,LFG,2006,3
56418.0,Des Plaines Gas Recovery,IC,LFG,2004,2
56417.0,Westchester Gas Recovery,IC,LFG,2004,2
56416.0,Michigan Wind 1,WT,WND,2008,69
56415.0,Fairmont Wind,WT,WND,2003,4
56414.0,Redwood Falls Wind,WT,WND,2004,2
56413.0,Greenback Energy,WT,WND,2004,1
56412.0,Lucky Wind,WT,WND,2004,1
56411.0,Northern Lights Wind LLC,WT,WND,2004,1
56410.0,Carstensen Wind,WT,WND,2004,1
56409.0,Stahl Wind Energy,WT,WND,2004,1
56408.0,Agriwind,WT,WND,2007,8
56407.0,West County Energy Center,CT,NG,2009,4263
56406.0,Sierra Pacific Burlington Facility,ST,WDS,2007,28
56405.0,Nevada Solar One,ST,SUN,2007,75
56404.0,Noble Hill Landfill,IC,LFG,2006,3
56400.0,Treasure Coast Energy Center,CT,NG,2008,410
56399.0,Lempster Wind LLC,WT,WND,2008,24
56398.0,Jordanville Wind Farm,WT,WND,9999,80
56397.0,Hunlock Unit 4,GT,NG,2000,44
56395.0,Mesquite Wind Power LLC,WT,WND,2007,200
56394.0,Forest Creek Wind Farm LLC,WT,WND,2006,124
56392.0,FPL Energy Oliver Wind I LLC,WT,WND,2006,50
56391.0,Blue Sky Green Field Wind Project,WT,WND,2008,145
56386.0,Top of Iowa Windfarm III,WT,WND,2008,29
56383.0,Northern Iowa Windpower II,WT,WND,2008,80
56380.0,Centennial Wind Farm,WT,WND,2006,120
56379.0,Victory Wind Farm,WT,WND,2006,99
56378.0,Pakini Nui Wind Farm,WT,WND,2007,21
56377.0,Judith Gap Wind Energy Center,WT,WND,2005,135
56376.0,Pike County Wind Power,WT,WND,2005,1
56374.0,Robert Mueller Energy Center,GT,NG,2006,5
56373.0,Domain Integrated Energy System,GT,NG,2004,5
56372.0,Sweetwater Wind 5,WT,WND,2007,80
56371.0,Cedar Creek Wind,WT,WND,2007,300
56370.0,Ecogen Wind,WT,WND,9999,79
56369.0,Casselman Wind Power Project,WT,WND,2007,34
56368.0,Water Treatment Plant Generators,IC,DFO,2007,1
56367.0,Electric Avenue Facility,IC,DFO,1997,4
56366.0,Lake Area Landfill Gas Recovery,IC,LFG,9999,3
56365.0,Danville Westover Plant,IC,DFO,2005,1
56364.0,Danville Kentuck Road Plant,IC,DFO,2005,1
56363.0,Danville New Design Plant,IC,DFO,2005,1
56362.0,Shiloh I Wind Project,WT,WND,2006,150
56361.0,Big Horn Wind Project,WT,WND,2006,199
56360.0,Leaning Juniper,WT,WND,2006,100
56359.0,Klondike Windpower II,WT,WND,2005,75
56358.0,Western Renewable Energy,ST,WDS,2004,3
56357.0,FPL Energy Burleigh County Wind,WT,WND,2005,49
56356.0,Clearwater Power Plant,CT,NG,2005,49
56355.0,Whispering Willow Wind Farm - East,WT,WND,2009,199
56354.0,Tampa Electric Co NA 4,GT,NG,9999,200
56353.0,Tampa Electric Co NA 3,GT,NG,9999,99
56352.0,Tampa Electric Co NA 2,GT,NG,9999,982
56351.0,Spearville,WT,WND,2006,148
56350.0,Colorado Bend Energy Center,CT,NG,2002,580
56349.0,Quail Run Energy Center,CT,NG,2002,548
56348.0,Laverne Diesel Generating Plant,IC,DFO,2006,4
56347.0,Cedar Ridge,WT,WND,2008,67
56346.0,Bear Valley Power Plant,IC,NG,2005,7
56345.0,Pineville Delivery 1,IC,DFO,2006,1
56344.0,Morganton Station 5,IC,DFO,2006,1
56343.0,Monroe Middle School,IC,DFO,2006,1
56342.0,Maiden Community Center,IC,DFO,2006,1
56341.0,Lincolnton High School,IC,DFO,2006,1
56340.0,Cherryville City Hall,IC,DFO,2006,1
56339.0,Albemarle Hospital Unit,IC,DFO,2006,1
56338.0,High Trail Wind Farm LLC,WT,WND,2007,198
56337.0,Sweetwater Wind 4 LLC,WT,WND,2007,241
56336.0,Aragonne Wind LLC,WT,WND,2006,90
56335.0,Blue Canyon Windpower II,WT,WND,2005,151
56333.0,Gauley River Power Partners,HY,WAT,2001,80
56332.0,Helemano Substation DG,IC,DFO,2005,3
56331.0,Iwilei Tank Farm DG,IC,DFO,2005,3
56330.0,Ewa Nui Substation DG,IC,DFO,2005,6
56329.0,Campbell Industrial Park,GT,OBL,2009,113
56328.0,Harry D Mattison Gas Plant,GT,NG,2007,348
56327.0,Pendleton County LFGTE,IC,LFG,2007,0
56326.0,Mustang Station Unit 4,GT,NG,2006,510
56325.0,Delta Power,GT,DFO,1976,23
56324.0,Colonie LFGTE Facility,IC,LFG,2006,4
56323.0,Modern Innovative Energy LLC,IC,LFG,2006,8
56322.0,Wild Horse,WT,WND,2006,272
56321.0,Richard Burdette Geothermal,BT,GEO,2005,30
56320.0,Spring Canyon,WT,WND,2006,60
56319.0,Wygen 2,ST,SUB,2008,95
56317.0,Raft River Geothermal Power Plant,BT,GEO,2008,36
56314.0,Holcomb Rock,HY,WAT,1920,0
56313.0,Coleman Falls,HY,WAT,1983,0
56312.0,Shute Creek Facility,GT,OG,2005,108
56311.0,Sweetwater Wind 3 LLC,WT,WND,2005,135
56309.0,Trigen St. Louis,CA,NG,1999,35
56308.0,Fossil Gulch,WT,WND,2005,10
56307.0,Adams Wind Farm,WT,WND,2003,24
56306.0,San Francisco Intl Airport Ct Project,GT,NG,9999,48
56305.0,San Francisco Electric Reliability Proj,GT,NG,9999,150
56304.0,San Juan Mesa Wind Project LLC,WT,WND,2005,120
56303.0,Elk River Wind,WT,WND,2005,150
56302.0,Oasis Wind,WT,WND,2004,60
56301.0,Wolverine Creek,WT,WND,2006,64
56300.0,Jersey-Atlantic Wind Farm,WT,WND,2006,7
56299.0,Wind Park Bear Creek,WT,WND,2006,24
56298.0,Roseville Energy Park,CT,NG,2007,164
56297.0,Crescent Ridge,WT,WND,2005,53
56296.0,Trimont Area Wind Farm,WT,WND,2005,100
56295.0,Kumeyaay Wind,WT,WND,2005,50
56294.0,Bayway Refinery,OT,WH,1967,11
56293.0,Caprock Wind Farm,WT,WND,2004,80
56292.0,Hamlet Generating Facility,GT,NG,2007,342
56291.0,Horse Hollow Wind Energy Center,WT,WND,2005,735
56290.0,Maple Ridge Wind Farm,WT,WND,2005,322
56289.0,Salem Street Dept,IC,DFO,2005,1
56288.0,Salem Water Plant,IC,DFO,2003,2
56284.0,Santa Maria EPG,ST,OG,1995,5
56283.0,Hargis-Hebert Electric Generating,GT,NG,2006,100
56281.0,SPI - Everett,ST,WDS,9999,28
56280.0,Hardin County LFGTE,IC,LFG,2006,0
56279.0,Laurel Ridge LFGTE,IC,LFG,2003,0
56278.0,Green Valley LFGTE,IC,LFG,2003,0
56277.0,Bavarian LFGTE,IC,LFG,2003,1
56276.0,ZCO,WT,WND,1985,1
56275.0,Helzel & Schwarzhoff 86,WT,WND,1986,2
56274.0,Valley Queen Cheese,IC,DFO,2002,3
56273.0,Weatherford Wind Energy Center,WT,WND,2005,146
56271.0,Diablo Wind LLC,WT,WND,2004,18
56270.0,Callahan Divide Wind Energy Center,WT,WND,2005,114
56269.0,IBM West,IC,DFO,2005,2
56266.0,WPPI Hartford DG,IC,DFO,2005,1
56265.0,South Fork,HY,WAT,2005,2
56263.0,Albemarle Prime Power Park,IC,DFO,2006,2
56262.0,"Gastonia, Tulip Drive",IC,DFO,2005,3
56261.0,Lexington,IC,DFO,2005,2
56260.0,"High Point, Pump Station Rd",IC,DFO,2005,2
56259.0,Empire Generating Co LLC,CT,NG,2010,653
56258.0,Kapaia Power Station,GT,OTH,2002,39
56256.0,"John Street 1, 3, 4 & 5",IC,DFO,2005,4
56255.0,Hopkins Ridge Wind,WT,WND,2005,156
56253.0,Millcreek Power Generation,GT,NG,2006,80
56252.0,Century,WT,WND,2005,200
56251.0,Intrepid,WT,WND,2004,175
56250.0,Ontario LFGTE,IC,LFG,2003,3
56249.0,Anson County Generation Facility,GT,NG,2007,342
56248.0,Shell Chemical,GT,NG,2002,80
56247.0,West Group Data Center F,IC,DFO,2004,8
56245.0,Stevens Community Medical Center,IC,DFO,2004,1
56244.0,State Auto Insurance,IC,DFO,2001,1
56243.0,Perham Incinerator,ST,MSW,2003,4
56242.0,Kindred School,IC,DFO,2001,2
56241.0,Cannon Falls Energy Center,GT,NG,2008,346
56240.0,Buffalo Gap Wind Farm,WT,WND,2006,120
56239.0,Malaga Power LLC,GT,NG,2005,120
56238.0,Groton Generating Station,GT,NG,2006,188
56237.0,Lake Side Power Plant,CT,NG,2007,1385
56234.0,Caithness Long Island Energy Center,CT,NG,2009,348
56233.0,EG178 Facility,CT,NG,2005,152
56232.0,Miramar Energy Facility,GT,NG,2005,106
56231.0,DeKalb Medical Center-Hillandale,IC,DFO,2003,1
56229.0,Cogeneration 1,CS,NG,2002,9
56228.0,Prescott Airport,PV,SUN,2002,9
56227.0,Port Westward,CT,NG,2007,483
56226.0,Bowling Green Wind,WT,WND,2003,4
56225.0,Aeolus Wind Facility,WT,WND,2003,3
56224.0,TS Power Plant,ST,SUB,2008,406
56223.0,Alden Bailey Power Plant,GT,NG,2001,10
56219.0,Westar Wind,WT,WND,1999,0
56215.0,Allendorf,WT,WND,1998,3
56213.0,Patterson Pass,WT,WND,1985,21
56212.0,Sweetwater Wind 2 LLC,WT,WND,2005,98
56211.0,Sweetwater Wind 1 LLC,WT,WND,2003,37
56210.0,B&K Energy Systems LLC,WT,WND,2003,2
56209.0,Boeve Windfarm LLC,WT,WND,2003,2
56208.0,S&P Windfarm LLC,WT,WND,2003,2
56207.0,DL Windy Acres LLC,WT,WND,2003,2
56206.0,K-Brink Windfarm LLC,WT,WND,2003,2
56205.0,Windcurrent Farms LLC,WT,WND,2003,2
56204.0,Fey Windfarm LLC,WT,WND,2003,2
56203.0,Westridge Windfarm LLC,WT,WND,2003,2
56202.0,Tofteland Windfarm LLC,WT,WND,2003,2
56201.0,Bisson Windfarm LLC,WT,WND,2003,2
56200.0,CG Windfarm LLC,WT,WND,2003,2
56199.0,TG Windfarm LLC,WT,WND,2003,2
56196.0,500MW CC,CT,NG,2005,528
56195.0,Combine Hills I,WT,WND,2003,41
56194.0,Dike City Power Plant,IC,DFO,2005,2
56193.0,Medford Operation,ST,WDS,1956,8
56192.0,Georgia-Pacific Wauna Mill,ST,BLQ,1996,36
56190.0,Central Michigan University,GT,NG,1987,4
56189.0,"Waterside Power, LLC",GT,DFO,2003,138
56188.0,Pinelawn Power LLC,CT,NG,2005,82
56185.0,Chowchilla II,IC,NG,2001,48
56184.0,Red Bluff,IC,NG,2001,32
56183.0,Modular Power LLC,IC,DFO,1999,9
56182.0,Columbia Flooring Melbourne,ST,WDS,1980,2
56181.0,Genoa Diesel Generating Station,IC,DFO,2004,6
56177.0,Nebo Power Station,CA,NG,2004,140
56174.0,Moraine Wind LLC,WT,WND,2003,51
56173.0,Colorado Green Holdings LLC,WT,WND,2003,162
56172.0,Flying Cloud Power Partners LLC,WT,WND,2003,43
56169.0,NEO Freehold Gen LLC,IC,NG,1997,2
56166.0,Sheboygan Falls,GT,NG,2005,346
56164.0,Faribault Energy Park,CT,NG,2005,334
56163.0,Kennecott Power Plant,CT,NG,1943,432
56162.0,Ainsworth Wind,WT,WND,2005,59
56160.0,"Mendota Hills, LLC",WT,WND,2003,50
56153.0,Viking Wind Partners,WT,WND,2003,12
56152.0,Freeport Energy Center,CT,NG,2007,440
56151.0,South Harper,GT,NG,2005,351
56150.0,McIntosh Combined Cycle Facility,CT,NG,2005,1374
56149.0,Seven Mile Creek LFG,IC,LFG,2004,4
56148.0,Ft. Pierre,IC,DFO,2004,6
56147.0,Viking,IC,DFO,2003,1
56146.0,False Island,IC,DFO,1983,1
56144.0,Springs Generating Station,GT,NG,2002,40
56143.0,Riverside Energy Resource Center,GT,NG,2006,196
56142.0,"Chanarambie Power Partners, LLC",WT,WND,2003,85
56141.0,Jamaica Bay Peaking,GT,KER,2003,60
56139.0,Neptune Gas Processing Plant,OT,OTH,2004,4
56138.0,Anderson Erickson,IC,DFO,2000,2
56135.0,Ripon Generation Station,GT,NG,2006,120
56134.0,Regional Wastewater Control Facility,IC,NG,2000,4
56132.0,Honea Path,IC,DFO,2003,2
56131.0,Valenite,IC,DFO,2003,2
56130.0,Cornell Dubilier,IC,DFO,2003,2
56129.0,Thermal Kem,IC,DFO,2003,2
56128.0,Sub 3 Generating Station,IC,DFO,2003,4
56127.0,Macon Energy Center,GT,NG,2003,10
56126.0,Sub 2 Generating Station,IC,DFO,2004,2
56125.0,Springville Hydroelectric,HY,WAT,1994,1
56123.0,Minwind 3-9,WT,WND,2004,11
56122.0,Richland County Landfill,GT,LFG,2006,7
56121.0,Anderson Regional Landfill,IC,LFG,2008,2
56120.0,Lee County Landfill,GT,LFG,2005,8
56119.0,Middlesex Generating Facility,CT,LFG,1961,22
56118.0,Flora Site B,IC,DFO,2001,2
56117.0,Flora Site A,IC,DFO,2001,3
56116.0,IMEA Flora,IC,DFO,2000,5
56114.0,IMEA Highland,IC,DFO,1996,2
56113.0,Tessman Road,IC,LFG,2003,7
56112.0,Mountain View III,WT,WND,2003,22
56111.0,Brazos Wind Farm,WT,WND,2003,160
56108.0,T J Labbe Electric Generating,GT,NG,2005,100
56107.0,Cash Creek,CT,NG,9999,850
56106.0,Kimball Wind,WT,WND,2002,10
56104.0,Mankato Energy Center,CA,NG,2006,530
56102.0,Currant Creek,CT,NG,2005,649
56100.0,St. Charles Power Plant,IC,DFO,2004,8
56099.0,FPL Energy North Dakota Wind I/II,WT,WND,2003,61
56098.0,Hillsboro,IC,DFO,2002,4
56097.0,New Mexico Wind Energy Center,WT,WND,2003,204
56094.0,Oklahoma Wind Energy Center,WT,WND,2003,102
56093.0,TransAlta Wyoming Wind,WT,WND,2003,144
56092.0,South Dakota Wind Energy Cente,WT,WND,2003,40
56090.0,Blacksand Generating Facility,GT,OG,2000,7
56081.0,Blue Canyon Windpower,WT,WND,2003,85
56080.0,SJ/SC WPCP,IC,NG,1953,8
56079.0,Riceland Foods Cogeneration Plant,ST,OBS,1997,18
56078.0,Walnut Energy Center,CT,NG,2006,298
56076.0,ABC Coke,ST,OG,1997,3
56075.0,High Winds LLC,WT,WND,2003,161
56074.0,Alliant SBD 9901 Wells Fargo,IC,DFO,2000,1
56073.0,Alliant SBG 9802 Toyota,IC,NG,1998,1
56072.0,Alliant SBD 9801 Aegon Martha's Way,IC,DFO,1998,1
56070.0,Diesel Generators,IC,DFO,2001,54
56069.0,Berlin Landfill Gas,IC,LFG,2001,0
56068.0,Elm Road Generating Station,ST,RC,2010,1402
56067.0,Lexington Health Center,IC,DFO,2002,1
56066.0,Lexington Hickory Street,IC,DFO,2002,1
56065.0,Maiden Finger Street,IC,DFO,2002,1
56064.0,"Morganton, Parker Road",IC,DFO,2002,1
56063.0,"Shelby, Toms Street",IC,DFO,2002,1
56062.0,"Statesville, Highway 64",IC,DFO,2002,1
56061.0,Gastonia Duke Street,IC,DFO,2002,1
56060.0,Gastonia Rankin Lake,IC,DFO,2002,1
56059.0,"High Point, Fairfield",IC,DFO,2002,1
56058.0,"High Point, Jackson Lake",IC,DFO,2002,1
56055.0,Hana Substation,IC,DFO,2001,2
56054.0,G McNeilus Wind Farm Dodge Center,WT,WND,2002,43
56053.0,Casey City of,IC,DFO,2002,3
56052.0,Meyersdale Windpower,WT,WND,2003,48
56051.0,THUMS,GT,NG,2003,57
56050.0,Inner Harbor East Heating,IC,NG,2004,2
56046.0,Magnolia Power Project,CT,NG,2005,386
56041.0,Malburg,CT,NG,2005,130
56039.0,H. Gonzales,GT,NG,1987,10
56038.0,UMCP CHP Plant,GT,NG,2003,27
56036.0,WWTP Power Generation Station,IC,OBG,1985,6
56035.0,Smithfield Packaged Meats Corp.,IC,DFO,2002,2
56032.0,Equus Freeport Power,GT,NG,2004,120
56031.0,Fox Energy Center,CT,NG,2005,617
56026.0,Donald Von Raesfeld Power Plant,CT,NG,2005,154
56025.0,Traer East,IC,DFO,2004,4
56022.0,Waste Water Plant Generator,IC,DFO,1993,1
56018.0,AMEA Peaking,GT,NG,2004,98
56016.0,Grimes Way,IC,NG,2005,3
56015.0,Walton Bainbridge Power Facility,GT,DFO,2000,80
56013.0,Exira,GT,NG,2004,180
56012.0,Whitewater Hill Wind Partners,WT,WND,2002,61
56011.0,Cabazon Wind Partners,WT,WND,2002,41
56010.0,Hancock County Wind Energy Center,WT,WND,2002,98
56006.0,Harrisonburg Power Plant,ST,NG,1997,2
56005.0,Pleasant Valley (VA),GT,DFO,1997,20
56004.0,Mount Clinton,GT,DFO,1999,24
56002.0,Minwind,WT,WND,2002,3
56001.0,Waymart Wind,WT,WND,2003,64
55999.0,NECCO Co-Generation,IC,NG,2004,4
55998.0,Danbury Diesel,GT,DFO,1966,6
55997.0,Orchard Park,IC,NG,2003,24
55996.0,Alliant SBD0201 Ingredion,IC,DFO,2003,4
55995.0,Minot Wind Project,WT,WND,2003,6
55992.0,Desert Sky,WT,WND,2002,160
55991.0,Brady,ST,GEO,1992,32
55990.0,Ashtabula,CT,NG,2001,20
55989.0,FPL Energy Vansycle LLC (OR),WT,WND,2001,122
55988.0,Wabuska,ST,GEO,1984,0
55987.0,Stillwater Water Treatment Plant,IC,DFO,2003,2
55986.0,Mountaineer Wind Energy Center,WT,WND,2002,66
55985.0,Palomar Energy,CT,NG,2005,559
55984.0,CE Turbo LLC,ST,GEO,2000,11
55983.0,Salton Sea Power LLC - Unit 5,ST,GEO,2000,58
55981.0,Moulton Wind Power,WT,WND,2001,2
55980.0,Champepaden Wind Power,WT,WND,2001,2
55977.0,Bluffview,CT,NG,2005,67
55976.0,Hunterstown Power Plant,CT,NG,2003,898
55972.0,Cass County,GT,NG,2003,344
55970.0,Cosumnes,CT,NG,2006,530
55969.0,Hawkeye Energy Greenport LLC,GT,KER,2003,54
55968.0,Trent Wind Farm LP,WT,WND,2001,150
55966.0,Nikiski Co-Generation,CA,NG,1986,80
55965.0,Wansley Combined Cycle,CT,NG,2002,1238
55964.0,Brown Station Road Plant II,IC,LFG,2003,4
55963.0,Riverview Energy Center,GT,NG,2003,47
55961.0,Kamin LLC Wrens Mine,IC,DFO,1988,2
55954.0,Downtown,IC,DFO,1992,2
55953.0,Pretlow,IC,DFO,2001,2
55951.0,Agua Mansa Power Plant,GT,NG,2003,60
55950.0,Elk Hills Cogen,GT,NG,1994,46
55944.0,Bay Windpower I,WT,WND,2001,1
55939.0,Warren County,CT,NG,2014,1470
55938.0,NAEA Ocean Peaking Power LLC,GT,NG,2003,573
55937.0,TESLA Power Project,CT,NG,9999,1322
55936.0,NRG Rockford II Energy Center,GT,NG,2002,168
55935.0,Drews Generating Facility,GT,NG,2001,44
55934.0,Century Generating Facility,GT,NG,2001,44
55933.0,Tracy Combined Cycle Power Plant,CT,NG,2003,335
55931.0,Boulder City Silver Lake Hydro,HY,WAT,2000,3
55928.0,McMinnville,IC,DFO,2001,24
55927.0,Jasper,CT,NG,2004,999
55925.0,Ridgeview,IC,LFG,2002,0
55893.0,Partnership Station,IC,NG,2001,4
55885.0,Montgomery County Oaks LFGE Plant,GT,LFG,2009,5
55882.0,Sierra Pacific Aberdeen,ST,WDS,2003,18
55880.0,Sonoma Central Landfill Phase III,IC,LFG,2004,0
55875.0,Gates Peaker,GT,NG,2001,46
55874.0,Panoche Peaker,GT,NG,1973,49
55871.0,Klondike Wind Power,WT,WND,2002,24
55869.0,Genova Arkansas I LLC,CT,NG,9999,630
55867.0,Benson Power Biomass Plant,ST,WDS,2007,62
55866.0,Basin Creek Plant,IC,NG,2006,54
55864.0,Kaheka Hydro,HY,WAT,1925,3
55861.0,Stevens Point Mill,ST,NG,2002,7
55860.0,Quinebaug Lower Project,HY,WAT,1990,1
55857.0,Oak Point Cogen,GT,NG,1999,20
55856.0,Prairie State Generating Station,ST,BIT,2012,1766
55855.0,Wolfskill Energy Center,GT,NG,2003,47
55853.0,Inland Empire Energy Center,CS,NG,2009,818
55852.0,Valero Refinery Cogeneration Unit 2,GT,OG,9999,51
55851.0,Valero Refinery Cogeneration Unit 1,GT,NG,2002,51
55847.0,Feather River Energy Center,GT,NG,2003,47
55846.0,Telephone Flat,ST,GEO,9999,49
55845.0,Four Mile Hill,ST,GEO,9999,49
55841.0,Silverhawk,CT,NG,2004,664
55836.0,Island Street Peaking Plant,GT,NG,2004,60
55835.0,Rocky Mountain Energy Center,CT,NG,2004,684
55834.0,Sherry Energy Center,GT,NG,9999,1236
55833.0,Auburndale Peaker Energy Center,GT,NG,2002,130
55830.0,East Millinocket Mill,ST,WDS,1954,60
55824.0,MNDOT Standby Generation,IC,DFO,1995,2
55821.0,Curtis H Stanton Energy Center,CT,NG,2003,1016
55820.0,RCWMD Badlands Landfill Gas Project,IC,LFG,2001,2
55818.0,Frederickson Power LP,CT,NG,2002,318
55816.0,Hawkeye Power Partners LLC,WT,WND,1999,42
55813.0,Yuba City Energy Center,GT,NG,2002,47
55811.0,King City Peaking,GT,NG,2002,47
55810.0,Gilroy Peaking Energy Center,GT,NG,2001,135
55809.0,Kas Brothers Windfarm,WT,WND,2001,1
55807.0,Henrietta Peaker,GT,NG,2002,98
55805.0,Mill Run Windpower,WT,WND,2001,15
55804.0,Top of Iowa Windfarm,WT,WND,2001,80
55803.0,FPL E Somerset Windpower LLC,WT,WND,2001,9
55802.0,Valencia Energy Facility,GT,NG,2008,654
55801.0,Marcus Hook Energy LP,CT,NG,2004,835
55799.0,Otsego Mill Power Plant,GT,NG,1995,20
55796.0,Woodward Mountain I,WT,WND,2001,82
55795.0,Woodward Mountain II,WT,WND,2001,78
55790.0,Fenner Wind,WT,WND,2001,30
55787.0,Shoreham Energy LLC,GT,DFO,2002,100
55786.0,Edgewood Energy LLC,GT,NG,2002,100
55782.0,Noble Ridge LLC,WT,WND,2001,1
55779.0,Dunbarton Energy Partners LP,IC,LFG,1988,0
55776.0,Barre,IC,LFG,1996,0
55774.0,Morris Genco LLC,IC,LFG,2001,5
55773.0,Countyside Genco LLC,GT,LFG,2000,18
55770.0,Dane County Landfill #2 Rodefeld,IC,LFG,1997,1
55769.0,Madison Windpower LLC,WT,WND,2000,11
55768.0,Avon Energy Partners LLC,IC,LFG,1997,3
55767.0,Riveside Resource Recovery LLC,IC,LFG,1997,1
55766.0,Kiefer Landfill,IC,LFG,1999,9
55765.0,Green Knight Energy Center,GT,LFG,2001,9
55764.0,Upper Rock Energy Partners LLC,IC,LFG,2000,4
55763.0,Dixon/Lee Energy Partners LLC,IC,LFG,1999,4
55762.0,Brickyard Energy Partners LLC,IC,LFG,1999,4
55761.0,Devonshire Power Partners LLC,IC,LFG,1997,5
55760.0,Streator Energy Partners LLC,IC,LFG,1999,1
55759.0,Roxana Resource Recovery,IC,LFG,1999,4
55757.0,Model City Energy Facility,IC,LFG,2001,0
55753.0,Sonoma Central Landfill Phase II,IC,LFG,1996,0
55752.0,Sonoma Central Landfill Phase I,IC,LFG,1993,0
55749.0,Hardin Generator Project,ST,SUB,2006,115
55748.0,Los Esteros Critical Energy Center,CT,NG,2003,306
55747.0,NWP Indian Mesa Wind Farm,WT,WND,2001,82
55742.0,Montfort Wind Energy Center,WT,WND,2002,30
55741.0,Ridge Crest Wind Partners,WT,WND,2001,29
55740.0,Rock River I LLC,WT,WND,2001,50
55739.0,Condon Windpower LLC,WT,WND,2001,49
55738.0,Buchanan Generation LLC,GT,NG,2002,88
55736.0,Hanging Rock Energy Facility,CT,NG,2003,1426
55734.0,Gray County Wind Energy,WT,WND,2001,112
55733.0,Bennett Mountain,GT,NG,2005,392
55719.0,Mountain View I&2,WT,WND,2001,66
55718.0,Dean,GT,NG,2002,356
55714.0,Magnet Cove,CT,NG,2005,746
55711.0,FirstEnergy,CT,NG,9999,1080
55710.0,Allegheny Energy Units 3 4 & 5,CT,NG,2003,556
55708.0,Nacogdoches Power,CT,NG,2012,1039
55706.0,Choctaw County,CT,NG,2003,899
55701.0,Fremont Energy Center,CT,NG,2012,738
55700.0,Mint Farm Generating Station,CT,NG,2008,319
55699.0,Bayswater Peaking Facility LLC,GT,NG,2002,60
55698.0,Hanford Energy Park Peaker,GT,NG,2001,92
55694.0,Quantum Choctaw Power LLC,CT,NG,2006,850
55690.0,Bethlehem Power Plant,CT,NG,2002,1152
55687.0,Higgins Generating Station,CT,NG,2004,688
55685.0,Flambeau Lower Project,HY,WAT,1923,0
55684.0,Flambeau Crowley Rapids Project,HY,WAT,1930,1
55672.0,AL Sandersville LLC,GT,NG,2002,688
55667.0,Lower Mount Bethel Energy,CT,NG,2004,650
55664.0,Harrison County Power Project,CT,NG,2003,570
55662.0,Chehalis Generating Facility,CT,NG,2003,698
55661.0,Essential Power Newington LLC,CT,NG,2002,604
55656.0,"Pastoria Energy Facility, LLC",CT,NG,2005,779
55655.0,WFEC GenCo LLC,GT,NG,2001,90
55654.0,Chambersburg,GT,NG,2001,86
55651.0,Spring Creek Energy Center,GT,NG,2001,336
55650.0,Plains End,IC,NG,2002,100
55645.0,Blue Spruce Energy Center,GT,NG,2003,396
55642.0,Moapa Paiute Energy Center,CT,NG,9999,1210
55641.0,Riverside Energy Center,CT,NG,2004,673
55640.0,University Park North,GT,NG,2002,720
55638.0,Walhalla,ST,SUB,2000,2
55627.0,Goose Haven Energy Center,GT,NG,2003,47
55626.0,Lambie Energy Center,GT,NG,2003,47
55625.0,Creed Energy Center,GT,NG,2003,47
55622.0,West Valley Generation Project,GT,NG,2001,215
55620.0,Perryville Power Station,CT,NG,2001,822
55619.0,Watchtower Educational Center,IC,DFO,1993,0
55618.0,Monmouth Landfill Gas to Energy,GT,LFG,1998,8
55610.0,Foote Creek IV,WT,WND,2000,16
55609.0,Foote Creek III,WT,WND,1999,24
55608.0,Foote Creek II,WT,WND,1999,1
55607.0,Foote Creek I,WT,WND,1999,41
55603.0,Tajiguas Plant,IC,LFG,2000,3
55602.0,MM San Diego-North City,IC,LFG,1999,0
55601.0,Prima Plant,IC,LFG,1999,6
55600.0,Binghamton Cogen,GT,NG,1992,47
55599.0,GRS CMS,GT,LFG,1999,5
55598.0,GRS Pine Bend,CT,LFG,1996,16
55597.0,GRS C&C,IC,LFG,1995,5
55596.0,GRS Arbor Hills,CT,LFG,1996,30
55595.0,GRS Lyon,IC,LFG,1993,5
55594.0,South Barrington Electric,IC,LFG,1997,0
55593.0,Quad Cities,IC,LFG,1998,2
55592.0,Mallard Lake Electric,CT,LFG,1997,25
55591.0,Rockford Electric,IC,LFG,1996,2
55590.0,Chicopee Electric,IC,LFG,1993,2
55589.0,GRS Fall River,GT,LFG,2000,7
55588.0,GRS Sunset Farms,IC,LFG,1996,4
55586.0,Halifax Electric,IC,LFG,1997,3
55585.0,Randolph Electric,IC,LFG,2000,3
55584.0,East Bridgewater,IC,LFG,1997,6
55581.0,King Mountain Wind Ranch 1,WT,WND,2001,278
55579.0,Llano Estacado Wind Ranch,WT,WND,2001,80
55578.0,Hueco Mountain Wind Ranch,WT,WND,2001,1
55576.0,Agassiz Beach LLC,WT,WND,2001,1
55574.0,Florence Hills LLC,WT,WND,2001,1
55573.0,Hadley Ridge LLC,WT,WND,2000,1
55572.0,Hope Creek LLC,WT,WND,2001,1
55571.0,Ruthton Ridge LLC,WT,WND,2001,1
55570.0,Soliloquoy Ridge LLC,WT,WND,2001,1
55569.0,Spartan Hills LLC,WT,WND,2001,1
55568.0,Twin Lake Hills LLC,WT,WND,2000,1
55567.0,Winters Spawn LLC,WT,WND,2001,1
55566.0,Autumn Hills LLC,WT,WND,2001,1
55565.0,Jack River LLC,WT,WND,2001,1
55564.0,Jessica Mills LLC,WT,WND,2001,1
55563.0,Julia Hills LLC,WT,WND,2001,1
55562.0,Sun River LLC,WT,WND,2001,1
55561.0,Tsar Nicholas LLC,WT,WND,2001,1
55560.0,FPL Energy Vansycle LLC (WA),WT,WND,2001,176
55558.0,Combined Locks Energy Center,CT,NG,2002,66
55557.0,Wilmington Hydrogen Plant,ST,WH,1996,31
55556.0,Security,IC,LFG,2003,3
55555.0,Conroe,IC,LFG,2003,3
55554.0,Coastal Plains,IC,LFG,2003,4
55552.0,Bluebonnet,IC,LFG,2003,4
55551.0,Baytown,IC,LFG,2003,5
55545.0,Hidalgo Energy Center,CT,NG,2000,550
55544.0,Klamath Expansion Project,GT,NG,2002,116
55542.0,Larkspur Energy Facility,GT,NG,2001,98
55541.0,Indigo Energy Facility,GT,NG,2001,147
55540.0,Chula Vista Energy Center,GT,NG,2001,44
55538.0,Escondido Energy Center,GT,NG,2001,93
55534.0,Water Filter Plant #2,IC,DFO,1992,2
55526.0,Atascosita,IC,LFG,2003,6
55525.0,MMSD South Shore Wastewater,IC,OBG,2000,1
55524.0,York Energy Center,CT,NG,2011,680
55522.0,Sundance,GT,NG,2002,690
55518.0,High Desert Power Plant,CT,NG,2003,852
55517.0,Wallingford Energy,GT,NG,2001,250
55516.0,Fayette Energy Facility,CT,NG,2003,643
55514.0,Apex Generating Station,CT,NG,2003,600
55513.0,CalPeak Power Enterprise Peaker Plant,GT,NG,2001,58
55512.0,Cuyamaca Peak Energy Plant,GT,NG,2002,48
55510.0,CalPeak Power Border Peaker Plant,GT,NG,2001,60
55508.0,CalPeak Power Panoche Peaker Plant,GT,NG,2001,60
55505.0,Frank Knutson,GT,NG,2002,154
55504.0,Limon Generating Station,GT,NG,2002,154
55503.0,"Waterford Power, LLC",CT,NG,2003,921
55502.0,"Lawrenceburg Power, LLC",CT,NG,2004,1232
55501.0,Kiamichi Energy Facility,CT,NG,2003,1366
55499.0,CalPeak Power Vaca Dixon Peaker Plant,GT,NG,2002,60
55496.0,Goose Creek Energy Center,GT,NG,2003,684
55494.0,Tri Center Naniwa Energy,GT,NG,2001,380
55488.0,Blackburn Landfill Co-Generation,IC,LFG,1999,2
55482.0,Goldendale Generating Station,CT,NG,2004,284
55481.0,Mesquite Generating Station Block 2,CT,NG,2003,691
55480.0,Forney Energy Center,CT,NG,2003,1892
55479.0,Wygen 1,ST,SUB,2003,90
55478.0,Lange Gas Turbines,GT,NG,2002,40
55477.0,Neil Simpson Gas Turbine #2,GT,NG,2001,40
55470.0,Green Power 2,CT,NG,2003,861
55467.0,Ouachita,CT,NG,2002,903
55465.0,Amelia Energy Center,CT,NG,9999,900
55464.0,Deer Park Energy Center,CT,NG,2003,1176
55463.0,Redbud Power Plant,CT,NG,2004,1428
55457.0,McClain Energy Facility,CT,NG,2001,550
55455.0,Red Hawk,CT,NG,2002,1138
55453.0,Fountain Valley Power Facility,GT,NG,2001,228
55451.0,Magnolia Power Plant,CT,NG,2003,1002
55447.0,Columbia Energy Center,GT,NG,2001,160
55440.0,Tenaska Central Alabama Generating Stn,CT,NG,2003,927
55439.0,Tenaska Virginia Generating Station,CT,NG,2004,945
55438.0,Elgin Energy Center LLC,GT,NG,2002,540
55433.0,Bayou Cove Peaking Power,GT,NG,2002,416
55429.0,Kentucky Mills,ST,BLQ,2001,88
55419.0,Plaquemine Cogeneration Plant,CT,NG,2004,987
55418.0,Hot Spring Generating Facility,CT,NG,2002,1426
55417.0,Raccoon Creek Energy Center,GT,NG,2002,456
55415.0,Vandolah Power Station,GT,NG,2002,728
55414.0,Shady Hills Generating Station,GT,NG,2002,1058
55412.0,Osprey Energy Center Power Plant,CT,NG,2004,644
55411.0,Hillabee Energy Center,CT,NG,2010,822
55409.0,Calhoun Energy Center,GT,NG,2003,748
55406.0,Effingham County Power Project,CT,NG,2003,595
55405.0,Athens Generating Plant,CT,NG,2003,1323
55404.0,Carville Energy LLC,CT,NG,2003,570
55402.0,Renaissance Power Plant,GT,NG,2002,780
55401.0,Rolling Hills Generating,GT,NG,2003,975
55400.0,Elk Hills Power LLC,CT,NG,2003,623
55397.0,Washington Energy Facility,CT,NG,2002,713
55396.0,Green Power I,WT,WND,1975,16
55395.0,Crossroads Energy Center,GT,NG,2002,304
55393.0,Metcalf Energy Center,CT,NG,2005,635
55392.0,Zion Energy Center,GT,NG,2002,990
55391.0,RockGen Energy Center,GT,NG,2001,561
55390.0,State Farm Insur Support Center Central,IC,DFO,1998,6
55386.0,Columbia Energy Center (SC),CT,NG,2004,668
55385.0,Fairmount Electric Generating,GT,NG,9999,464
55384.0,Harrod Electric Generating Station,GT,NG,9999,564
55382.0,Thomas A Smith Energy Facility,CA,NG,2002,1192
55381.0,Commonwealth Chesapeake,GT,DFO,2000,399
55380.0,Union Power Station,CT,NG,2003,2428
55377.0,Gans,GT,NG,2000,86
55375.0,Astoria Energy,CT,NG,2006,595
55372.0,Harquahala Generating Project,CT,NG,2004,1323
55370.0,"Green Mountain Storage, LLC",BA,MWH,2000,20
55369.0,Hamakua Energy Plant,CT,WO,2000,66
55368.0,Wethersfield Wind Farm,WT,WND,2000,6
55367.0,West Texas Wind Energy LLC,WT,WND,1999,75
55365.0,Exelon LaPorte Generating Station,GT,NG,2001,236
55364.0,Sugar Creek Power,CT,NG,2002,1127
55358.0,Cottonwood Energy Project,CT,NG,2003,1428
55357.0,Jack Fusco Energy Center,CT,NG,2003,1075
55354.0,Shaokatan Hills LLC,WT,WND,1999,11
55353.0,Lakota Ridge LLC,WT,WND,1999,11
55350.0,Dresden Energy Facility,CT,NG,2012,676
55349.0,Pleasants Energy LLC,GT,NG,2002,344
55348.0,Troy Energy LLC,GT,NG,2002,792
55347.0,Armstrong,GT,NG,2002,688
55345.0,Otay Mesa Generating Project,CT,NG,2009,686
55343.0,Luna Energy Facility,CT,NG,2006,650
55342.0,Woodstock Windfarm,WT,WND,1999,10
55340.0,Dell Power Station,CT,NG,2007,678
55339.0,Phoenix Wind Power LLC,WT,WND,1999,2
55337.0,Ironwood LLC,CT,NG,2001,777
55334.0,Holland Energy Facility,CT,NG,2002,701
55333.0,Delta Energy Center,CT,NG,2002,943
55332.0,Washington County Power LLC,GT,NG,2003,792
55328.0,Hermiston Power Partnership,CT,NG,2002,688
55327.0,Baytown Energy Center,CT,NG,2002,932
55322.0,Chuck Lenzie Generating Station,CT,NG,2006,1462
55320.0,Wise County Power LLC,CT,NG,2004,746
55319.0,Athens Regional Medical Center,IC,DFO,1979,0
55318.0,Indian River,ST,NG,1960,609
55317.0,Fore River Generating Station,CT,NG,2003,871
55315.0,Alliant SBD 9702 Cedar Graphics,IC,DFO,1997,1
55313.0,Ingleside Cogeneration,CT,NG,1999,516
55312.0,Freeport McMoRan Cobre Mining,IC,DFO,1982,0
55311.0,BASF Freeport Works,GT,NG,1999,92
55309.0,Air Products Port Arthur,GT,NG,2000,170
55308.0,Calvert City,GT,NG,2000,26
55306.0,Gila River Power Block 4,CT,NG,2003,619
55304.0,Baconton Power Plant,GT,NG,2000,240
55302.0,Wasatch Energy Systems Energy Recovery,ST,MSW,1986,1
55299.0,Channel Energy Center LLC,CT,NG,2001,923
55298.0,Fairless Energy Center,CT,NG,2004,1334
55297.0,New Covert Generating Facility,CT,NG,2004,1176
55296.0,Calumet Energy Team LLC,GT,NG,2002,312
55295.0,Blythe Energy Inc,CT,NG,2003,591
55294.0,Westbrook Energy Center Power Plant,CT,NG,2001,563
55293.0,Morgan Energy Center,CT,NG,2003,900
55292.0,Decatur Energy Center,CT,NG,2002,900
55288.0,Medway Hydro,HY,WAT,1923,0
55287.0,Storm Lake II,WT,WND,1999,80
55286.0,Oleander Power Project LP,GT,NG,2002,990
55285.0,Wolf Hills Energy,GT,NG,2001,285
55284.0,Big Sandy Peaker Plant,GT,NG,2001,348
55283.0,Front Range Power Plant,CT,NG,2003,541
55282.0,Arlington Valley Energy Facility,CT,NG,2002,713
55281.0,Southeast Chicago Energy Project,GT,NG,2002,400
55279.0,Aurora,GT,NG,2001,1275
55278.0,Beaver Creek Gas Plant,GT,NG,1983,4
55276.0,Ceredo Generating Station,GT,NG,2001,516
55274.0,State Farm Support Center East,IC,DFO,1998,6
55271.0,Tenaska Lindsay Hill Generating Station,CT,NG,2002,939
55270.0,Jackson Generating Station,CT,NG,2002,649
55269.0,TVA Southaven Combined Cycle,CT,NG,2003,903
55267.0,Edward L. Addison Generating Plant,GT,NG,2000,700
55265.0,Lake Benton II,WT,WND,1999,103
55264.0,Napoleon Peaking Station,GT,NG,2000,49
55263.0,Galion Generating Station,GT,NG,2000,49
55262.0,Bowling Green Generating Station,GT,NG,2000,49
55259.0,Whiting Clean Energy,CT,NG,2002,575
55253.0,Crete Energy Venture LLC,GT,NG,2002,356
55252.0,Eddy County Generating Station,GT,NG,9999,44
55251.0,Gleason Generating Facility,GT,NG,2000,567
55250.0,University Park South,GT,NG,2001,348
55248.0,Tait Electric Generating Station,GT,NG,2002,376
55247.0,"Darby Power, LLC",GT,NG,2001,564
55245.0,Tuscola Station,ST,NG,1953,18
55244.0,Doyle Energy Facility,GT,NG,2000,406
55243.0,Astoria Gas Turbines,GT,NG,1970,651
55242.0,Santa Rosa Energy Center,CT,NG,2003,274
55241.0,Hog Bayou Energy Center,CT,NG,2001,280
55239.0,Red Oak Power LLC,CT,NG,2002,820
55238.0,NRG Rockford I,GT,NG,2000,316
55237.0,Energy Shelby County,GT,NG,2000,480
55236.0,Lee Energy Facility,GT,NG,2001,688
55234.0,Audrain Generating Station,GT,NG,2001,808
55233.0,Handsome Lake Energy LLC,GT,NG,2001,290
55232.0,Marshall Energy Facility,GT,NG,2002,688
55231.0,Liberty Electric Power Plant,CT,NG,2002,614
55230.0,Jack County,CT,NG,2006,1280
55229.0,Montpelier Electric Generating Station,GT,NG,2001,472
55228.0,Greenville Electric Generating Station,GT,NG,2000,236
55227.0,Hardinsburg Electric Generating Station,GT,NG,9999,472
55226.0,Freestone Energy Center,CT,NG,2002,1032
55225.0,Oneta Energy Center,CT,NG,2002,1214
55224.0,Wheatland Generating Facility,GT,NG,2000,500
55223.0,Ennis Power Company LLC,CT,NG,2002,418
55222.0,Lincoln Generating Facility,GT,NG,2000,688
55221.0,Harry L. Oswald,CT,NG,2002,599
55220.0,Attala,CT,NG,2001,550
55218.0,Hinds Energy Facility,CT,NG,2001,550
55217.0,Los Medanos Energy Center,CT,NG,2001,676
55216.0,Morris Cogeneration LLC,CT,NG,1998,211
55215.0,Odessa-Ector Power Plant,CT,NG,2001,1152
55212.0,ANP Blackstone Energy Project,CS,NG,2001,578
55211.0,ANP Bellingham Energy Project,CS,NG,2002,578
55210.0,Afton Generating Station,CT,NG,2002,464
55208.0,Lake Benton I,WT,WND,1998,107
55207.0,Valmont Combustion Turbine Project,GT,NG,2000,142
55206.0,Corpus Christi Energy Center,CT,NG,2002,591
55204.0,Kinmundy,GT,NG,2001,270
55203.0,Ponnequin Phase 1,WT,WND,1998,5
55202.0,Pinckneyville,GT,NG,2000,380
55201.0,Gibson City Energy Center LLC,GT,NG,2000,270
55200.0,Arapahoe Combustion Turbine Project,CT,NG,2000,193
55199.0,Elwood Energy LLC,GT,NG,1999,1728
55198.0,Riverside Generating LLC,GT,NG,2001,1150
55197.0,Caledonia,CT,NG,2003,801
55196.0,Springdale 1 & 2,GT,NG,1999,86
55193.0,Ontelaunee Energy Center,CT,NG,2002,728
55192.0,Osceola (FL),GT,NG,2001,600
55188.0,Cordova Energy,CT,NG,2001,611
55187.0,Channelview Cogeneration Plant,CT,NG,2001,917
55185.0,Aera South Belridge Cogen Facility,GT,NG,1989,9
55184.0,Aera San Ardo Cogen Facility,GT,NG,1989,6
55183.0,Nelson Energy Center,CT,NG,2015,626
55182.0,Sunrise Power LLC,CT,NG,2001,604
55179.0,Rathdrum Power LLC,CT,NG,2001,301
55178.0,Dogwood Energy Facility,CT,NG,2001,630
55177.0,South Point Energy Center,CT,NG,2001,708
55176.0,Eastman Cogeneration Facility,CT,NG,2001,467
55173.0,Acadia Energy Center,CT,NG,2002,1388
55172.0,Bosque County Peaking,CT,NG,2000,807
55170.0,Granite Ridge,CT,NG,2003,790
55168.0,Bastrop Energy Center,CT,NG,2002,618
55166.0,Broad River Energy Center,GT,NG,2000,985
55165.0,Calcasieu,GT,NG,2000,358
55164.0,Bluegrass Generating Station,GT,NG,2002,624
55163.0,MM Hartford Energy,IC,LFG,1998,0
55161.0,MM Lopez Energy,IC,LFG,1998,6
55160.0,MM Tulare Energy,IC,LFG,1998,0
55156.0,MM Prince William Energy,IC,LFG,1998,3
55155.0,MM Albany Energy,IC,LFG,1998,2
55154.0,Lost Pines 1 Power Project,CT,NG,2001,608
55153.0,Guadalupe Generating Station,CT,NG,2000,1086
55152.0,Bank of America Plaza,IC,DFO,1991,2
55151.0,La Paloma Generating Plant,CS,NG,2003,1200
55149.0,Lake Road Generating Plant,CS,NG,2002,840
55148.0,Worthington Generation LLC,GT,NG,2000,240
55146.0,Green Country Energy LLC,CT,NG,2002,903
55144.0,Hays Energy Project,CS,NG,2002,986
55141.0,Hawk Road Facility,GT,NG,2001,495
55139.0,Wolf Hollow I LP,CT,NG,2003,786
55138.0,Walton Discover Power Facility,GT,NG,1999,102
55137.0,Rio Nogales Power Project,CT,NG,2002,940
55135.0,Alliant Energy Neenah,GT,NG,2000,370
55133.0,Thomson Reuters Campus Bldg A-D,IC,DFO,1999,14
55132.0,Tenaska Gateway Generating Station,CT,NG,2001,939
55131.0,Kendall County Generation Facility,CT,NG,2002,1256
55129.0,Desert Basin,CT,NG,2001,646
55128.0,Walton County Power LLC,GT,NG,2001,492
55127.0,Manchief Electric Generating Station,GT,NG,2000,300
55126.0,Milford Power Project,CS,NG,2004,578
55125.0,Vansycle,WT,WND,1998,25
55124.0,Griffith Energy LLC,CT,NG,2002,653
55123.0,Magic Valley Generating Station,CT,NG,2002,801
55122.0,NAFTA Region Olefins Complex Cogen Fac,GT,NG,2001,82
55117.0,RS Cogen,CT,NG,2002,493
55116.0,Rockingham County CT Station,GT,NG,2000,975
55112.0,Sutter Energy Center,CT,NG,2001,636
55111.0,Vermillion Energy Facility,GT,NG,2000,688
55110.0,Madison,GT,NG,2000,688
55109.0,Rocky Road Power LLC,GT,NG,1999,413
55107.0,Rhode Island State Energy Center,CT,NG,2002,596
55104.0,Sabine Cogen,CT,NG,2000,105
55103.0,Klamath Cogeneration Plant,CT,NG,2001,500
55102.0,Livingston Generating Station,GT,NG,1999,168
55101.0,Kalamazoo River Generating Station,GT,NG,1999,73
55100.0,"Rumford Power, Inc",CT,NG,2000,274
55099.0,NRG Sterlington Power,GT,NG,2000,207
55097.0,Lamar Power Project,CT,NG,2000,1112
55096.0,Portside Energy,GT,NG,1997,61
55094.0,MM San Diego-Miramar,IC,LFG,1997,4
55093.0,MM Taunton Energy,IC,LFG,1997,0
55091.0,Midlothian Energy Facility,CS,NG,2000,1734
55090.0,Plummer Cogen,ST,WDS,1982,6
55089.0,Taft Cogeneration Facility,CT,NG,2002,892
55088.0,Dearborn Industrial Generation,GT,NG,1999,760
55087.0,Zeeland Generating Station,CT,NG,2001,965
55086.0,Gregory Power Facility,CT,NG,2000,432
55084.0,Crockett Cogen Project,CS,NG,1995,247
55081.0,Brownsville Peaking Power,GT,NG,1999,460
55080.0,New Albany Energy Facility,GT,NG,1999,426
55079.0,Millennium Power,CT,NG,2001,360
55077.0,Desert Star Energy Center,CT,NG,2000,536
55076.0,Red Hills Generating Facility,ST,RC,2001,513
55075.0,Pine Bluff Energy Center,CT,NG,2001,236
55074.0,Lakeview Gas Recovery,IC,LFG,1997,6
55068.0,Maine Independence Station,CT,NG,2000,548
55067.0,MPEA Energy Center,IC,DFO,1997,9
55066.0,Heat Recovery Coke Facility,ST,WH,1998,94
55065.0,Mustang Station,CT,NG,1999,520
55064.0,Black Hawk Station,GT,NG,1999,369
55063.0,Batesville Generation Facility,CT,NG,2000,1180
55062.0,Tenaska Frontier Generation Station,CT,NG,2000,939
55061.0,Tenaska Georgia Generation Facility,GT,NG,2001,1098
55054.0,Livingston Generating Facility,GT,LFG,1999,15
55053.0,Bridgeport Gas Processing Plant,IC,NG,1958,0
55052.0,Jameson Gas Processing Plant,IC,NG,1981,0
55051.0,Axiall Plaquemine,GT,NG,1997,306
55049.0,Sierra Pacific Anderson Facility,ST,WDS,1999,4
55048.0,Tiverton Power Plant,CT,NG,2000,544
55047.0,Pasadena Cogeneration,CT,NG,1998,815
55046.0,Mansfield,IC,NG,1993,3
55044.0,Boise Cascade Pulp & Paper Mill,ST,NG,1996,18
55043.0,Cherokee County Cogen,CT,NG,1998,101
55042.0,Bridgeport Energy Project,CT,NG,1998,520
55041.0,Berkshire Power,CS,NG,1999,289
55040.0,Mid-Georgia Cogeneration Facility,CT,NG,1997,322
55039.0,Rio Bravo,GT,NG,2000,150
55037.0,Opryland USA,GT,NG,1995,4
55036.0,University of Tennessee Steam Plant,GT,NG,1996,5
55035.0,Davenport Water Pollution Control Plant,IC,OBG,1995,0
55034.0,"Lignetics of Maine, LLC.",ST,WDS,1980,1
55033.0,Missouri River Wastewater Treatment,IC,OBG,1985,3
55031.0,Androscoggin Energy Center,GT,NG,1999,162
55029.0,De Pere Energy Center,GT,NG,1999,192
55027.0,Papillion Creek Wastewater,IC,OBG,1987,0
55026.0,Dighton Power Plant,CS,NG,1999,200
55025.0,Yates Gas Plant,GT,NG,1986,4
55015.0,Sweeny Cogen Facility,GT,NG,1997,572
55014.0,Greene Valley Gas Recovery,GT,LFG,1996,9
55011.0,LSP-Whitewater LP,CT,NG,1997,283
55010.0,LSP-Cottage Grove LP,CT,NG,1997,283
55009.0,Montgomery Creek Hydro,HY,WAT,1987,2
55007.0,K W Company,HY,WAT,1983,0
55006.0,Nashua Plant,IC,LFG,1996,3
55005.0,Thornridge High School,IC,NG,1996,0
55004.0,Thornwood High School,IC,NG,1996,0
55002.0,Murphy-Brown LLC,IC,DFO,1995,2
54998.0,Wheelabrator Portsmouth,ST,MSW,1987,60
54996.0,Salton Sea Power Gen Co - Unit 4,ST,GEO,1996,47
54995.0,Indiana Harbor E 5 AC Station,ST,BFG,1996,90
54989.0,Pine Tree Acres,IC,LFG,1998,2
54987.0,Woodridge Greene Valley Treatment Plant,IC,NG,1996,1
54985.0,Crestwood Dothan,IC,DFO,1986,13
54984.0,Salem Energy Systems LLC,GT,LFG,1996,8
54981.0,Harris Energy Realty,HY,WAT,1982,0
54980.0,Ocean County Landfill,IC,LFG,1997,6
54979.0,Big Spring Wind Power Facility,WT,WND,1998,34
54975.0,New Mexico State University,GT,NG,1996,4
54974.0,Sauder Power Plant,ST,WDS,1993,6
54969.0,Dixon Hydroelectric Dam,HY,WAT,1925,0
54968.0,Alliant SBD 9502 Eaton,IC,DFO,1995,3
54967.0,Alliant SBD 9302 Aegon NP,IC,DFO,1995,1
54965.0,Cargill Salt,ST,NG,1935,5
54962.0,ExxonMobil Hawkins Gas Plant,IC,NG,1955,8
54956.0,Deercroft I & II LFGTE,IC,LFG,1999,0
54953.0,Hudson Falls Hydroelectric Project,HY,WAT,1995,44
54951.0,Monterey Regional Water Cogen Facility,IC,OBG,1988,0
54950.0,Univ of Oregon Central Power Station,CT,NG,2012,10
54945.0,CT Resource Rec Authority Facility,ST,MSW,1988,90
54939.0,EKS Landfill,IC,LFG,1994,3
54937.0,Wellesley College Central Utility Plant,IC,NG,1985,8
54936.0,Richard J Donovan Correctional Facility,GT,NG,1987,2
54934.0,Keystone Recovery,IC,LFG,1995,0
54933.0,Mondelez Global LLC,GT,NG,1995,4
54932.0,Panduit Tinley Park,IC,NG,1994,0
54931.0,Ridgetop,WT,WND,1994,46
54930.0,Alliant SBD 9402 Climax,IC,DFO,1995,5
54929.0,Alliant SBD 9403 Aegon DC,IC,DFO,1995,4
54927.0,Grand Isle Gas Plant / Treating Station,IC,NG,1965,9
54926.0,Prairie View I & II LFGTE,IC,LFG,1994,0
54925.0,Twin Bridges LFGTE,IC,LFG,1994,2
54918.0,Ergon Refining Vicksburg,GT,NG,1995,4
54915.0,Michigan Power LP,CT,NG,1995,138
54914.0,Brooklyn Navy Yard Cogeneration,CT,NG,1996,322
54913.0,Anheuser-Busch Newark Brewery,GT,NG,1995,12
54912.0,Martinez Refining,CT,NG,1995,100
54910.0,Brent Run Generating Station,IC,LFG,1998,2
54909.0,Tehachapi Wind Resource II,WT,WND,1997,21
54908.0,Enderlin,ST,AB,1983,9
54907.0,Mass Inst Tech Cntrl Utilities/Cogen Plt,GT,NG,1995,21
54906.0,Georgia Pacific Center,IC,DFO,1982,0
54903.0,Adrian Energy Associates LLC,IC,LFG,1994,0
54901.0,Chilhowee,HY,WAT,1957,48
54900.0,Calderwood,HY,WAT,1930,156
54899.0,Cheoah,HY,WAT,1919,218
54898.0,Santeetlah,HY,WAT,1928,44
54897.0,Tuckertown Hydro,HY,WAT,1962,42
54896.0,High Rock Hydro,HY,WAT,1927,33
54895.0,Falls Hydro,HY,WAT,1919,31
54894.0,Narrows (NC),HY,WAT,1917,107
54890.0,Peoples Generating Station,IC,LFG,1995,3
54887.0,DSM Pharmaceuticals,GT,NG,1987,8
54886.0,Presence Saint Mary of Nazareth Hospital,IC,DFO,1993,0
54885.0,Kimberly Mill,ST,NG,1926,34
54882.0,CenturyLink Regional HQ,IC,DFO,1993,2
54880.0,Kamin LLC Wrens Plant,GT,NG,1986,11
54878.0,Dunn Paper,HY,WAT,1959,0
54877.0,Atlanta Gift Mart LP,IC,DFO,1991,1
54872.0,Milstead,HY,WAT,1994,1
54867.0,Neenah Paper Munising Mill,ST,BIT,1930,6
54865.0,Phoenix Hydro Project,HY,WAT,1991,2
54863.0,Bassett Medical Center,IC,DFO,1992,2
54860.0,Black Creek,HY,WAT,1994,3
54858.0,Southwestern Bell Telephone,IC,DFO,1992,14
54857.0,Niagara Mill,ST,BIT,1940,11
54855.0,Mars Snackfood US,GT,NG,1987,3
54854.0,Sun Peak Generating Station,GT,NG,1991,222
54851.0,MMSD Jones Island Wastewater,GT,NG,1971,46
54850.0,Cox Waste to Energy,ST,WDS,1995,5
54849.0,Thiele Kaolin Reedy Creek,IC,DFO,1993,2
54848.0,South Georgia Medical Center,IC,DFO,1986,4
54845.0,Sun Trust Plaza,IC,DFO,1994,2
54844.0,Gordonsville Energy LP,CT,NG,1994,300
54842.0,Outagamie County Co-Generation Facility,IC,LFG,1991,4
54841.0,Thiele Kaolin Sandersville,IC,DFO,1991,2
54839.0,Valdosta Water Treatment Plant,IC,DFO,1993,2
54835.0,Evonik Industries AG,IC,DFO,1992,1
54834.0,Fort Greely Power Plant,IC,DFO,1954,9
54832.0,Brandywine Power Facility,CT,NG,1996,287
54830.0,Dekalb Medical Center,IC,DFO,1991,3
54829.0,Bristol Myers Squibb New Brunswick,GT,NG,1992,10
54827.0,Wailuku River Hydroelectric,HY,WAT,1993,10
54823.0,Smithfield Farmland Corp Bladen,IC,DFO,1993,19
54818.0,191 Peachtree Tower,IC,DFO,1991,2
54817.0,Johnson County,CT,NG,1996,282
54816.0,Riverwood 100 Building,IC,DFO,1989,1
54814.0,Milagro Cogeneration Plant,GT,NG,1981,120
54813.0,Shepherd Center,IC,DFO,1981,0
54812.0,Mile 28 Water Power Project,HY,WAT,1994,0
54809.0,University of Washington Power Plant,IC,DFO,1969,15
54808.0,New York University Central Plant,CT,NG,1984,12
54805.0,Milford Power LP,CT,NG,1993,230
54803.0,Plymouth State College Cogeneration,IC,DFO,1994,2
54802.0,Mead Coated Board,ST,BLQ,1966,112
54801.0,Avalon Hydropower,HY,WAT,1997,0
54800.0,Saint Agnes Medical Center,GT,NG,1983,6
54795.0,Domino Sugar Baltimore,ST,NG,1955,19
54794.0,Buffalo Ridge Windplant WPP 1993,WT,WND,1994,21
54793.0,Storm Lake 1,WT,WND,1999,112
54790.0,CSL Behring LLC,GT,NG,1993,4
54789.0,Georgia-Pacific Brewton Mill,ST,BLQ,1957,114
54788.0,Evanston Township High School,IC,NG,1992,0
54785.0,Grays Ferry Cogeneration,CT,NG,1997,192
54782.0,Seneca Energy,IC,LFG,1996,8
54781.0,Suffolk Energy Partners LP,IC,LFG,1994,0
54780.0,University of Illinois Abbott Power Plt,ST,NG,1940,86
54779.0,Oklahoma State University,ST,NG,1950,8
54775.0,University of Iowa Main Power Plant,ST,BIT,1947,30
54772.0,South Glens Falls Hydroelectric,HY,WAT,1994,12
54769.0,NYU Luthern Medical Center,IC,DFO,1994,2
54768.0,Live Oak Limited,GT,NG,1992,46
54766.0,Boydton Plank Road Cogen Plant,IC,DFO,1993,0
54763.0,Rock-Tenn Mill,ST,BLQ,1957,83
54761.0,Hermiston Generating Plant,CT,NG,1996,620
54758.0,Wheelabrator Lisbon,ST,MSW,1995,14
54757.0,Grand Blanc Generating Station,IC,LFG,1994,2
54756.0,Ottawa Generating Station,IC,LFG,1994,1
54755.0,Roanoke Valley Energy Facility II,ST,BIT,1995,57
54753.0,Lateral 10 Ventures,HY,WAT,1984,2
54752.0,Weyerhaeuser Pine Hill Operations,ST,WDS,1968,77
54751.0,Genesee Power Station LP,ST,WDS,1995,39
54750.0,Coram Tehachapi,WT,WND,1992,6
54749.0,Goal Line LP,CT,NG,1994,51
54748.0,Port Neches Plant,GT,NG,1994,38
54746.0,Wheelabrator Falls,ST,MSW,1994,53
54744.0,District 70 Transco Gas Pipe Line,ST,WH,1951,0
54743.0,District 100 Transco Gas Pipe Line,ST,WH,1951,0
54735.0,Alliant SBD 9301 Prairie Farms,IC,DFO,1993,2
54734.0,Freeport McMoRan,IC,DFO,1967,45
54731.0,Hendricks Regional Health,IC,DFO,1992,3
54730.0,Yellowhammer Gas Plant,GT,NG,1992,3
54729.0,Taylor Draw Hydroelectric Facility,HY,WAT,1993,2
54724.0,Ormesa II,ST,GEO,1987,44
54723.0,I 95 Landfill Phase II,IC,LFG,1993,0
54721.0,Warm Springs Power Enterprises,HY,WAT,1982,19
54720.0,Alliant SBD 8601 Quad Graphics,IC,DFO,1986,3
54719.0,Alliant SBD 9203 Profol,IC,DFO,1996,4
54718.0,Alliant SBD 9206 Donaldson,IC,DFO,1995,1
54717.0,Alliant SBD 9106 Rockwell CR,IC,DFO,1992,10
54716.0,Alliant SBD 8602 Marion Sub,IC,DFO,1986,4
54715.0,Alliant SBD 9107 JBS USA,IC,DFO,1992,7
54714.0,Alliant SBD 8501 Aegon LI,IC,DFO,1985,3
54713.0,Alliant SBD 8603 Donnelley,IC,DFO,1996,1
54712.0,Alliant SBD 9201 Norplex,IC,DFO,1988,2
54710.0,Alliant SBD 9205 A Y McDonald,IC,DFO,1990,2
54707.0,Hunterdon Cogen Facility,GT,NG,1993,4
54705.0,Toca Plant,IC,NG,1958,0
54700.0,Metro Methane Recovery Facility,IC,LFG,1998,4
54694.0,Yuma Cogeneration Associates,CT,NG,1994,62
54693.0,York Generation Company LLC,CT,NG,1989,66
54691.0,Lower Beaver Falls Project,HY,WAT,1979,0
54690.0,Amalgamated Sugar LLC Nampa,ST,NG,1948,8
54689.0,Heber Geothermal,ST,GEO,1985,62
54688.0,Thundermist Hydro,HY,WAT,1981,1
54687.0,Difwind Farms Ltd VIII,WT,WND,1987,15
54686.0,Difwind Farms Ltd VI,WT,WND,1987,27
54685.0,Difwind Farms Ltd V,WT,WND,1987,11
54682.0,Difwind Farms Ltd II,WT,WND,1986,5
54681.0,Difwind Farms Ltd I,WT,WND,1986,7
54680.0,Boulder City Betasso Hydro Plant,HY,WAT,1987,3
54679.0,Boulder City Lakewood Hydro,HY,WAT,2004,3
54678.0,Sidney A Murray Jr Hydroelectric,HY,WAT,1990,192
54677.0,CII Carbon LLC,ST,WH,1951,46
54676.0,Oyster Creek Unit VIII,CT,NG,1994,497
54675.0,Spartanburg Water System,IC,DFO,1926,4
54674.0,Ford Hydro LP,HY,WAT,1988,0
54668.0,Falls River Hydro,HY,WAT,1993,8
54667.0,Chino Mines,ST,NG,1930,100
54666.0,Steamboat III,BT,GEO,1992,18
54665.0,Steamboat II,BT,GEO,1992,18
54663.0,Turnkey Landfill Gas Recovery,GT,LFG,1992,6
54662.0,Woodland Landfill Gas Recovery,IC,LFG,1992,2
54661.0,Pheasant Run Landfill Gas Recovery,IC,LFG,1992,0
54659.0,Kankakee Gas Recovery,IC,LFG,1992,0
54656.0,International Paper Riegelwood Mill,ST,BLQ,1951,61
54655.0,Schoolfield Dam,HY,WAT,1990,3
54654.0,Kekawaka Power House,HY,WAT,1989,4
54653.0,Kanaka,HY,WAT,1988,1
54650.0,Swanmill Windfarm I,WT,WND,1988,18
54647.0,TPC Windfarms LLC,WT,WND,1986,28
54646.0,Kalaeloa Cogen Plant,CT,RFO,1989,299
54640.0,NAEA Lakewood LLC,CT,NG,1994,235
54639.0,Berlin Gorham,HY,WAT,1914,19
54638.0,Johnsonburg Mill,ST,BLQ,1993,54
54637.0,JCO Oxides Olefins Plant,GT,NG,1992,76
54634.0,St Nicholas Cogen Project,ST,WC,1990,99
54630.0,American Gypsum Cogeneration,GT,NG,1990,7
54628.0,Phelps Dodge Refining,GT,NG,1986,18
54627.0,Okeelanta Cogeneration,ST,AB,1996,128
54626.0,Mt Poso Cogeneration,ST,WDS,1989,62
54625.0,Covanta Plymouth Renewable Energy,ST,MSW,1991,32
54624.0,South District Wastewater Treatment Plt,IC,OBG,1991,8
54623.0,Central District Wastewater Treat Plant,IC,OBG,1989,8
54620.0,Pinetree Power Fitchburg,ST,WDS,1992,18
54618.0,Ingredion Winston Salem,ST,WDS,1985,7
54607.0,University of Texas at Dallas,IC,NG,1980,3
54605.0,Pratt & Whitney,GT,NG,1992,25
54604.0,Warner Lambert,IC,DFO,1989,11
54594.0,University of Arizona - Biosphere 2,IC,DFO,1990,2
54593.0,Batavia Power Plant,CT,NG,1992,66
54592.0,Massena Energy Facility,CT,NG,1992,103
54586.0,Tanner Street Generation,CT,NG,1992,149
54580.0,Curtis Palmer Hydroelectric,HY,WAT,1985,56
54579.0,Rupert Cogen Project,CS,NG,1996,10
54578.0,Glenns Ferry Cogen Facility,CS,NG,1996,10
54574.0,Saranac Facility,CT,NG,1994,285
54573.0,Wappinger Falls Hydroelectric,HY,WAT,1988,2
54572.0,Lochmere Hydroelectric Plant,HY,WAT,1984,0
54569.0,Bayville Central Facility,IC,DFO,1988,4
54567.0,MM Yolo Power,IC,LFG,1990,0
54566.0,YKK USA Chestney,IC,DFO,1992,3
54564.0,General Mills Inc,GT,NG,1988,3
54562.0,Longview Fibre,GT,NG,1936,134
54561.0,Graphic Packaging International,CT,NG,1985,27
54558.0,Hazelton B Hydro,HY,WAT,1993,6
54556.0,Ingredion Incorporated,ST,BIT,1991,52
54555.0,Collierville Powerhouse,HY,WAT,1989,252
54554.0,Spicer Meadow Project,HY,WAT,1989,4
54550.0,ExxonMobil Mobile Bay Onshore,CT,NG,1993,9
54549.0,Granger Electric Generating Station #1,IC,LFG,1993,3
54548.0,Longfalls Facility,HY,WAT,1991,3
54547.0,Sithe Independence Station,CT,NG,1994,1084
54540.0,Charter Dura-Bar,IC,NG,1992,6
54539.0,Venice Resources Gas Recovery,IC,LFG,1992,0
54538.0,Hartwell Energy Facility,GT,NG,1994,360
54537.0,Ferndale Generating Station,CT,NG,1994,283
54536.0,Sumpter Energy Associates,IC,LFG,1992,0
54534.0,St Josephs Hospital,IC,NG,1993,1
54533.0,Southern Minnesota Beet Sugar,ST,SUB,1976,7
54531.0,Stingray Facility,GT,NG,1977,2
54529.0,Wheelabrator Ridge Energy,ST,WDS,1994,45
54526.0,ReEnergy Lyonsdale Biomass,ST,WDS,1992,21
54525.0,Kankakee Hydro Facility,HY,WAT,1991,0
54524.0,Horseshoe Bend Hydroelectric Co,HY,WAT,1995,8
54523.0,Hoffer Plastics,IC,NG,1992,0
54520.0,Village Creek Water Reclamation Facility,GT,OBG,1978,11
54518.0,Formosa Plastics,GT,NG,1985,138
54517.0,Sierra Pacific Sonora,ST,WDS,2001,7
54515.0,Crotched Mountain Rehabilitation Center,IC,DFO,1990,0
54514.0,Blind Canyon Hydro,HY,WAT,1992,1
54513.0,WestRock (IL),IC,NG,1992,0
54512.0,Domino Sugar Arabi Plant,ST,NG,1949,14
54477.0,Oroville Cogeneration LP,IC,NG,1990,7
54476.0,Sumas Power Plant,CT,NG,1993,124
54472.0,Simplot Phosphates,ST,OTH,1986,11
54471.0,Mascoma Hydro,HY,WAT,1988,0
54469.0,Pacific Oroville Power Inc,ST,WDS,1985,18
54468.0,Mt Lassen Power,ST,WDS,1985,11
54466.0,Orlando Cogen LP,CS,NG,1993,122
54464.0,Riverwood International Macon Mill,ST,WDS,1948,72
54462.0,Graniteville Enterprise Division,HY,WAT,1921,0
54459.0,Midkiff Plant,IC,NG,1990,3
54458.0,Benedum Plant,IC,NG,1996,2
54457.0,Hewlett Packard Enterprise,IC,DFO,1989,7
54454.0,San Gorgonio Windplant WPP1993,WT,WND,1994,83
54453.0,EDF Renewable Windfarm V Inc,WT,WND,1990,15
54452.0,Agrium Kenai Nitrogen Operations,GT,NG,1968,17
54451.0,Los Angeles Refinery Wilmington,GT,OG,1984,68
54449.0,Dome Project,GT,NG,1988,6
54447.0,Welport Lease Project,GT,NG,1990,5
54430.0,Jackson Mill,ST,NG,1983,43
54429.0,Alabama Pine Pulp,ST,BLQ,1991,69
54427.0,Gaylord Container Bogalusa,ST,WDS,1979,99
54426.0,Mulberry Cogeneration Facility,CT,NG,1994,125
54424.0,Quantum Pasco Power LP,CT,NG,1993,142
54422.0,Unisea G 2,IC,DFO,1973,14
54418.0,Rollinsford,HY,WAT,1986,0
54415.0,Cadillac Renewable Energy,ST,WDS,1993,44
54414.0,John Deere Dubuque Works,ST,BIT,1949,19
54410.0,Western Power & Steam Inc,GT,NG,1990,35
54409.0,Dartmouth College Heating Plant,ST,RFO,1970,7
54408.0,UW Madison Charter Street Plant,ST,WDS,1965,32
54407.0,Waupun Correctional Central Heating Plt,ST,NG,1951,3
54406.0,Capitol Heat and Power,IC,DFO,1963,4
54395.0,Stillwater Hydro Electric Project,HY,WAT,1993,2
54394.0,Dry Creek Project,HY,WAT,1987,3
54392.0,BJ Gas Recovery,IC,LFG,1993,0
54391.0,Alice Falls Hydro Project,HY,WAT,1991,1
54390.0,Kamaoa Wind Farm,WT,WND,1987,9
54387.0,Weeks Falls,HY,WAT,1990,4
54386.0,Little Wood Hydro Project,HY,WAT,1985,2
54385.0,Kinneytown New Old,HY,WAT,1986,1
54384.0,EHC West Hopkinton,HY,WAT,1985,1
54374.0,Sinclair Oil Refinery,IC,NG,1925,6
54372.0,University of Colorado,CT,NG,1992,33
54365.0,Orange Cogeneration Facility,CT,NG,1995,136
54364.0,PPG Industries Works 4,IC,DFO,1974,5
54363.0,"Shelby, NC",IC,DFO,1972,2
54360.0,Fuyao Glass Illinois Inc.,IC,DFO,1980,5
54358.0,International Paper Augusta Mill,ST,WDS,1960,84
54355.0,Chace Mill Winooski One,HY,WAT,1993,6
54350.0,Nevada Cogen Assoc#1 GarnetVly,CT,NG,1992,92
54349.0,Nevada Cogen Associates 2 Black Mountain,CT,NG,1992,95
54347.0,Howard F Curren Advncd Wastewater Plant,IC,OBG,1986,0
54343.0,Terminus Hydroelectric Project,HY,WAT,1990,20
54342.0,Ninth Street Hydropower Project,HY,WAT,1990,0
54341.0,Four Mile Hydropower Project,HY,WAT,1990,0
54340.0,Norway Point Hydropower Project,HY,WAT,1990,3
54338.0,Rio Grande Valley Sugar Growers,ST,AB,1973,23
54337.0,NRG Energy San Diego,IC,NG,1986,0
54335.0,Morton Salt Rittman,ST,NG,1978,3
54333.0,Bucknell University,CT,NG,1991,5
54330.0,Westhollow Technology Center,GT,NG,1988,3
54327.0,Toyon Power Station,IC,LFG,1986,5
54324.0,Ocean State Power II,CT,NG,1991,252
54323.0,CNN Center,IC,DFO,1986,12
54322.0,Sibley Mill,HY,WAT,1946,0
54321.0,Goodyear Beaumont Chemical Plant,GT,NG,1987,34
54318.0,General Chemical,ST,BIT,1968,30
54316.0,Archer Daniels Midland Southport,GT,NG,1992,52
54312.0,Archer Daniels Midland Taylorville,GT,NG,1994,4
54311.0,Archer Daniels Midland Little Rock,IC,NG,1993,4
54310.0,Galesburg,IC,NG,1992,3
54308.0,Three Forks Water Power Project,HY,WAT,1984,1
54306.0,Wilson Lake Hydroelectric Project,HY,WAT,1993,8
54305.0,Westward Seafoods,IC,DFO,1991,6
54304.0,Birchwood Power,ST,BIT,1996,258
54302.0,Goodwin Hydroelectric,HY,WAT,1986,2
54301.0,Colebrook Hydroelectric,HY,WAT,1988,2
54300.0,CTV Power Purchase Contract Trust,WT,WND,1985,4
54299.0,Coram Energy LLC,WT,WND,1985,4
54298.0,Coram Energy LLC (ECT),WT,WND,1985,10
54296.0,Biola University,IC,NG,1990,1
54294.0,West Group Data Center,IC,DFO,1990,12
54290.0,Inforum,IC,DFO,1989,1
54286.0,Rolls Royce,GT,NG,1963,15
54285.0,Hastings City Hydroelectric,HY,WAT,1992,4
54283.0,Lee Creek Water Treatment Facility,HY,WAT,1992,1
54281.0,Interstate Paper LLC Riceboro,ST,BLQ,1968,14
54276.0,Univ of NC Chapel Hill Cogen Facility,ST,BIT,1991,56
54271.0,Saguaro Power,CT,NG,1991,127
54268.0,March Point Cogeneration,GT,NG,1991,165
54267.0,Koma Kulshan Associates,HY,WAT,1990,12
54265.0,Akron Recycle Energy Plant,ST,NG,1979,4
54262.0,Saint Marys Hospital Power Plant,GT,NG,1971,13
54261.0,Warm Springs Hydro Project,HY,WAT,1988,2
54258.0,Westwind Trust,WT,WND,1986,31
54251.0,Opal Springs Hydro,HY,WAT,1985,4
54250.0,Newman (PA),ST,NG,1964,1
54249.0,Smith Falls Hydro Project,HY,WAT,1989,38
54242.0,Alvarado Hydro Facility,HY,WAT,1985,2
54240.0,Louisiana Tech University Power Plant,GT,NG,1963,14
54239.0,Naval Submarine Base Kings Bay,IC,DFO,1984,24
54238.0,Stockton Biomass,ST,WDS,1987,54
54236.0,Pfizer Groton Plant,ST,NG,1948,41
54228.0,Erving Paper Mills,GT,NG,1988,7
54225.0,Gillette SBMC,ST,NG,1971,20
54224.0,Franklin Heating Station,IC,DFO,1951,30
54221.0,Blanco Compressor Station,ST,NG,1956,2
54219.0,Burney Mountain Power,ST,WDS,1985,11
54216.0,U S Alliance Coosa Pines,ST,BIT,1942,54
54214.0,American Crystal Sugar East Grand Forks,ST,SUB,1990,7
54213.0,American Crystal Sugar Drayton,ST,SUB,1965,6
54212.0,American Crystal Sugar Crookston,ST,SUB,1954,6
54211.0,American Crystal Sugar Moorhead,ST,SUB,1948,5
54210.0,American Crystal Sugar Hillsboro,ST,SUB,1990,13
54207.0,ArcelorMittal Warren,ST,OG,1934,20
54203.0,Mississippi Baptist Medical Center,GT,NG,1991,4
54202.0,Upper Androscoggin,HY,WAT,1920,0
54201.0,Iowa State University,ST,BIT,1949,48
54149.0,Stony Brook Cogen Plant,GT,NG,1995,47
54148.0,Hydro Kennebec Project,HY,WAT,1989,14
54142.0,Hillcrest Pump Station,HY,WAT,1993,2
54134.0,Great Lakes Hydro America - ME,HY,WAT,1917,126
54131.0,Fortistar North Tonawanda,CT,NG,1993,55
54124.0,Pittsfield Hydro,HY,WAT,1986,0
54123.0,Mechanic Falls,HY,WAT,1986,1
54114.0,Kennedy International Airport Cogen,CT,NG,1994,171
54111.0,Second Imperial Geothermal,BT,GEO,1993,74
54104.0,Ashdown,ST,BLQ,1968,156
54103.0,Port Edwards Mill,ST,RFO,1913,7
54101.0,Georgia-Pacific Cedar Springs,ST,BLQ,1963,101
54100.0,International Paper Vicksburg Mill,ST,BLQ,1967,50
54099.0,Ticonderoga Mill,ST,BLQ,1970,42
54098.0,Kaukauna Paper Mill,ST,BLQ,1951,44
54097.0,International Paper Texarkana Mill,ST,BLQ,1972,65
54096.0,International Paper Riverdale Mill,ST,BLQ,1967,103
54091.0,Mansfield Mill,ST,BLQ,1981,135
54087.0,International Paper Georgetown Mill,ST,WDS,1966,94
54085.0,Androscoggin Mill,ST,BLQ,1964,80
54081.0,Spruance Genco LLC,ST,BIT,1992,228
54076.0,Indeck Olean Energy Center,CT,NG,1994,90
54057.0,Riverview Energy Systems,GT,LFG,1988,6
54056.0,Pawtucket Power Associates,CT,NG,1990,68
54051.0,Elwha Hydroelectric Project,HY,WAT,1914,12
54050.0,Glines Hydroelectric Project,HY,WAT,1927,16
54044.0,University of Illinois Cogen Facility,IC,NG,1993,54
54041.0,Lockport Energy Associates LP,CT,NG,1992,219
54038.0,Geo East Mesa II,ST,GEO,1989,21
54035.0,Roanoke Valley Energy Facility I,ST,BIT,1994,182
54034.0,Rensselaer Cogen,CT,NG,1994,88
54033.0,Wheelabrator North Broward,ST,MSW,1991,67
54017.0,San Gabriel Hydro Project,HY,WAT,1987,4
54015.0,MM West Covina,ST,LFG,1993,10
54006.0,Broadwater Power Project,HY,WAT,1989,9
54004.0,"WestRock Southeast, LLC.",ST,TDF,1989,82
52204.0,"Otay Landfill Gas, LLC",IC,LFG,1986,7
52193.0,Delaware City Plant,GT,NG,1956,324
52188.0,Ponca City Refinery,ST,OG,1947,23
52187.0,Falls Creek,HY,WAT,1984,4
52186.0,Yuba City Cogen Partners,GT,NG,1990,49
52184.0,Tesoro Kenai Cogeneration Plant,GT,NG,1988,8
52176.0,C R Wing Cogen Plant,CT,NG,1987,229
52175.0,CITGO Refinery Powerhouse,ST,NG,1942,75
52174.0,Soda Lake Geothermal No I II,ST,GEO,1987,22
52173.0,Conemaugh Hydro Plant,HY,WAT,1989,14
52171.0,Upper Barker,HY,WAT,1987,1
52169.0,Midway Sunset Cogen,GT,NG,1989,234
52168.0,Riverbay,GT,NG,1969,47
52166.0,Collins Facility,HY,WAT,1985,0
52165.0,Helzel & Schwarzhoff 88 Wind Farm,WT,WND,1986,1
52163.0,85 B,WT,WND,1985,21
52162.0,85 A,WT,WND,1985,14
52161.0,Terra-Gen 251 Wind LLC,WT,WND,1987,18
52160.0,Victory Garden Phase IV LLC,WT,WND,1990,22
52158.0,Aidlin Geothermal Power Plant,ST,GEO,1989,24
52155.0,Lacomb Irrigation District,HY,WAT,1986,1
52152.0,International Paper Franklin Mill,ST,BLQ,1937,143
52151.0,International Paper Eastover Facility,ST,BLQ,1984,109
52149.0,West Point (PA),GT,NG,1972,88
52148.0,Elkton,ST,NG,1982,8
52147.0,C P Kelco San Diego Plant,GT,NG,1983,28
52144.0,Mojave 5,WT,WND,1990,22
52143.0,Mojave 3,WT,WND,1990,23
52142.0,Mojave 4,WT,WND,1990,29
52140.0,International Paper Prattville Mill,ST,BLQ,1967,89
52138.0,Steamboat 1A Power Plant,BT,GEO,1988,2
52133.0,Tesoro Mandan Cogeneration Plant,ST,OG,1954,6
52132.0,Power Station 4,CT,NG,1986,190
52131.0,Power Station 3,CA,NG,1964,116
52130.0,Whiting Refinery,ST,OG,1928,92
52127.0,Elk Basin Gasoline Plant,ST,OG,1948,2
52122.0,Wasson CO2 Removal Plant,GT,NG,1988,23
52120.0,Freeport Energy,CT,NG,1952,1376
52118.0,Multitrade of Pittsylvania LP,ST,WDS,1994,90
52115.0,Ingredion Stockton,GT,NG,1984,9
52109.0,Richmond Cogen,CT,NG,1992,197
52107.0,Kern River Eastridge Cogen,GT,NG,1988,48
52106.0,Philadelphia Refinery,ST,OG,1952,30
52105.0,Richmond Refinery TG800,ST,OG,1936,21
52104.0,Cymric 36W Cogen,GT,NG,1982,12
52099.0,Plant No 2 Orange County,IC,OBG,1993,16
52096.0,Berry Placerita Cogen,GT,NG,1990,42
52095.0,Kern River Fee C Cogen,GT,NG,1987,7
52094.0,Kern River Fee A Cogen,GT,NG,1986,6
52092.0,Kern River Fee B Cogen,GT,NG,1987,3
52091.0,New York Methodist Hospital,IC,DFO,1991,2
52089.0,Celanese Acetate LLC,ST,NG,1942,29
52088.0,Texas City Power Plant,CT,NG,1987,450
52087.0,Elizabeth River Power Station,GT,NG,1992,387
52086.0,Coalinga 25D Cogen,GT,NG,1986,12
52085.0,Taft 26C Cogen,GT,NG,1982,12
52083.0,Coalinga 6C Cogen,GT,NG,1989,6
52082.0,Cymric 6Z Cogen,GT,NG,1986,6
52081.0,Cymric 31X Cogen,GT,NG,1988,6
52078.0,North Midway Cogen,GT,NG,1986,9
52077.0,Lost Hills Cogeneration Plant,GT,NG,1985,9
52076.0,McKittrick Cogen,GT,NG,1984,21
52073.0,UCLA So Campus Cogen Project,CT,NG,1993,42
52072.0,Radford Army Ammunition Plant,ST,NG,1990,24
52071.0,Sandow No 5,ST,LIG,1953,1024
52069.0,Point Comfort Operations,ST,NG,1958,63
52068.0,Great Falls Hydro Project,HY,WAT,1985,12
52065.0,Houston Plant,ST,WH,1970,7
52064.0,Dominguez Plant,ST,WH,1976,5
52063.0,Martinez Sulfuric Acid Regeneration Plt,ST,WH,1978,4
52061.0,Hartford Hospital Cogeneration,CT,NG,1988,11
52058.0,Ogdensburg,HY,WAT,1987,0
52057.0,Herkimer,HY,WAT,1987,0
52056.0,Nassau Energy Corp,CT,NG,1991,55
52054.0,Rapidan Hydro Facility,HY,WAT,1984,6
52051.0,I 95 Municipal Landfill Phase I,IC,LFG,1992,0
52049.0,Clifton Dam 3 Power Station,HY,WAT,1985,0
52048.0,Vanderbilt University Power Plant,GT,NG,1988,33
52039.0,Quail Creek Hydro Plant #1,HY,WAT,1985,2
52036.0,Yough Hydro Power,HY,WAT,1989,12
52034.0,Bunge Oil,GT,NG,1990,3
52033.0,Moretown Generating Station,HY,WAT,1989,1
52031.0,Alliance Refinery,ST,OG,1971,25
52028.0,Puna Geothermal Venture I,ST,GEO,1992,46
52026.0,Dartmouth Power Associates LP,CT,NG,1992,101
52024.0,Rhode Island Hospital,ST,NG,1974,8
52021.0,ITT Cogen Facility,GT,NG,1991,6
52019.0,Doswell Energy Center,CT,NG,1991,939
52015.0,Terra-Gen Dixie Valley,ST,GEO,1998,70
52010.0,Lee County Solid Waste Energy,ST,MSW,1994,59
52007.0,Mecklenburg Power Station,ST,BIT,1992,138
52006.0,LaO Energy Systems,CT,NG,1958,713
52005.0,Plaquemine Operations,CS,NG,1969,106
51038.0,MacArthur Waste to Energy Facility,ST,MSW,1990,12
51035.0,Hofstra University,IC,NG,1990,2
51034.0,Little Falls Hydro,HY,WAT,1987,12
51033.0,West Delaware Tunnel Plant,HY,WAT,1988,7
51030.0,Ocean State Power,CT,NG,1990,252
51026.0,Ryegate Power Station,ST,WDS,1992,21
51008.0,Enterprise Sugar Factory,ST,AB,1981,3
50999.0,Aziscohos Hydroelectric Project,HY,WAT,1988,6
50997.0,Gallup Refinery,GT,NG,1990,6
50993.0,Co-Gen II LLC,ST,WDS,1987,7
50990.0,Marathon Electric,IC,DFO,1978,0
50989.0,Ingersoll Milling Machine,GT,NG,1988,0
50987.0,Rock Creek I,HY,WAT,1983,2
50985.0,Solano County Cogen Plant,IC,NG,1989,2
50980.0,Siphon Power Project,HY,WAT,1989,4
50978.0,Carr Street Generating Station,CT,NG,1993,121
50976.0,Indiantown Cogeneration LP,ST,BIT,1995,395
50974.0,Scrubgrass Generating Plant,ST,WC,1993,94
50973.0,Motiva Enterprises Port Arthur Refinery,CT,NG,1957,311
50972.0,Marsh Valley Development,HY,WAT,1993,1
50971.0,Tropicana Products Bradent,GT,NG,1990,46
50969.0,MU Combined Heat and Power Plant,ST,BIT,1961,88
50966.0,Bellmeade Power Station,CT,NG,1997,330
50965.0,Toledo Ref Power Recovery Train,OT,PC,1986,6
50964.0,Amedee Geothermal Venture I,ST,GEO,1988,2
50963.0,Naval Hospital Medical Center,GT,NG,1986,5
50961.0,Slate Creek,HY,WAT,1990,4
50960.0,Union County Resource Recovery,ST,MSW,1994,45
50956.0,Bowater Newsprint Calhoun Operation,ST,BLQ,1954,63
50955.0,Rousselot Inc,ST,NG,1947,5
50952.0,Saint Francis Hospital,IC,NG,1990,0
50951.0,Sunnyside Cogen Associates,ST,WC,1993,58
50950.0,Wheelabrator Martell,ST,WDS,1985,23
50949.0,Hardee Power Station,CT,NG,1993,466
50942.0,Lagoon Cogeneration Facility,IC,NG,1989,3
50938.0,Galesville Project,HY,WAT,1987,0
50937.0,William Beaumont Hospital,IC,DFO,1992,2
50936.0,Winnebago County Landfill Gas,IC,LFG,2000,3
50935.0,Caterpillar,IC,DFO,1983,26
50933.0,Rhinelander Mill,ST,NG,1917,24
50932.0,Des Moines Wastewater Reclamation Fac,IC,OBG,1991,2
50931.0,Yellowstone Energy LP,ST,PC,1995,68
50921.0,Co-Gen LLC,ST,WDS,1986,7
50920.0,Erie Coke,ST,OG,1953,2
50917.0,Middle Fork Irrigation District,HY,WAT,1986,2
50907.0,Oswego County Energy Recovery,ST,MSW,1986,2
50906.0,Ford Utilities Center,GT,NG,1984,15
50905.0,Univ New Mexico Cogen Plant,GT,NG,1989,2
50904.0,Fox Metro Water Reclamation District,IC,NG,1988,2
50903.0,Sagamore Plant Cogeneration,ST,NG,1984,7
50900.0,Covington Facility,ST,WDS,1930,185
50898.0,Allegheny Hydro No 9,HY,WAT,1990,16
50897.0,Allegheny Hydro No 8,HY,WAT,1990,12
50896.0,S E Hazelton A,HY,WAT,1990,6
50895.0,Bypass,HY,WAT,1987,9
50894.0,Allegheny No 6 Hydro Station,HY,WAT,1988,8
50893.0,Allegheny No. 5 Hydro Station,HY,WAT,1988,8
50892.0,Rock Creek LP,HY,WAT,1986,2
50891.0,El Dorado Hydro Elk Creek,HY,WAT,1986,2
50890.0,Ivy River Hydro,HY,WAT,1985,0
50888.0,Northampton Generating Company LP,ST,WC,1995,134
50887.0,Wheelabrator South Broward,ST,MSW,1991,66
50886.0,Spokane Waste to Energy,ST,MSW,1991,26
50885.0,Wheelabrator Gloucester LP,ST,MSW,1990,14
50884.0,Pinellas County Resource Recovery,ST,MSW,1983,76
50883.0,Wheelabrator Bridgeport,ST,MSW,1988,67
50882.0,Wheelabrator Westchester,ST,MSW,1984,59
50881.0,Wheelabrator Shasta,ST,WDS,1987,61
50880.0,Wheelabrator Saugus,ST,MSW,1985,53
50879.0,Wheelabrator Frackville Energy,ST,WC,1988,48
50878.0,Wheelabrator Millbury Facility,ST,MSW,1987,47
50877.0,Wheelabrator North Andover,ST,MSW,1985,40
50876.0,Wheelabrator Norwalk Energy,CT,NG,1988,30
50875.0,McKay Bay Facility,ST,MSW,1985,22
50873.0,Wheelabrator Concord Facility,ST,MSW,1989,14
50872.0,Wheelabrator Claremont Facility,ST,MSW,1987,4
50865.0,Salinas River Cogeneration,GT,NG,1991,38
50864.0,Sargent Canyon Cogeneration,GT,NG,1991,38
50860.0,Kent County Waste to Energy Facility,ST,MSW,1989,18
50859.0,Lancaster County Resource Recovery,ST,MSW,1990,35
50858.0,Hillsborough County Resource Recovery,ST,MSW,1987,47
50852.0,Elmwood Energy Holdings LLC,CT,NG,1989,83
50851.0,CSUCI Site Authority,CT,NG,1988,30
50850.0,OLS Energy Chino,CT,NG,1987,30
50849.0,PE Berkeley,CT,NG,1987,28
50846.0,Gramercy Holdings LLC,GT,NG,1958,115
50837.0,Southeast Resource Recovery,ST,MSW,1988,35
50835.0,TES Filer City Station,ST,BIT,1990,70
50832.0,Chicopee Hydroelectric Station,HY,WAT,1985,2
50831.0,Nove Power Plant,IC,LFG,1985,3
50827.0,Twin Falls Hydro,HY,WAT,1989,24
50826.0,Tres Vaqueros Wind Farms LLC,WT,WND,9999,28
50823.0,Mojave 18,WT,WND,1989,30
50822.0,Mojave 17,WT,WND,1989,25
50821.0,Mojave 16,WT,WND,1989,30
50820.0,East Winds Project,WT,WND,1985,3
50819.0,ESI Project,WT,WND,1981,1
50818.0,Dyer Road,WT,WND,1983,10
50815.0,Optim Energy Altura Cogen LLC,CT,NG,1985,638
50813.0,Hopewell Mill,ST,BLQ,1980,47
50810.0,Westrock Hodge (LA),ST,BLQ,1938,73
50807.0,WestRock Panama City Mill,ST,WDS,1930,34
50806.0,Florence Mill,ST,WDS,1963,106
50804.0,Port Wentworth Mill,ST,BLQ,1991,72
50803.0,Seminole Mill,ST,NG,1957,30
50799.0,Parlin Power Plant,CT,NG,1991,132
50788.0,Lafayette Energy Partners LP,IC,LFG,1990,0
50782.0,Taylor Energy Partners LP,IC,LFG,1987,1
50776.0,Panther Creek Energy Facility,ST,WC,1992,94
50774.0,Telogia Power,ST,WDS,1986,14
50772.0,Viking Energy of Lincoln,ST,WDS,1989,18
50771.0,Viking Energy of Northumberland,ST,WDS,1988,18
50770.0,Viking Energy of McBain,ST,WDS,1988,18
50768.0,Forestport,HY,WAT,1987,3
50766.0,Ormesa I,ST,GEO,1986,50
50765.0,Stillwater Facility,BT,GEO,1989,80
50764.0,Ormesa IE,ST,GEO,1988,12
50763.0,Steamboat 1,BT,GEO,1986,7
50762.0,Ormesa IH,ST,GEO,1989,12
50760.0,Empire,ST,GEO,1987,4
50759.0,West End Dam Hydroelectric Project,HY,WAT,1985,4
50758.0,Pejepscot Hydroelectric Project,HY,WAT,1987,12
50755.0,New Hogan Power Plant,HY,WAT,1989,3
50754.0,Oak Creek Energy Systems I,WT,WND,1982,33
50752.0,South Belridge Cogeneration Facility,GT,NG,1985,93
50751.0,Southeast Kern River Cogen,GT,NG,1989,30
50750.0,Coalinga Cogeneration Facility,GT,NG,1988,6
50748.0,Agnews Power Plant,CT,NG,1990,31
50744.0,Sterling Power Plant,CT,NG,1991,64
50743.0,Starrett City Cogen Facility,ST,NG,1974,18
50741.0,Pontook Hydro Facility,HY,WAT,1986,9
50739.0,Pinetree Power Tamworth,ST,WDS,1987,25
50736.0,Exeter Energy LP,ST,TDF,1991,31
50733.0,Gary Works,ST,BFG,1951,231
50732.0,Mon Valley Works,ST,BFG,1943,52
50729.0,Clairton Works,ST,OG,1955,31
50728.0,ExxonMobil Garden City Gas Plant,GT,NG,1964,0
50722.0,BP Naperville Cogeneration Facility,GT,NG,1990,9
50721.0,Tazewell Gas Recovery,IC,LFG,1989,0
50718.0,Notch Butte Hydro,HY,WAT,1986,1
50713.0,Huntington Falls,HY,WAT,1988,4
50711.0,University of Alaska Fairbanks,ST,SUB,1964,21
50709.0,Thermo Greeley,GT,NG,1996,37
50707.0,JM Shafer Generating Station,CT,NG,1994,394
50704.0,Somersworth Lower Great Dam,HY,WAT,1985,1
50702.0,Salmon Falls,HY,WAT,1986,0
50700.0,Lilliwaup Falls Generating,HY,WAT,1986,0
50699.0,Pumpkin Hill,HY,WAT,1987,1
50696.0,Plant No 1 Orange County,IC,OBG,1993,6
50690.0,San Gorgonio Westwinds II LLC,WT,WND,1999,43
50688.0,Gardiner,HY,WAT,1985,1
50674.0,Municipal Cogen Plant,IC,NG,1985,1
50666.0,Pasco Cnty Solid Waste Resource Recovery,ST,MSW,1991,31
50663.0,Covanta Alexandria/Arlington Energy,ST,MSW,1987,28
50662.0,Onondaga County Resource Recovery,ST,MSW,1994,39
50661.0,Covanta Haverhill,ST,MSW,1989,46
50660.0,Covanta Tulsa Renewable Energy LLC,ST,MSW,1989,16
50658.0,Covanta Fairfax Energy,ST,MSW,1990,124
50657.0,Montgomery County Resource Recovery,ST,MSW,1995,67
50656.0,Huntington Resource Recovery Facility,ST,MSW,1991,28
50654.0,Steamboat Hills LP,ST,GEO,1988,21
50652.0,Lyonsdale Associates,HY,WAT,1984,2
50650.0,ReEnergy Stratton LLC,ST,WDS,1989,45
50649.0,Covanta Babylon Inc,ST,MSW,1989,17
50648.0,Covanta Bristol Energy,ST,MSW,1987,16
50647.0,Covanta Indianapolis Energy,ST,MSW,1988,6
50640.0,Warren Lumber Mill,ST,WDS,1991,15
50639.0,Sappi Cloquet Mill,ST,WDS,1925,92
50638.0,Clearwater Paper APP CB,ST,BLQ,1977,28
50637.0,Clearwater Paper IPP Lewiston,ST,BLQ,1950,113
50636.0,Brainerd Public Utilities,HY,WAT,1917,0
50633.0,Mosaic Co Bartow Facility,ST,WH,1985,81
50632.0,Covanta Stanislaus Energy,ST,MSW,1988,24
50630.0,Covanta Marion Inc,ST,MSW,1986,13
50629.0,Covanta Lake County Energy,ST,MSW,1990,15
50628.0,Paulsboro Refinery,GT,NG,1982,78
50627.0,ExxonMobil Oil Joliet Refinery,GT,OG,1986,39
50626.0,Chalmette Refining LLC,OT,OTH,1990,5
50625.0,ExxonMobil Beaumont Refinery,GT,NG,1957,696
50624.0,"Torrance Refining Company, LLC",ST,WH,1983,48
50623.0,Gaviota Oil Plant,GT,NG,1987,12
50622.0,Berry Cogen Tanne Hills 18,GT,NG,1986,16
50621.0,Central Power Plant,GT,DFO,1932,12
50620.0,Flambeau River Papers,ST,WDS,1982,5
50615.0,TXU Sweetwater Generating Plant,CT,NG,1989,344
50614.0,Mosinee Mill,ST,BLQ,1916,22
50612.0,McKittrick Limited,GT,NG,1991,46
50611.0,Westwood Generation LLC,ST,WC,1987,36
50610.0,Saint Johns Health Center,GT,NG,1992,1
50578.0,Stowe Power Production Plant,GT,LFG,1989,6
50577.0,Omega Hills Gas Recovery,GT,LFG,1985,13
50576.0,Metro Gas Recovery,GT,LFG,1985,6
50575.0,Lake Gas Recovery,GT,LFG,1988,9
50573.0,CID Gas Recovery,GT,LFG,1989,6
50572.0,CSL Gas Recovery,CT,LFG,1989,11
50571.0,Altamont Gas Recovery,GT,LFG,1969,8
50570.0,Chestnut Ridge Gas Recovery,IC,LFG,1992,1
50569.0,DFW Gas Recovery,GT,LFG,1988,10
50568.0,High Acres Gas Recovery,IC,LFG,1991,4
50566.0,Milam Gas Recovery,IC,NG,1991,0
50565.0,Monroe Livingston Gas Recovery,IC,LFG,1988,0
50564.0,New Milford Gas Recovery,GT,LFG,1991,3
50563.0,Settlers Hill Gas Recovery,GT,LFG,1988,6
50561.0,Eagle Point Power Generation,CT,NG,1990,251
50560.0,Pacific-Ultrapower Chinese Station,ST,WDS,1986,25
50558.0,Oklahoma Cogeneration Project,CT,NG,1989,121
50555.0,Rosemary Power Station,CT,NG,1990,180
50553.0,Edom Hills Project 1 LLC,WT,WND,1985,31
50552.0,Cabazon Wind Farm,WT,WND,1999,39
50546.0,Bowman,HY,WAT,1986,3
50545.0,Lawrence Hydroelectric Associates,HY,WAT,1981,14
50544.0,Port Townsend Paper,ST,BLQ,1929,13
50541.0,Harbor Cogen,CT,NG,1988,106
50540.0,BP Carson Refinery,OT,OG,1982,13
50539.0,Boltonville Hydro Associates,HY,WAT,1984,0
50537.0,SRI International Cogen Project,GT,NG,1987,6
50536.0,Sky River LLC,WT,WND,1991,76
50535.0,Mesa Wind Power Corp,WT,WND,1984,29
50534.0,Santa Clara (85C),WT,WND,1986,18
50533.0,Painted Hills Wind Park,WT,WND,1985,19
50532.0,Victory Garden (Tehachapi),WT,WND,1981,18
50530.0,Equilon Los Angeles Refining,GT,OG,1982,83
50514.0,Fort Miller Hydroelectric Facility,HY,WAT,1984,4
50513.0,Stillwater Reservoir Hydro,HY,WAT,1987,1
50512.0,Glen Park Hydroelectric Project,HY,WAT,1999,31
50510.0,Mosaic Co Mulberry Facility,ST,OTH,1985,21
50509.0,PCS Phosphate,ST,WH,1984,54
50498.0,Capitol District Energy Center,CT,NG,1988,69
50497.0,Bayonne Plant Holding LLC,CT,NG,1988,190
50495.0,High Sierra Limited,GT,NG,1989,48
50494.0,Kern Front Limited,GT,NG,1989,48
50493.0,Double C Generation Limited Partnership,GT,NG,1989,48
50492.0,Gas Utilization Facility,IC,OBG,1985,5
50491.0,Axiall Natrium Plant,ST,NG,1943,122
50490.0,PPG Plant C Caustic,ST,NG,1986,3
50489.0,PPG Powerhouse C,GT,NG,1977,357
50488.0,PPG Riverside,ST,PUR,1947,162
50487.0,PPG Powerhouse A,ST,PUR,1943,51
50485.0,Altech III,WT,WND,1984,24
50483.0,Bryant Sugar House,ST,AB,1962,29
50482.0,Clewiston Sugar House,ST,AB,1945,89
50481.0,Tennessee Eastman Operations,ST,BIT,1936,190
50479.0,Georgia-Pacific Big Island,ST,WDS,1920,7
50476.0,Packaging of America Tomahawk Mill,ST,NG,1920,18
50475.0,Corpus Christi,GT,NG,1989,41
50474.0,Swift Creek Chemical Complex,ST,OTH,1980,21
50473.0,Suwannee River Chemical Complex,ST,OTH,1986,27
50472.0,"Covanta Niagara I, LLC",ST,MSW,1980,50
50471.0,Deer Park Plant,CT,NG,1948,111
50468.0,Rocky Mount Mill,HY,WAT,1941,0
50466.0,Buckeye Florida LP,ST,BLQ,1953,68
50465.0,Flint River Operations,ST,BLQ,1980,84
50464.0,Oxnard,GT,NG,1982,68
50463.0,Procter & Gamble Mehoopany Mill,GT,NG,1984,119
50461.0,Cheboygan,HY,WAT,1984,1
50458.0,Indeck Corinth Energy Center,CT,NG,1995,147
50456.0,Procter & Gamble Cincinnati Plant,ST,NG,1965,12
50451.0,Indeck Yerkes Energy Center,CT,NG,1989,59
50450.0,Indeck Oswego Energy Center,CT,NG,1990,57
50449.0,Indeck Silver Springs Energy Center,CT,NG,1991,56
50447.0,S D Warren Westbrook,ST,WDS,1903,72
50439.0,Oconto Falls Lower,HY,WAT,1971,1
50437.0,French Landing Dam,HY,WAT,1988,1
50436.0,Cascade Dam,HY,WAT,1986,1
50435.0,Sugarloaf Hydro Plant,HY,WAT,1985,2
50433.0,Ada Dam,HY,WAT,1984,1
50431.0,University of Michigan,CA,NG,1939,46
50427.0,Bronx Zoo,IC,NG,1991,2
50424.0,Duluth Paper Mill,ST,PUR,1986,10
50423.0,Cowiche,HY,WAT,1987,1
50421.0,Orchard Avenue 1,HY,WAT,1987,0
50416.0,Tannery Island Power,HY,WAT,1986,0
50414.0,Penacook Upper Falls Hydro,HY,WAT,1986,3
50413.0,Olmsted Waste Energy,ST,MSW,1979,9
50411.0,Rutgers Biomedical and Health Cogen,GT,NG,1989,9
50410.0,Chester Operations,ST,PC,1986,67
50409.0,Menominee Mill Marinette,HY,WAT,1924,0
50408.0,Park Mill,HY,WAT,1920,0
50407.0,Mobile Energy Services LLC,ST,WDS,1960,108
50406.0,Somerset Plant,ST,BLQ,1976,106
50404.0,BP Chemicals Green Lake Plant,ST,WH,1989,38
50400.0,Sand Bar Power Plant,HY,WAT,1986,16
50398.0,International Paper Savanna Mill,ST,BLQ,1940,204
50397.0,P H Glatfelter,ST,BIT,1948,107
50396.0,Dillard Complex,ST,WDS,1955,50
50395.0,Georgia-Pacific Corp - Nekoosa Mill,ST,NG,1912,35
50393.0,Friant Hydro Facility,HY,WAT,1985,35
50392.0,Eielson AFB Central Heat & Power Plant,ST,SUB,1952,30
50389.0,Port Allen (LA),GT,NG,1990,6
50388.0,Phillips 66 Carbon Plant,ST,PC,1983,27
50386.0,Windland,WT,WND,1982,15
50385.0,Newark Bay Cogeneration Partnership LP,CT,NG,1993,139
50384.0,Gregg Falls,HY,WAT,1985,3
50382.0,Twin Reservoirs,HY,WAT,1988,2
50380.0,Upriver Dam Hydro Plant,HY,WAT,1936,16
50375.0,East Portal Generator,HY,WAT,1987,1
50373.0,Paxton Creek Cogeneration,IC,NG,1986,12
50371.0,"The Mosaic Company, Plant City Facility",ST,WH,1988,40
50368.0,Cornell University Central Heat,CT,NG,1988,38
50366.0,University of Notre Dame,ST,BIT,1952,25
50365.0,Ridgewood Providence Power,IC,LFG,1990,15
50363.0,Mesquite Lake Energy Park Plant 2,ST,WDS,1987,21
50362.0,Tunnel 1 Power Project,HY,WAT,1993,7
50361.0,Owyhee Dam Power Project,HY,WAT,1985,4
50360.0,Michell Butte Power Project,HY,WAT,1989,1
50359.0,Sloss Industries Corp,ST,OG,1958,24
50354.0,Newport Hydro,HY,WAT,1987,0
50353.0,Penacook Lower Falls,HY,WAT,1983,4
50352.0,Nacimiento Hydro Project,HY,WAT,1987,4
50351.0,Rolfe Canal Hydro,HY,WAT,1987,4
50350.0,Forks of Butte Hydro Project,HY,WAT,1992,14
50348.0,Oceanside Energy,IC,LFG,1990,0
50346.0,Onondaga Energy Partners LP,IC,LFG,1987,0
50345.0,Oyster Bay Energy Partners LP,IC,LFG,1986,0
50344.0,Smithtown Energy Partners LP,IC,LFG,1988,0
50341.0,PCS Nitrogen Fertilizer LP,GT,NG,1986,40
50337.0,Mooseheart Power House,IC,NG,1986,0
50333.0,Gay Robinson,ST,AB,1972,5
50329.0,West Point Treatment Plant,IC,OBG,2012,4
50328.0,Byllesby,HY,WAT,1988,0
50326.0,Nalco,CT,NG,1985,4
50324.0,Newfound Hydroelectric,HY,WAT,1983,0
50323.0,Marco Ranch,HY,WAT,1985,0
50322.0,Site 980 65,HY,WAT,1985,2
50318.0,Par Sterile Products,GT,NG,1986,2
50316.0,Bunge North America East LLC,ST,NG,1950,2
50315.0,Chasm Hydro Partnership,HY,WAT,1982,1
50312.0,Pembroke Hydro,HY,WAT,1985,2
50311.0,Passaic Valley Water Commission,HY,WAT,1935,0
50310.0,Standby Generation Plant,IC,NG,1988,11
50308.0,Utility Plants Section,ST,SUB,1945,22
50307.0,University of Oklahoma,ST,NG,1949,16
50305.0,LaFarge Alpena,ST,PC,1952,47
50304.0,Shell Deer Park,GT,OG,1943,257
50300.0,AltaGas Pomona Energy Inc.,GT,NG,1985,66
50299.0,AltaGas Ripon Energy Inc.,GT,NG,1988,49
50298.0,Wheelabrator Lassen,GT,NG,1983,38
50296.0,Packaging Corp of America,ST,BLQ,1985,72
50293.0,Wadham Energy LP,ST,AB,1989,29
50292.0,Bethpage Power Plant,CT,NG,1989,238
50290.0,SEMASS Resource Recovery,ST,MSW,1988,98
50285.0,Lower Village Water Power Project,HY,WAT,1995,0
50282.0,Luke Mill,ST,BIT,1958,65
50281.0,San Gorgonio Farms Wind Farm,WT,WND,1983,31
50280.0,Dahowa Hydro,HY,WAT,1987,10
50279.0,Archbald Power Station,GT,NG,1988,91
50278.0,Worumbo Hydro Station,HY,WAT,1989,18
50276.0,Wintec Energy Ltd,WT,WND,1986,5
50275.0,Park 500 Philip Morris USA,ST,NG,1983,19
50274.0,Simplot Leasing Don Plant,ST,WH,1986,15
50273.0,Pioneer Valley Resource Recovery,ST,MSW,1988,9
50270.0,ExxonMobil Santa Ynez Facility,CT,NG,1993,48
50269.0,Unionville Hydro Project 2499 NY,HY,WAT,1984,3
50268.0,Hewittville Hydroelectric,HY,WAT,1984,3
50267.0,Redlands Water & Power,HY,WAT,1931,1
50261.0,New Lahontan,HY,WAT,1989,4
50260.0,Oakwood Hospital & Medical Center,IC,DFO,1972,4
50254.0,KapStone Kraft Paper Corp,ST,BLQ,1966,28
50252.0,Sartell Dam,HY,WAT,1985,0
50251.0,Verso Paper Quinnesec Mich Mill,ST,BLQ,1985,56
50250.0,International Paper Pensacola,ST,BLQ,1981,82
50244.0,Canton North Carolina,ST,BIT,1937,50
50243.0,Bucksport Generation LLC,GT,NG,1965,297
50241.0,Tenet Hospital,IC,NG,1987,4
50240.0,Purdue University,ST,NG,1969,41
50234.0,San Antonio Regional Hospital,IC,NG,1985,0
50233.0,San Dimas Wash Generating Station,HY,WAT,1986,1
50231.0,SDS Lumber Gorge Energy Division,ST,WDS,1979,13
50230.0,Robbins Lumber,IC,DFO,1981,3
50229.0,Texas Petrochemicals,CA,NG,1972,595
50228.0,Rocky Brook Hydroelectric,HY,WAT,1985,1
50225.0,Regional Waste Systems,ST,MSW,1988,13
50224.0,Oxnard Wastewater Treatment Plant,IC,OBG,1981,0
50223.0,Nelson Creek,HY,WAT,1989,1
50219.0,Frankenheimer Power Plant,HY,WAT,1983,5
50218.0,Woodward Power Plant,HY,WAT,1982,2
50216.0,Watson Cogeneration,CT,NG,1987,498
50215.0,York County Resource Recovery,ST,MSW,1989,36
50210.0,Vulcan-BN Geothermal Power Company,ST,GEO,1985,39
50208.0,Pinetree Power,ST,WDS,1986,17
50206.0,Vallecito Hydroelectric,HY,WAT,1989,4
50205.0,Williams Ignacio Natural Gas Plant,ST,WH,1984,6
50203.0,US Gypsum Oakfield,GT,NG,1986,5
50201.0,"Multitrade Rabun Gap, LLC",ST,WDS,1986,24
50200.0,B Braun Medical,GT,NG,1982,5
50192.0,International Paper Valliant OK,ST,BLQ,1971,68
50191.0,IP Springfield Oregon,ST,BLQ,1949,64
50190.0,Domtar Paper Company Rothschild,ST,NG,1910,6
50189.0,Domtar Paper Co LLC Plymouth NC,ST,BLQ,1949,160
50188.0,International Paper Co. - New Bern Mill,ST,BLQ,1969,67
50187.0,Nippon Dynawave Packaging Longview WA,ST,BLQ,1948,62
50185.0,Cosmo Specialty Fibers Plant,ST,WDL,1957,14
50184.0,Columbus MS,ST,BLQ,1982,128
50180.0,Olsen,HY,WAT,1990,5
50179.0,Box Canyon Dam,HY,WAT,1986,4
50178.0,Halifax,HY,WAT,1915,0
50177.0,Blackstone/Tupperware,HY,WAT,1981,0
50176.0,Union Falls,HY,WAT,1987,2
50175.0,Emporia,HY,WAT,1986,2
50170.0,Berry Cogen,GT,NG,1986,38
50169.0,Wichita Plant,GT,NG,1982,43
50166.0,International Paper Woronoco Mill,HY,WAT,1913,1
50160.0,Smallwood,HY,WAT,1923,1
50159.0,Secord,HY,WAT,1923,1
50158.0,Edenville,HY,WAT,1923,4
50157.0,Sanford Dam,HY,WAT,1923,3
50156.0,Bear Creek,HY,WAT,1990,3
50153.0,Texas City Plant Union Carbide,ST,PUR,1996,85
50152.0,Dow St Charles Operations,CT,NG,1980,341
50150.0,Union Carbide Seadrift Cogen,CT,NG,1964,168
50148.0,Linde Wilmington,CT,NG,1988,31
50147.0,R E Badger Filtration Plant,HY,WAT,1987,1
50146.0,Imperial Savannah LP,ST,NG,1946,11
50141.0,Snider Industries,ST,WDS,1983,5
50137.0,Newgulf Cogen,GT,NG,1984,113
50136.0,South Oaks Hospital,IC,NG,1990,0
50134.0,Sycamore Cogeneration,GT,NG,1987,300
50131.0,Coalinga Cogeneration,GT,NG,1991,38
50129.0,Indian Valley Dam Hydro Project,HY,WAT,1983,2
50128.0,Clear Lake Hydro Project,HY,WAT,1985,2
50127.0,Signal Hill Generating LLC,CT,NG,1987,80
50126.0,Ottauquechee Hydro,HY,WAT,1983,1
50123.0,Normanskill Hydro Project,HY,WAT,1983,1
50121.0,Valero Refinery Corpus Christi West,ST,PC,1983,75
50119.0,Phillips 66 Rodeo Refinery,GT,OG,1987,54
50118.0,Hal C Weaver Power Plant,CT,NG,1933,166
50115.0,US Borax,GT,NG,1984,48
50112.0,Sierra Pacific Quincy Facility,ST,WDS,1986,27
50111.0,Sierra Pacific Loyalton Facility,ST,WDS,1989,20
50110.0,Sierra Pacific Burney Facility,ST,WDS,1986,20
50109.0,Paris Energy Center,CT,NG,1989,264
50105.0,Ground Water Pumping Station,HY,WAT,1985,0
50103.0,China Mill Hydro,HY,WAT,1981,1
50101.0,WestRock (TX),ST,BLQ,1954,56
50099.0,Tamarack Energy Partnership,ST,WDS,1983,6
50094.0,Veolia Energy Trenton L.P.,IC,NG,1983,20
50093.0,Chateaugay High Falls Hydro,HY,WAT,1988,1
50091.0,Sheep Creek Hydro,HY,WAT,1986,1
50089.0,Univ of San Francisco Cogen,IC,NG,1987,1
50088.0,University of Northern Iowa,ST,BIT,1982,7
50087.0,Univ of Massachusetts Medical Center,ST,NG,1974,16
50083.0,Washington State University,ST,BIT,1963,2
50082.0,International Paper Livermore Hydro,HY,WAT,1910,7
50081.0,International Paper Riley Hydro,HY,WAT,1981,6
50080.0,Otis Hydro,HY,WAT,1985,10
50079.0,Goodyear Lake Plant,HY,WAT,1980,0
50077.0,Waste Energy Services,IC,LFG,1986,0
50076.0,Santa Felicia Dam,HY,WAT,1987,1
50074.0,Marcus Hook Refinery Cogen,GT,NG,1987,50
50071.0,Palm Beach Renewable Energy Facility 1,ST,MSW,1989,62
50067.0,Borger Plant,ST,BFG,1985,37
50066.0,Calistoga Power Plant,ST,GEO,1984,176
50064.0,Univ of Calif Santa Cruz Cogeneration,GT,NG,1985,6
50061.0,San Diego State University,CT,NG,1986,16
50060.0,Brown Station Road Plant I,IC,LFG,1987,0
50054.0,Rice University,GT,NG,1986,6
50051.0,Penobscot Energy Recovery,ST,MSW,1987,25
50049.0,Humboldt Sawmill Company,ST,WDS,1938,31
50047.0,International Paper Jay Hydro,HY,WAT,1912,0
50043.0,Houston Chemical Complex Battleground,CT,NG,1982,379
50041.0,Norton Powerhouse,ST,NG,1939,5
50039.0,Kline Township Cogen Facility,ST,WC,1989,59
50037.0,Rio Bravo Hydro Project,HY,WAT,1989,14
50036.0,New Martinsville Hannibal Hydro,HY,WAT,1988,36
50035.0,MMWAC Resource Recovery Facility,ST,MSW,1992,5
50034.0,Valley Falls Hydroelectric Facility,HY,WAT,1985,2
50031.0,Mt Ida Hydroelectric,HY,WAT,1992,2
50028.0,Plant 31 Paper Mill,ST,BLQ,1928,102
50026.0,Corpus Refinery,GT,NG,1988,47
50024.0,HGST San Jose Standby Generator,GT,DFO,1984,55
50011.0,Hawks Nest Hydro,HY,WAT,1936,100
50010.0,Glen Ferris Hydro,HY,WAT,1912,2
50006.0,Linden Cogen Plant,CT,NG,1992,972
50003.0,Chalk Cliff Limited,GT,NG,1990,46
50002.0,Pittsfield Generating LP,CT,NG,1990,173
50001.0,Altamont Midway Ltd,WT,WND,1984,10
10903.0,Lockport Powerhouse,HY,WAT,1908,32
10902.0,Victory Mills,HY,WAT,1986,1
10884.0,Olive View Medical Center,GT,NG,1987,4
10883.0,Medical Area Total Energy Plant,GT,NG,1980,95
10882.0,Hatchet Creek Project,HY,WAT,1986,6
10881.0,Roaring Creek Water Power,HY,WAT,1986,2
10880.0,Bidwell Ditch Project,HY,WAT,1987,1
10879.0,Salton Sea Power Gen Co - Unit 2,ST,GEO,1990,19
10878.0,Salton Sea Power Gen Co Unit 1,ST,GEO,1982,10
10875.0,Coso Energy Developers,ST,GEO,1988,90
10874.0,Coso Power Developers,ST,GEO,1989,90
10873.0,Coso Finance Partners,ST,GEO,1987,92
10872.0,Kings Falls Hydroelectric,HY,WAT,1988,1
10870.0,Hazelton,GT,NG,1989,171
10869.0,Biomass One LP,ST,WDS,1985,40
10867.0,Tate & Lyle Decatur Plant Cogen,ST,BIT,1989,64
10866.0,Archer Daniels Midland Peoria,GT,NG,1934,63
10865.0,Archer Daniels Midland Decatur,ST,BIT,1987,335
10864.0,Archer Daniels Midland Cedar Rapids,ST,SUB,1988,294
10863.0,Archer Daniels Midland Mankato,ST,SUB,1987,10
10862.0,Archer Daniels Midland Lincoln,ST,SUB,1988,7
10861.0,Archer Daniels Midland Des Moines,ST,SUB,1988,7
10860.0,Archer Daniels Midland Clinton,ST,SUB,1940,210
10859.0,Valdosta,ST,WDS,1985,2
10857.0,Archer Daniels Midland Fredonia,GT,NG,1986,3
10855.0,Cargill Corn Milling Division,ST,NG,1952,40
10853.0,Center Falls,HY,WAT,1984,0
10849.0,Silver Bay Power,ST,SUB,1955,131
10848.0,Walden,HY,WAT,1986,1
10840.0,Covanta Delano Energy,ST,WDS,1990,56
10839.0,DG Whitefield LLC,ST,WDS,1988,19
10838.0,Springfield Power LLC,ST,WDS,1987,20
10837.0,Covanta Mendota,ST,WDS,1989,28
10836.0,Woodland Biomass Power Ltd,ST,WDS,1989,28
10826.0,Winsor Dam Power Station,HY,WAT,1950,1
10825.0,Cosgrove Intake and Power Station,HY,WAT,1969,2
10824.0,Oakdale Power Station,HY,WAT,1951,3
10823.0,Deer Island Treatment Plant,GT,DFO,1989,83
10822.0,Grayling Generating Station,ST,WDS,1992,38
10819.0,Ada Cogeneration LP,CT,NG,1990,33
10817.0,Port Leyden Hydroelectric Project,HY,WAT,1985,0
10815.0,Difwind Farms Ltd VII,WT,WND,1987,24
10812.0,North Island Energy Facility,CT,NG,1989,40
10811.0,Naval Station Energy Facility,CT,NG,1989,54
10810.0,NTC/MCRD Energy Facility,CT,NG,1989,25
10809.0,Rock Creek II,HY,WAT,1990,1
10808.0,Low Line Rapids,HY,WAT,1990,2
10807.0,Dietrich Drop,HY,WAT,1990,4
10806.0,Crystal Springs,HY,WAT,1988,2
10805.0,Kenilworth Energy Facility,CT,NG,1989,28
10803.0,Ogdensburg Power,CT,NG,1993,97
10801.0,Ware Shoals Hydro Project,HY,WAT,1939,6
10800.0,Pelzer Lower,HY,WAT,1989,3
10799.0,Pelzer Upper,HY,WAT,1989,2
10798.0,Fries Hydroelectric Project,HY,WAT,1933,4
10796.0,Waynesboro Virginia Plant,ST,BIT,1929,12
10795.0,Camden South Carolina,ST,NG,1952,29
10793.0,Seaford Delaware Plant,ST,NG,1939,30
10790.0,Victoria Texas Plant,GT,NG,1987,102
10789.0,Sabine River Works,CT,NG,1948,609
10787.0,Piedmont Hydro Power Project,HY,WAT,1989,1
10784.0,Colstrip Energy LP,ST,WC,1990,46
10781.0,Koyle Ranch Hydroelectric Project,HY,WAT,1983,0
10777.0,HL Power,ST,WDS,1989,36
10776.0,E F Oxnard Energy Facility,GT,NG,1990,48
10774.0,Southampton Power Station,ST,WDS,1992,71
10773.0,Altavista Power Station,ST,WDS,1992,71
10772.0,Rio Bravo Rocklin,ST,WDS,1989,27
10771.0,Hopewell Power Station,ST,WDS,1992,71
10767.0,Rio Bravo Fresno,ST,WDS,1988,28
10766.0,Indeck West Enfield Energy Center,ST,WDS,1987,27
10765.0,Indeck Jonesboro Energy Center,ST,WDS,1987,27
10764.0,Blue Lake Power LLC,ST,WDS,1985,13
10763.0,Geo East Mesa III,ST,GEO,1989,29
10761.0,Las Vegas Generating Station,CT,NG,1994,354
10759.0,Salton Sea Power Gen Co - Unit 3,ST,GEO,1989,53
10755.0,Rifle Generating Station,CT,NG,1987,84
10753.0,Lachute Hydro Upper,HY,WAT,1987,5
10752.0,Lachute Hydro Lower,HY,WAT,1987,3
10751.0,Camden Plant Holding LLC,CT,NG,1993,156
10748.0,Marina Landfill Gas,IC,LFG,1994,5
10746.0,Covanta Delaware Valley,ST,MSW,1991,90
10745.0,Midland Cogeneration Venture,CT,NG,1989,1852
10743.0,Morgantown Energy Facility,ST,WC,1991,68
10741.0,Clear Lake Cogeneration Ltd,CT,NG,1985,452
10740.0,Magic Dam Hydroelectric Project,HY,WAT,1989,9
10739.0,Hoge Lumber,ST,WDS,1972,3
10737.0,Sprague Hydro,HY,WAT,1989,1
10735.0,Barber Dam,HY,WAT,1990,4
10733.0,Santa Maria Cogen Plant,GT,NG,1989,9
10728.0,Barker Lower,HY,WAT,1986,1
10726.0,Masspower,CT,NG,1993,260
10725.0,Selkirk Cogen,CT,NG,1992,445
10720.0,Kyocera America Project,IC,NG,2012,3
10718.0,Karen Avenue Wind Farm,WT,WND,1985,11
10709.0,Ponderosa Bailey Creek,HY,WAT,1990,1
10708.0,Lost Creek I,HY,WAT,1989,1
10707.0,Cove Hydroelectric,HY,WAT,1990,5
10706.0,Burney Creek,HY,WAT,1990,3
10700.0,Red Shield Envir Old Town Facility,ST,WDS,1946,43
10699.0,Georgia-Pacific Consr Prods LP-Naheola,ST,BLQ,1959,77
10698.0,Graphic Packaging,ST,NG,1959,11
10697.0,St Francisville Mill,GT,NG,1966,57
10694.0,Pepperell Hydro Power Plant,HY,WAT,1920,0
10693.0,Eastern Correctional Institute,IC,DFO,1987,4
10692.0,ExxonMobil Baytown Turbine,GT,NG,1989,378
10690.0,ExxonMobil Baton Rouge Turbine Generator,GT,NG,1990,85
10687.0,Black River Hydro Associates,HY,WAT,1984,4
10686.0,Rapids Energy Center,ST,WDS,1943,27
10685.0,Westend Facility,GT,NG,1969,20
10684.0,Argus Cogen Plant,ST,RC,1947,61
10682.0,Brush Generation Facility,CA,NG,1990,294
10678.0,AES Warrior Run Cogeneration Facility,ST,BIT,1999,229
10677.0,CES Placerita Power Plant,CT,NG,1988,150
10673.0,AES Hawaii,ST,SUB,1992,203
10671.0,AES Shady Point LLC,ST,RC,1990,350
10661.0,Collins Pine Project,ST,WDS,1985,12
10656.0,French Paper Hydro,HY,WAT,1921,0
10652.0,Burney Forest Products,ST,WDS,1989,31
10650.0,Badger Creek Limited,GT,NG,1991,46
10649.0,Bear Mountain Limited,GT,NG,1995,46
10648.0,Olinda Landfill Gas Recovery Plant,IC,LFG,1985,3
10646.0,Covanta Southeastern Connecticut Company,ST,MSW,1991,18
10643.0,Covanta Essex Company,ST,MSW,1990,68
10642.0,Covanta Hempstead,ST,MSW,1989,78
10641.0,Cambria Cogen,ST,WC,1991,98
10639.0,New Orleans,GT,NG,1984,30
10638.0,Pasadena,GT,NG,1985,6
10635.0,"Corona Energy Partners, Ltd",GT,NG,1988,47
10634.0,Elmore Company,ST,GEO,1988,45
10633.0,Hopewell Cogeneration,CT,NG,1990,399
10632.0,Del Ranch Company,ST,GEO,1988,45
10631.0,CE Leathers,ST,GEO,1989,45
10629.0,Wheelabrator Baltimore Refuse,ST,MSW,1984,64
10627.0,Pine Bluff Mill,ST,BLQ,1958,85
10623.0,Civic Center,CT,NG,1989,34
10621.0,CH Resources Syracuse,CT,NG,1994,102
10620.0,Carthage Energy LLC,CT,NG,1991,62
10617.0,CH Resources Beaver Falls,CT,NG,1995,107
10613.0,Domtar - Woodland Mill,ST,BLQ,1906,64
10612.0,Georgia-Pacific Port Hudson,ST,BLQ,1986,127
10611.0,Georgia-Pacific Palatka Operations,ST,BLQ,1956,102
10610.0,Georgia-Pacific Monticello Paper,ST,BLQ,1968,64
10608.0,Gilman Mill,ST,WDS,1941,7
10606.0,Georgia-Pacific Crossett LLC,ST,BLQ,1962,91
10605.0,Brunswick Cellulose,ST,BLQ,1954,72
10604.0,Hawaiian Comm & Sugar Puunene Mill,ST,AB,1960,62
10603.0,Ebensburg Power,ST,WC,1990,57
10601.0,Tesoro Wilmington Calciner,ST,WH,1982,34
10597.0,Ridgetop Energy LLC,WT,WND,1984,29
10593.0,Agrilectric Power Partners Ltd,ST,AB,1984,13
10586.0,Cameron Ridge LLC,WT,WND,1984,59
10570.0,Errol Hydroelectric Project,HY,WAT,1986,3
10568.0,Port Arthur Texas Refinery,GT,NG,1988,38
10567.0,Algonquin Windsor Locks,CT,NG,1990,71
10566.0,Chambers Cogeneration LP,ST,BIT,1994,285
10562.0,Fernandina Plant,ST,WDS,1939,54
10560.0,Jesup Plant,ST,BLQ,1954,81
10556.0,Boott Hydropower,HY,WAT,1985,21
10555.0,Brassua Hydroelectric Project,HY,WAT,1989,3
10554.0,Formosa Utility Venture Ltd,CT,NG,1987,685
10553.0,Anderson Power Products Division,IC,DFO,1987,0
10550.0,High Shoals Hydro (NC),HY,WAT,1934,1
10549.0,Al Turi,IC,LFG,1998,0
10548.0,San Jose Cogeneration,GT,NG,1984,6
10547.0,Pyrites Plant,HY,WAT,1949,7
10546.0,Beaver Valley Patterson Dam,HY,WAT,1982,0
10545.0,Copenhagen Plant,HY,WAT,1984,2
10544.0,Hailesboro 4 Plant,HY,WAT,1922,0
10540.0,Diamond Island Plant,HY,WAT,1914,0
10539.0,Theresa Plant,HY,WAT,1927,1
10538.0,Dexter Plant,HY,WAT,1931,2
10532.0,Granger Electric Generating Station #2,IC,LFG,1991,0
10531.0,Beebee Island Hydro Plant,HY,WAT,1931,9
10530.0,Feeder Dam Hydro Plant,HY,WAT,1924,5
10526.0,Dodge Falls Associates,HY,WAT,1990,5
10525.0,Craven County Wood Energy LP,ST,WDS,1990,50
10523.0,Benton Falls Associates,HY,WAT,1987,3
10521.0,Lederle Laboratories,CT,NG,1990,22
10520.0,Dayton Hydro,HY,WAT,1925,3
10519.0,Milton Hydro,HY,WAT,1914,0
10511.0,Finch Paper,ST,WDL,1987,29
10504.0,Amalgamated Sugar Twin Falls,ST,BIT,1948,9
10503.0,Wheelabrator Hudson Falls,ST,MSW,1991,14
10502.0,Thermal Energy Development Part LP,ST,WDS,1990,23
10501.0,Mid-Set Cogeneration,GT,NG,1989,39
10496.0,Kern River Cogeneration,GT,NG,1985,300
10495.0,Rumford Cogeneration,ST,BLQ,1990,102
10494.0,Sheldon Springs Hydroelectric,HY,WAT,1988,23
10493.0,Rumford Falls Hydro Facility,HY,WAT,1918,42
10491.0,Mead Rumford Cogen,ST,NG,1954,12
10490.0,Upper Beaver Falls Project,HY,WAT,1985,1
10488.0,DeRidder Mill,ST,BLQ,1969,61
10487.0,International Falls Power,HY,WAT,1924,12
10486.0,Boise Cascade International Falls,ST,BLQ,1927,80
10481.0,Mammoth Pacific II,BT,GEO,1990,30
10480.0,Mammoth Pacific I,BT,GEO,1984,10
10479.0,Ples I,BT,GEO,1990,15
10478.0,Pitchess Cogen Station,CT,NG,1988,27
10477.0,Wisconsin Rapids Pulp Mill,ST,BLQ,1968,72
10476.0,Whiting Mill,ST,SUB,1951,4
10475.0,Expander Turbine,OT,BFG,1981,20
10474.0,4 AC Station,ST,BIT,1963,134
10473.0,Palos Verdes Gas to Energy,ST,LFG,1988,13
10472.0,Puente Hills Energy Recovery,ST,LFG,1984,61
10471.0,Spadra Landfill Gas to Energy,ST,LFG,1990,10
10469.0,Bear Canyon Power Plant,ST,GEO,1988,24
10467.0,Fourth Branch Hydroelectric Facility,HY,WAT,1987,3
10466.0,Wisconsin Rapids Paper Mill,ST,PUR,1928,20
10464.0,ReEnergy Black River,ST,WDS,1989,55
10458.0,Muck Valley Hydroelectric,HY,WAT,1988,29
10453.0,LAC Courte Oreilles Hydroelect,HY,WAT,1986,2
10446.0,SEGS IX,ST,SUN,1990,92
10444.0,SEGS VIII,ST,SUN,1989,92
10443.0,SEGS VII,ST,SUN,1988,35
10442.0,SEGS VI,ST,SUN,1988,35
10441.0,SEGS V,ST,SUN,1987,34
10440.0,SEGS IV,ST,SUN,1986,34
10439.0,SEGS III,ST,SUN,1986,34
10438.0,Sunray 3,ST,SUN,1985,43
10437.0,Sunray 2,PV,SUN,1984,33
10436.0,ExxonMobil Baytown Refinery,GT,NG,1950,228
10435.0,Camden Resource Recovery Facility,ST,MSW,1991,34
10434.0,Mosaic New Wales Operations,ST,WH,1981,135
10431.0,Anheuser-Busch Jacksonville,GT,NG,1987,8
10430.0,Anheuser-Busch St Louis,ST,NG,1939,26
10427.0,New-Indy Ontario Mill,GT,NG,1985,34
10426.0,Inland Paperboard Packaging Rome,ST,BLQ,1954,77
10425.0,International Paper - Orange,ST,BLQ,1967,48
10424.0,Gross Hydro Plant,HY,WAT,2007,7
10423.0,North Fork Hydro Plant,HY,WAT,1988,5
10422.0,Williams Fork Hydro Plant,HY,WAT,1959,3
10421.0,Dillon Hydro Plant,HY,WAT,1987,1
10418.0,Ascend Performance Materials Texas Inc.,ST,OG,1990,55
10417.0,Indian Orchard Plant 1,ST,NG,1985,5
10416.0,Pensacola Florida Plant,GT,NG,1953,102
10413.0,Wainiha Hydro,HY,WAT,1906,2
10412.0,Kalaheo Hydro,HY,WAT,1928,3
10408.0,Clark University,IC,NG,1981,4
10405.0,Kingsburg Cogen,CT,NG,1990,36
10398.0,Arcelormittal Cleveland Inc,ST,BFG,1950,68
10397.0,ArcelorMittal Indiana Harbor West,ST,BFG,1939,151
10395.0,GRS Coyote Canyon,ST,LFG,1989,20
10392.0,GRS American Canyon,IC,LFG,1985,0
10388.0,GRS Newby I,IC,LFG,1984,0
10387.0,Sycamore Energy 1,GT,LFG,1989,5
10384.0,Edgecombe Genco LLC,ST,BIT,1990,114
10382.0,Lumberton,ST,WDS,1985,34
10380.0,Elizabethtown Power LLC,ST,BIT,1985,34
10379.0,CPI USA NC Roxboro,ST,WDS,1987,67
10378.0,CPI USA NC Southport,ST,WDS,1987,134
10377.0,James River Genco LLC,ST,BIT,1988,114
10362.0,Muskogee Mill,ST,SUB,1979,113
10361.0,Savannah River Mill,ST,PC,1986,140
10360.0,Consumer Operations LLC,ST,NG,1929,161
10356.0,ReEnergy Ashland,ST,WDS,1993,39
10354.0,ReEnergy Livermore Falls,ST,WDS,1992,39
10350.0,Greenleaf 1 Power Plant,CT,NG,1989,66
10349.0,Greenleaf 2 Power Plant,GT,NG,1989,49
10346.0,Hillman Power LLC,ST,WDS,1987,20
10343.0,Foster Wheeler Mt Carmel Cogen,ST,WC,1990,47
10342.0,Foster Wheeler Martinez,CT,NG,1987,113
10339.0,Southside Water Reclamation Plant,IC,NG,1987,6
10334.0,H Power,ST,MSW,1989,96
10333.0,Florida Power Development,ST,OBS,1988,125
10328.0,T B Simon Power Plant,ST,NG,1965,98
10325.0,Mink Creek Hydro,HY,WAT,1986,3
10324.0,Peters Drive Plant,HY,WAT,1987,1
10323.0,Copper Dam Plant,HY,WAT,1986,5
10320.0,Enka,ST,BIT,1937,16
10319.0,Geismar,GT,NG,1985,83
10308.0,Sayreville Cogeneration Facility,CT,NG,1991,429
10307.0,Bellingham Cogeneration Facility,CT,NG,1991,384
10305.0,Dutchess Cnty Resource Recovery Facility,ST,MSW,1987,9
10302.0,Juniata Locomotive Shop,ST,BIT,1955,5
10301.0,Louisiana Sugar Refining,ST,NG,1930,5
10300.0,Desert View Power,ST,WDS,1991,55
10298.0,Bayou Cogen Plant,GT,NG,1984,535
10296.0,South Forks Hydro,HY,WAT,1984,8
10294.0,King City Power Plant,CT,NG,1989,132
10290.0,Bridgewater Power LP,ST,WDS,1987,20
10288.0,Big Valley Power LLC,ST,WDS,1983,9
10287.0,Beowawe Power,ST,GEO,1985,20
10286.0,Cornell Hydro,HY,WAT,1981,1
10285.0,Townsend Hydro,HY,WAT,1987,4
10282.0,Big Creek Water Works,HY,WAT,1987,5
10280.0,Central Plant,IC,DFO,1978,7
10279.0,Kansas River Project,HY,WAT,1920,4
10276.0,Clement Dam Hydro LLC,HY,WAT,1984,2
10275.0,Florida's Natural Growers,GT,NG,1989,10
10262.0,California Institute of Technology,CT,NG,1982,22
10261.0,Enterprise Products Operating,GT,NG,1984,22
10258.0,Haw River Hydro,HY,WAT,1981,1
10255.0,West Enfield Hydro,HY,WAT,1988,12
10253.0,Haypress,HY,WAT,1988,10
10252.0,Domtar Kingsport Mill,ST,BLQ,1937,73
10250.0,Bay County Waste to Energy,ST,MSW,1987,13
10245.0,ArcelorMittal Burns Harbor,ST,BFG,1969,176
10244.0,P H Glatfelter Co -Chillicothe Facility,ST,BLQ,1952,92
10243.0,Ticona Polymers Inc,GT,NG,1982,55
10238.0,Dolgeville Hydro,HY,WAT,1985,5
10237.0,Diana Hydroelectric,HY,WAT,1985,1
10234.0,Biron Mill,ST,NG,1947,60
10233.0,Leaf River Cellulose LLC,ST,BLQ,1984,50
10224.0,Merck Rahway Power Plant,ST,NG,1968,24
10222.0,Tulare Success Power Project,HY,WAT,1989,1
10221.0,New York State Dam Hydro,HY,WAT,1990,10
10220.0,Sissonville Hydro,HY,WAT,1990,3
10219.0,Middle Falls Hydro,HY,WAT,1989,2
10218.0,Warrensburg Hydroelectric,HY,WAT,1988,2
10216.0,Alabama River Pulp,ST,BLQ,1978,48
10215.0,Snowbird Power Plant,IC,NG,1986,0
10214.0,Lower Saranac Hydroelectric Facility,HY,WAT,1990,6
10213.0,El Segundo Cogen,CT,NG,1975,180
10211.0,2 AC Station,ST,BFG,1926,82
10208.0,Escanaba Mill,ST,BLQ,1969,121
10206.0,Loma Linda University Cogen,GT,NG,1980,12
10205.0,Mosaic Co Greenbay,ST,OTH,1990,38
10204.0,Mosaic Co Tampa Facility,ST,WH,1988,77
10203.0,Valero Refinery Corpus Christi East,GT,NG,1984,40
10202.0,Fernandina Beach Mill,ST,BLQ,1963,105
10199.0,West Ford Flat Power Plant,ST,GEO,1988,38
10198.0,Mosaic Phosphates Uncle Sam,ST,WH,1968,37
10197.0,Philadlephia,HY,WAT,1986,3
10196.0,Moose River,HY,WAT,1987,12
10195.0,CF Industries Yazoo City Complex,GT,NG,1984,25
10194.0,Hawaii Cogen,GT,OG,1990,12
10191.0,Tehachapi Wind Resource I,WT,WND,1984,8
10190.0,Castleton Energy Center,CT,NG,1992,72
10188.0,Cutrale Citrus Juices USA II,GT,NG,1982,23
10187.0,Engineered Carbons Echo Cogeneration,ST,OG,1985,10
10186.0,Anson Abenaki Hydros,HY,WAT,1950,26
10184.0,Central Utility Plant,CT,NG,1988,14
10183.0,Mine Falls Generating Station,HY,WAT,1985,2
10181.0,Metropolitan Sewerage District,HY,WAT,1988,0
10180.0,Metro Wastewater Reclamation District,IC,OBG,1985,14
10176.0,M Street Jet,GT,KER,1979,69
10175.0,Childrens Hospital,IC,DFO,1983,8
10173.0,Cherokee Falls,HY,WAT,1985,4
10169.0,Carson Cogeneration,CT,NG,1989,55
10167.0,Seadrift Coke LP,ST,PC,1983,7
10162.0,Whitewater Hydro Plant,HY,WAT,1986,1
10156.0,Fresno Cogen Partners,CT,NG,1990,104
10155.0,Brasfield,HY,WAT,1993,2
10154.0,Power Island,GT,NG,1985,41
10152.0,Warrior Ridge Hydro,HY,WAT,1985,0
10151.0,Grant Town Power Plant,ST,WC,1992,95
10149.0,Decorative Panels Intl,ST,NG,1957,7
10148.0,White Pine Electric Power,ST,NG,1954,60
10144.0,Sierra Pacific Lincoln Facility,ST,WDS,1997,31
10143.0,Colver Power Project,ST,WC,1995,118
10140.0,Birch Creek Power,HY,WAT,1986,2
10139.0,Isabella Hydro Project,HY,WAT,1990,10
10138.0,South Dry Creek Hydro,HY,WAT,1985,2
10137.0,Deweys Mill,HY,WAT,1989,2
10129.0,Indiana University of Pennsylvania,IC,NG,1988,24
10128.0,Gosselin Hydro Plant,HY,WAT,1983,2
10124.0,Hollow Dam Power Partnership,HY,WAT,1987,0
10123.0,Hoffmann LaRoche,GT,NG,1987,22
10122.0,CIP II/AR Bridgewater Holdings - NJCOE,GT,NG,1993,8
10121.0,High Shoals Hydro (GA),HY,WAT,1988,1
10120.0,PInova Inc,ST,WDS,1980,9
10118.0,Harrisburg Facility,ST,MSW,1986,32
10116.0,Hampshire Paper,HY,WAT,1987,3
10115.0,Grossmont Hospital,GT,NG,1983,4
10113.0,John B Rich Memorial Power Station,ST,WC,1988,88
10110.0,Frito-Lay Cogen Plant,GT,NG,1986,6
10109.0,Franklin Industrial Complex,HY,WAT,1982,1
10108.0,Hampton Facility,GT,NG,1978,5
10099.0,Pedricktown Cogeneration Company LP,CT,NG,1992,134
10093.0,Tesoro Hawaii,GT,WO,1982,20
10091.0,Total Energy Facilities,CT,OBG,1986,53
10090.0,Commerce Refuse To Energy,ST,MSW,1986,12
10081.0,Strontia Springs Hydro Plant,HY,WAT,1986,1
10075.0,Taconite Harbor Energy Center,ST,SUB,1957,252
10074.0,Pulp Mill Power House,ST,BLQ,1965,20
10072.0,Engineered Carbons Borger Cogen,ST,OG,1982,20
10070.0,Foothills Hydro Plant,HY,WAT,1985,3
10066.0,Lockwood Hydroelectric Facility,HY,WAT,1985,2
10063.0,Derby Hydro,HY,WAT,1989,8
10062.0,Miami Dade County Resource Recovery Fac,ST,MSW,1981,76
10061.0,"Mars Wrigley Confectionery US, LLC",CT,NG,1984,9
10059.0,General Electric Great Falls Upper Hydro,HY,WAT,1984,1
10058.0,General Electric Diesel Engine Plant,IC,DFO,1984,4
10052.0,Fairhaven Power,ST,WDS,1986,18
10051.0,Lockville Hydropower,HY,WAT,1985,0
10050.0,Fourche Creek Wastewater,IC,OBG,1983,1
10049.0,Little Mac Project,HY,WAT,1984,0
10048.0,Central Utilities Plant LAX,GT,NG,1985,8
10043.0,Logan Generating Company LP,ST,BIT,1994,242
10042.0,Kaweah Delta District Hospital,GT,NG,1984,3
10036.0,Hillsborough Hosiery,HY,WAT,1989,0
10034.0,Gilroy Power Plant,CT,NG,1987,130
10033.0,Greater Detroit Resource Recovery,ST,MSW,1988,68
10030.0,NRG Energy Center Dover,CT,NG,1985,118
10029.0,General Electric Aircraft Engines,ST,NG,1948,55
10028.0,Felt Hydroelectric Plant,HY,WAT,1985,5
10027.0,Windpark Unlimited 1,WT,WND,1985,9
10026.0,Encina Water Pollution Control,IC,NG,1984,0
10025.0,"RED-Rochester, LLC",ST,BIT,1937,204
10020.0,Cutrale Citrus Juices USA I,GT,NG,1987,11
10018.0,Desert Peak Power Plant,BT,GEO,1985,37
10017.0,WestRock-West Point Mill,ST,BLQ,1954,101
10014.0,Lucky Peak Power Plant Project,HY,WAT,1988,101
10013.0,Covanta Hennepin Energy,ST,MSW,1989,39
10012.0,Covanta Warren Energy,ST,MSW,1988,13
10008.0,Baptist Medical Center,GT,NG,1972,10
10005.0,Dinosaur Point,WT,WND,1988,17
10004.0,Mosaic South Pierce Operations,ST,WH,1978,45
10003.0,Colorado Energy Nations Company,ST,NG,1976,34
9864.0,Cabot Holyoke,ST,NG,1893,26
9842.0,Newhalem,HY,WAT,1970,2
9674.0,Nine Springs,GT,NG,1964,16
9096.0,Upper Falls,HY,WAT,1922,10
9095.0,Monroe Street,HY,WAT,1992,14
9038.0,Cherry Street,IC,DFO,1951,19
8907.0,Indian Point 3,ST,NUC,1976,1012
8906.0,Astoria Generating Station,ST,NG,1954,1345
8902.0,Hoover Dam (AZ),HY,WAT,1936,1038
8227.0,Glen Gardner,GT,NG,1971,159
8226.0,Cheswick Power Plant,ST,BIT,1970,637
8225.0,Seneca Generation LLC,PS,WAT,1970,469
8224.0,North Valmy,ST,SUB,1981,566
8223.0,Springerville,ST,SUB,1985,2176
8222.0,Coyote,ST,LIG,1981,450
8219.0,Ray D Nixon,ST,SUB,1980,281
8110.0,Stanberry,IC,NG,1945,3
8108.0,Hopkinton,IC,DFO,1973,5
8106.0,Tipton,IC,DFO,1955,9
8105.0,Halstad,IC,DFO,1940,4
8102.0,"Gavin Power, LLC",ST,RC,1974,2600
8100.0,Springfield (CO),IC,DFO,1950,1
8083.0,Keahole,CT,DFO,1974,93
8076.0,Ellwood,GT,NG,1974,58
8073.0,Beaver,CT,NG,1974,608
8069.0,Huntington,ST,BIT,1974,1037
8068.0,Santan,CT,NG,1974,1321
8067.0,Fort Lupton,GT,NG,1972,100
8066.0,Jim Bridger,ST,SUB,1974,2441
8063.0,DeCordova Steam Electric Station,ST,NG,1975,1155
8059.0,Comanche (OK),CT,NG,1962,294
8057.0,Superior Generation Energy Center,GT,NG,9999,170
8056.0,Waterford 1 & 2,ST,NG,1975,931
8055.0,Arkansas Nuclear One,ST,NUC,1974,1844
8054.0,Gerald Andrus,ST,NG,1975,781
8053.0,Pouch,GT,NG,2001,47
8050.0,Juneau,GT,DFO,2003,16
8049.0,Intercession City,GT,NG,1974,1190
8048.0,Anclote,ST,NG,1974,1112
8042.0,Belews Creek,ST,BIT,1974,2490
8037.0,Clifton,GT,NG,1974,87
8036.0,Cooper Nuclear Station,ST,NUC,1974,801
8034.0,Yankton,IC,NG,1963,12
8031.0,Emery Station,CT,NG,2004,602
8030.0,Barber Creek,GT,NG,2002,21
8029.0,Sycamore (IA),GT,NG,1974,156
8028.0,Arvada,GT,NG,2002,21
8027.0,Blue Lake,GT,NG,1974,556
8026.0,Hartzog,GT,NG,2002,21
8025.0,Montgomery,GT,DFO,1974,28
8023.0,Columbia (WI),ST,RC,1975,1112
8022.0,Boulder Park,IC,NG,2002,24
8021.0,Diesel Generator Farm,IC,DFO,2001,31
8020.0,Baldwin City Plant No 2,IC,DFO,2004,6
8019.0,Portage,GT,DFO,1973,22
8017.0,Gallatin #2,IC,DFO,2001,2
8016.0,Factory,GT,DFO,1973,26
8015.0,Paragould Reciprocating,IC,NG,2001,18
8014.0,Co Rd 33,IC,DFO,9999,4
8013.0,Winter,IC,DFO,2002,4
8012.0,Croydon CT Generating Station,GT,DFO,1974,544
8011.0,Three Mile Island,ST,NUC,1974,980
8010.0,Murray Turbine,GT,NG,2001,42
8009.0,Auburn State Street,GT,NG,2000,7
8008.0,Mickleton Station,GT,NG,1974,71
8007.0,Holtsville,GT,KER,1974,560
8006.0,Roseton Generating Facility,ST,NG,1974,1242
8005.0,Bear Swamp,PS,WAT,1974,600
8004.0,Fife Brook,HY,WAT,1974,11
8002.0,Newington,ST,NG,1974,414
8000.0,Beatrice,CT,NG,2005,245
7999.0,Grays Harbor Energy Facility,CT,NG,2008,696
7998.0,Tri Cities,IC,LFG,2001,5
7997.0,Winston,IC,DFO,2001,40
7995.0,Airport Industrial,IC,DFO,2002,8
7994.0,Randolph Road,IC,DFO,2001,20
7991.0,West Campus Cogeneration Facility,CT,NG,2005,169
7990.0,Altamont,IC,DFO,2002,4
7989.0,Sylvarena,GT,NG,2003,141
7988.0,Silver Creek,GT,NG,2003,249
7987.0,Lake One,GT,NG,2002,60
7985.0,Greater Des Moines,CT,NG,2003,575
7984.0,Kalkaska CT #1,GT,NG,2002,60
7982.0,South Generation,IC,DFO,2003,6
7981.0,Mill Creek (SC),GT,NG,2002,792
7977.0,Granite Falls 2,IC,DFO,2003,6
7976.0,Mulvane 2,IC,DFO,2003,9
7975.0,Pyramid,GT,NG,2003,184
7974.0,Chamberlain Wind Project,WT,WND,2001,2
7973.0,Sharpe,IC,DFO,2002,20
7972.0,Sumpter,GT,NG,2002,340
7971.0,Pella Peaking,IC,DFO,2001,32
7970.0,State St Generating,IC,DFO,2001,9
7968.0,W R Clayton Plant,GT,NG,9999,513
7967.0,Lordsburg Generating,GT,NG,2002,88
7966.0,Iowa Distributed Wind Generation Project,WT,WND,2000,2
7965.0,Salt Valley Wind Plant,WT,WND,1998,0
7964.0,Peno Creek,GT,NG,2002,240
7963.0,South West Landfill,IC,LFG,2003,0
7962.0,Warren F Sam Beasley Generation Station,GT,NG,2002,96
7960.0,Kemper County,GT,NG,2002,372
7958.0,Horry Land Fill Gas Site,IC,LFG,2001,4
7957.0,Sediver,CT,NG,2003,522
7956.0,Future CT,GT,NG,9999,56
7955.0,Elk City Station,IC,LFG,2002,0
7954.0,Field Street,GT,DFO,2001,48
7953.0,Evander Andrews Power Complex,GT,NG,2001,269
7950.0,Franklin (TN),CC,NG,9999,510
7948.0,Lawrence County Station,GT,NG,2005,402
7947.0,Solway CT,GT,NG,2003,51
7946.0,Wansley Unit 9,CT,NG,2004,592
7942.0,Diamond Valley Lake,HY,WAT,2001,36
7941.0,Nottoway Diesel Generating Facility,IC,DFO,2002,4
7940.0,Ponton Diesel Generating Facility,IC,DFO,2002,4
7937.0,Ponnequin,WT,WND,1999,25
7936.0,Nine Canyon,WT,WND,2002,95
7935.0,Trenton South,IC,DFO,2000,14
7934.0,Industrial Park,IC,DFO,2001,9
7932.0,Gaylord - Wolverine,GT,NG,2001,69
7931.0,Coyote Springs II,CT,NG,2003,287
7930.0,Russell Energy Center,GT,NG,2002,14
7929.0,West Gardner,GT,NG,2003,364
7928.0,Osawatomie,GT,NG,2003,727
7927.0,Buffalo Mountain,WT,WND,2000,0
7926.0,South Strawberry,IC,DFO,2002,2
7925.0,Lakefield Junction,GT,NG,2001,536
7924.0,Albertville,IC,DFO,2000,4
7922.0,Brooklyn City North Plant,IC,DFO,2002,2
7921.0,Maquoketa 2,IC,DFO,2001,8
7920.0,Traer South,IC,DFO,2001,2
7919.0,Seville,IC,DFO,2001,3
7918.0,Galion,IC,DFO,2001,3
7917.0,Chattahoochee Energy Facility,CT,NG,2003,539
7916.0,Talbot County Energy,GT,NG,2002,726
7915.0,North 1st,GT,NG,2001,47
7914.0,Harlem River Yard,GT,NG,2001,94
7913.0,Hell Gate,GT,NG,2001,94
7912.0,Brentwood,GT,NG,2001,47
7911.0,Kern Canyon,HY,WAT,1921,9
7910.0,Joseph J Seymour Power Project,GT,NG,2001,94
7909.0,Vernon Boulevard,GT,NG,2001,94
7907.0,Pine Flat,HY,WAT,1984,165
7903.0,McCartney,GT,NG,2002,116
7902.0,Pirkey,ST,LIG,1985,721
7901.0,Byron,WT,WND,1999,0
7900.0,Sand Hill,GT,NG,2001,694
7898.0,New Knoxville,IC,DFO,2000,1
7897.0,E B Harris Electric Generating Plant,CC,NG,2003,2534
7894.0,Unknown,GT,NG,9999,1468
7893.0,Midway,CC,NG,9999,1287
7890.0,Unnamed,CC,NG,9999,1159
7889.0,NA 1,GT,NG,9999,195
7887.0,Terry Bundy Generating Station,CT,NG,2003,212
7886.0,Wind Turbine,WT,WND,1999,11
7884.0,Dakota Magic,IC,DFO,2000,1
7883.0,Powell Valley,IC,DFO,2000,22
7882.0,Glenmore Turbines,WT,WND,1998,1
7881.0,MEAG3,CT,NG,9999,170
7880.0,MEAG2,CT,NG,9999,170
7879.0,MEAG1,CT,NG,9999,170
7878.0,Wellington,IC,DFO,1998,1
7877.0,APC3,CC,NG,9999,200
7876.0,APC2,CT,NG,9999,300
7875.0,MPC1,GT,NG,9999,360
7874.0,Edgerton,IC,DFO,2000,2
7873.0,H L Culbreath Bayside Power Station,CT,NG,1965,2785
7872.0,Robert P Mone Plant,GT,NG,2002,594
7870.0,Encogen,CT,NG,1993,175
7869.0,Glenwood Landing,GT,NG,1967,122
7867.0,Snoqualmie 2,HY,WAT,1910,47
7865.0,Earlville,IC,DFO,2001,1
7863.0,Elk Mound,GT,NG,2001,140
7862.0,Power Creek,HY,WAT,2001,6
7860.0,Shelbina Power #3,IC,DFO,2002,2
7858.0,MEPI GT Facility,GT,NG,1974,300
7857.0,Gilliam South,IC,DFO,2001,3
7856.0,North,IC,DFO,2002,6
7855.0,Moorhead Wind Turbine,WT,WND,1999,0
7854.0,Avenue A Generator Sets,IC,DFO,2000,2
7853.0,West Receiving,IC,DFO,1998,2
7851.0,Waterloo Lundquist,IC,DFO,2000,18
7850.0,Shenandoah,IC,DFO,2000,20
7849.0,Knoxville Industrial,IC,DFO,2000,16
7848.0,Holden,GT,NG,2002,321
7847.0,Coon Rapids II,IC,DFO,2001,3
7846.0,Brandy Branch,CT,NG,2001,783
7845.0,Lagoon Creek,GT,NG,2001,1619
7844.0,Minnesota River,GT,NG,2001,49
7843.0,Pleasant Valley (MN),GT,NG,2001,466
7842.0,Freedom Power Project,GT,NG,2000,71
7841.0,Valdez Cogen,GT,WO,2000,5
7839.0,Ladysmith,GT,NG,2001,890
7838.0,Remington,GT,NG,2000,704
7837.0,Louisa Generation Facility,GT,NG,2003,507
7836.0,Marsh Run Generation Facility,GT,NG,2004,708
7835.0,Essential Power Rock Springs LLC,GT,NG,2003,770
7834.0,John S Rainey,GT,NG,2001,1632
7832.0,Roosevelt Biogas 1,CT,LFG,1999,38
7831.0,Beaver Island,IC,DFO,2000,2
7829.0,Smarr Energy Center,GT,NG,1999,242
7828.0,Shelby South,IC,DFO,2000,1
7827.0,Shelby North,IC,DFO,2000,1
7826.0,Rowan,GT,NG,2001,1190
7825.0,Fulton (AR),GT,NG,2001,154
7824.0,Rockwood,GT,DFO,1979,48
7822.0,Kaukauna City Hydro,HY,WAT,1940,4
7821.0,Big Quinnesec 61,HY,WAT,1914,4
7820.0,Big Quinnesec 92,HY,WAT,1949,16
7818.0,Alsey,GT,NG,1999,173
7814.0,Webb Forging,IC,DFO,2003,4
7813.0,Sewell Creek Energy,GT,NG,2000,570
7810.0,Argyle,IC,DFO,1929,4
7807.0,Hamilton Hydro,HY,WAT,1994,2
7806.0,Pine Street,IC,NG,1969,6
7805.0,Sherwood H Smith Jr Energy Complex,GT,NG,2001,2241
7799.0,West Marinette 34,GT,NG,2000,83
7798.0,Gateway Gen,IC,DFO,1996,2
7797.0,Dominion/Lo Mar,GT,DFO,1997,19
7795.0,Custer Energy Center,GT,NG,1999,24
7791.0,Montpelier,IC,DFO,2000,6
7790.0,Bonanza,ST,BIT,1986,609
7789.0,Abiquiu Dam,HY,WAT,1989,15
7784.0,Allegany Cogen,CT,NG,1994,67
7783.0,Bowling Green Peaking,GT,NG,2000,32
7782.0,Hamilton Peaking,GT,NG,2000,32
7781.0,Arcanum Peaking,IC,DFO,1999,1
7780.0,Jackson Cntr Peaking,IC,DFO,1999,1
7779.0,Bryan Peaking,IC,DFO,1999,6
7778.0,Orrville Peaking,IC,DFO,1999,3
7777.0,Dover Peaking,IC,DFO,1999,6
7776.0,Napoleon Peaking,IC,DFO,1999,3
7775.0,Versailles Peaking,IC,DFO,1999,3
7774.0,Cleveland Peaking,IC,DFO,2000,6
7771.0,Springview,WT,WND,1998,2
7770.0,1515 S Caron Road,GT,NG,2000,4
7769.0,Lalamilo Windfarm,WT,WND,1985,1
7768.0,Sowega Power,GT,NG,1999,98
7767.0,Bloomington Power Plant,IC,DFO,1999,7
7766.0,Erie Energy Center,IC,DFO,1999,16
7764.0,MPC Generating,GT,NG,2000,385
7763.0,Henry County,GT,NG,2001,180
7760.0,Tilton,GT,NG,1999,188
7759.0,Georgetown,GT,NG,2000,340
7758.0,South Plant,IC,DFO,2000,12
7757.0,Chouteau,CT,NG,2000,1068
7754.0,Nodaway,GT,NG,1999,314
7752.0,Black Bear Lake,HY,WAT,1995,4
7751.0,Goat Lake Hydro,HY,WAT,1997,4
7749.0,Essex,GT,NG,1999,229
7744.0,Unsited,CC,NG,9999,896
7738.0,Unknown,GT,DFO,9999,1560
7737.0,Kapstone,ST,WDS,1999,99
7732.0,Turbine,GT,NG,9999,121
7730.0,SECC,IC,DFO,1998,1
7728.0,Future Gen Plant 2,CC,NG,9999,612
7727.0,Future Gen Plant 1,CC,NG,9999,211
7725.0,Coffin Butte,IC,LFG,1995,2
7723.0,Nymans Plant Microgrid,IC,DFO,1994,9
7722.0,Watts Bar Nuclear Plant,ST,NUC,1996,2538
7721.0,Theodore Cogen Facility,CT,NG,2000,317
7719.0,Meridian,IC,DFO,1998,5
7715.0,Pea Ridge,GT,NG,1998,12
7714.0,GPC6,CC,NG,9999,570
7713.0,GPC5,GT,NG,9999,930
7712.0,GPC4,GT,NG,9999,570
7711.0,GPC3,CC,NG,9999,660
7710.0,H Allen Franklin Combined Cycle,CT,NG,2002,2680
7709.0,Dahlberg,GT,NG,2000,910
7708.0,APC1,CC,NG,9999,270
7706.0,Agency GT,GT,NG,1990,76
7705.0,Girvin Landfill,IC,LFG,1997,3
7701.0,Fairless Hills,ST,LFG,1996,60
7699.0,Tiger Bay,CT,NG,1997,277
7698.0,General Electric Plastic,CT,NG,1999,96
7697.0,Washington County Cogeneration Facility,CT,NG,1999,121
7693.0,Anaheim GT,GT,NG,1991,49
7690.0,Pennsbury,GT,LFG,1996,6
7678.0,Celanese,ST,PUR,1964,50
7657.0,Auglaize Hydro,HY,WAT,1986,1
7646.0,Monticello Dam,HY,WAT,1983,11
7627.0,Everett Cogen,ST,WDS,1996,42
7605.0,River Road Gen Plant,CS,NG,1997,248
7604.0,St Francis Energy Facility,CS,NG,1999,506
7603.0,Prospect Municipal,IC,DFO,1998,1
7602.0,Oneida Casino,IC,DFO,1996,4
7595.0,Red Cedar,GT,NG,1996,22
7594.0,Belleville Dam,HY,WAT,1999,42
7593.0,El Vado Dam,HY,WAT,1988,8
7588.0,H M Jackson,HY,WAT,1984,110
7584.0,Panora,IC,DFO,1988,4
7583.0,Talcville,HY,WAT,1986,1
7580.0,Wadsworth,IC,DFO,1990,5
7579.0,Niles,IC,DFO,1990,5
7578.0,Napoleon,IC,DFO,1990,3
7577.0,Jackson (OH),IC,DFO,1990,3
7576.0,Engle,IC,DFO,1989,9
7575.0,Bowling Green,IC,DFO,1993,8
7556.0,State Farm,IC,DFO,1996,3
7555.0,Nebraska City # 2,IC,NG,1998,12
7552.0,SPA Cogen 3,CT,NG,1997,173
7551.0,SCA Cogen 2,CT,NG,1997,191
7549.0,Milwaukee County,ST,SUB,1996,11
7548.0,Causey,HY,WAT,1998,1
7546.0,Ponca City,GT,NG,1966,133
7545.0,Kaw Hydro,HY,WAT,1989,37
7541.0,Spirit Mountain,HY,WAT,1994,4
7539.0,NA 1 (NC),CC,NG,9999,3132
7538.0,Wayne County,GT,NG,2000,978
7537.0,North Branch (WV),ST,WC,1992,80
7527.0,Carson Ice-Gen Project,CT,NG,1995,125
7526.0,Solano Wind,WT,WND,1994,228
7515.0,McPherson 3,GT,NG,1998,115
7513.0,ReEnergy Fort Fairfield,ST,WDS,1987,37
7512.0,Arthur Von Rosenberg,CT,NG,2000,574
7511.0,McNary Dam Fish Attraction Project,HY,WAT,1997,10
7508.0,Stone Creek,HY,WAT,1994,12
7507.0,Deadwood Creek,HY,WAT,1993,2
7505.0,Fergus Control Ctr,IC,DFO,1995,2
7504.0,Neil Simpson II,ST,SUB,1995,130
7503.0,Unalaska Power Module,IC,DFO,1993,1
7502.0,Dutch Harbor,IC,DFO,1985,21
7501.0,Princeton Wind Farm,WT,WND,1984,3
7497.0,Croswell,IC,DFO,1982,3
7493.0,King Cove,HY,WAT,1980,0
7489.0,Lake Mendocino,HY,WAT,1987,3
7488.0,NSB Wainwright Utility,IC,DFO,1988,0
7487.0,NSB Anaktuvuk Pass,IC,DFO,1994,0
7486.0,NSB Point Lay Utility,IC,DFO,1990,0
7485.0,NSB Point Hope Utility,IC,DFO,1980,1
7484.0,NSB Nuiqsut Utility,IC,DFO,1999,0
7483.0,NSB Kaktovik Utility,IC,DFO,2000,0
7482.0,NSB Atqasuk Utility,IC,DFO,1986,0
7481.0,City Light & Water,IC,DFO,1987,0
7480.0,Rowesville Rd Plant,GT,NG,1994,16
7479.0,North Road Peak,IC,DFO,1987,14
7474.0,Upper Sterling,HY,WAT,1988,2
7470.0,Marceline,IC,DFO,1959,9
7469.0,Madison Utilities,IC,DFO,1948,5
7466.0,Klawock,IC,DFO,1955,0
7464.0,Kake,IC,DFO,1984,1
7463.0,Hoonah,IC,DFO,1977,1
7462.0,Angoon,IC,DFO,1975,0
7458.0,Basalt,HY,WAT,1985,5
7456.0,Rathdrum,GT,NG,1994,166
7452.0,Roseville,GT,NG,1986,54
7451.0,Lodi,GT,NG,1986,27
7450.0,Alameda,GT,NG,1986,54
7449.0,Combustion Turbine Project No 2,GT,NG,1996,50
7447.0,Pratt 2,IC,NG,1994,16
7441.0,VMEA Peaking Gen,IC,DFO,1992,4
7440.0,VMEA 1 Credit Gen,IC,DFO,1990,10
7439.0,Godwin Drive Plant,IC,DFO,1990,4
7438.0,Church Street Plant,IC,DFO,1979,6
7437.0,Galena Electric Utility,IC,DFO,1990,1
7436.0,Vernon,IC,DFO,1933,30
7432.0,Oxford (KS),IC,DFO,1986,6
7431.0,Dalles Dam North Fishway Project,HY,WAT,1991,6
7429.0,Edenton Generators,IC,DFO,1988,3
7427.0,Cowlitz Falls,HY,WAT,1994,70
7425.0,Interstate,GT,NG,1997,138
7415.0,Lakefield Utilities,IC,DFO,1936,4
7414.0,Thorne Bay Plant,IC,DFO,1993,0
7413.0,Short Mountain,IC,LFG,1992,0
7408.0,Payson,IC,NG,1988,8
7406.0,Shelbina Power #2,IC,DFO,1992,4
7405.0,Shelbina Power #1,IC,DFO,1981,4
7400.0,Salisbury City of,IC,DFO,1983,6
7399.0,Henry Station,IC,NG,1993,14
7398.0,Water Street Station,IC,NG,1980,11
7397.0,Falling Spring,IC,NG,1967,7
7396.0,Front Street,IC,DFO,1978,6
7394.0,Gonzales Hydro Plant,HY,WAT,1984,0
7393.0,Lakin Municipal,IC,NG,1990,4
7392.0,Poplar Bluff Generating Station,IC,NG,1976,32
7381.0,Searsburg Wind Turbine,WT,WND,1997,6
7380.0,Midulla Generating Station,CT,NG,2002,1452
7378.0,United Hospital,IC,DFO,1992,3
7377.0,United Health Care,GT,DFO,1993,2
7376.0,Alliant Techsystems,IC,DFO,1994,1
7373.0,Towaoc,HY,WAT,1993,11
7372.0,McPhee,HY,WAT,1992,1
7369.0,Geothermal 2,ST,GEO,1985,110
7368.0,Geothermal 1,ST,GEO,1983,110
7367.0,Bradley Lake,HY,WAT,1991,126
7366.0,Lincoln Turbines,WT,WND,1999,9
7350.0,Coyote Springs,CT,NG,1995,265
7348.0,Robins,GT,NG,1995,182
7345.0,University of Florida,GT,NG,1994,54
7343.0,George Neal South,ST,RC,1979,695
7339.0,Wellington 2,GT,NG,1989,20
7338.0,Grizzly,HY,WAT,1993,22
7337.0,Florence,GT,DFO,1992,8
7336.0,Anderson,GT,NG,1992,167
7335.0,Richmond,GT,NG,1992,82
7325.0,San Jacinto Steam Electric Station,GT,NG,1995,176
7318.0,Van Sant Station,GT,NG,1991,45
7317.0,Buffalo Bill,HY,WAT,1992,18
7315.0,Almond Power Plant,GT,NG,1996,223
7314.0,Richard M Flynn,CT,NG,1994,164
7307.0,Redding Power,CT,NG,1989,180
7302.0,Hines Energy Complex,CT,NG,1999,3293
7300.0,NA 8,GT,NG,9999,170
7296.0,State Line Combined Cycle,CT,NG,1995,690
7294.0,Central Energy Plant,CT,NG,1989,69
7288.0,Sherman Avenue,GT,NG,1991,112
7286.0,Richard Gorsuch,ST,BIT,1988,200
7283.0,Paragould Turbine,GT,NG,1990,12
7281.0,Gardner Energy Center,GT,NG,1990,38
7279.0,O'Shaughnessy Hydro,HY,WAT,1988,4
7277.0,Lincoln Combustion,GT,NG,1995,1744
7270.0,Paris (WI),GT,NG,1995,380
7268.0,491 E 48th Street,GT,NG,1992,161
7266.0,Woodland,CT,NG,1993,195
7264.0,Miki Basin,IC,DFO,1990,10
7259.0,Skookumchuck,HY,WAT,1990,1
7253.0,NA 5,GT,NG,9999,170
7250.0,Auke Bay,GT,DFO,1980,34
7247.0,Watertown Power Plant,GT,DFO,1978,67
7246.0,Dam 2,HY,WAT,1999,102
7242.0,Polk,CA,NG,1996,3346
7238.0,Cane Island,CT,NG,1994,734
7237.0,Angus Anson,GT,NG,1994,404
7233.0,Tesla,HY,WAT,1997,27
7232.0,Santa Clara Cogen,GT,NG,1982,6
7231.0,Gianera,GT,NG,1986,64
7229.0,Black Butte,HY,WAT,1988,6
7228.0,NA 1 (IN),GT,NG,9999,3685
7213.0,Clover,ST,BIT,1995,848
7212.0,Darbytown,GT,NG,1990,368
7210.0,Cope,ST,RC,1996,417
7203.0,South Fond Du Lac,GT,NG,1993,380
7200.0,Robert D Willis,HY,WAT,1989,8
7191.0,Tallassee Hydro Project,HY,WAT,1986,2
7190.0,Milner Hydro,HY,WAT,1992,58
7189.0,Whiskeytown,HY,WAT,1986,3
7185.0,Conoco,GT,NG,1991,66
7183.0,Newhalen,HY,WAT,1983,0
7182.0,Aniak,IC,DFO,1980,0
7179.0,Headgate Rock,HY,WAT,1993,18
7174.0,Gwitchyaa Zhee,IC,DFO,1987,2
7173.0,Barrow,GT,NG,1977,17
7169.0,Northway,IC,DFO,1980,0
7168.0,Chester Lake,HY,WAT,1988,1
7166.0,Murray,HY,WAT,1988,44
7164.0,Waddell,PS,WAT,1993,40
7159.0,Concord,GT,NG,1993,380
7158.0,Woodsdale,GT,NG,1992,570
7155.0,Lime Creek,GT,DFO,1991,90
7153.0,Hay Road,CT,NG,1989,1193
7151.0,Stony Gorge,HY,WAT,1986,4
7148.0,San Gorgonio 1,HY,WAT,1923,1
7147.0,Mill Creek 3,HY,WAT,1903,3
7146.0,Wading River,GT,DFO,1989,237
7145.0,Pleasant Hill,GT,NG,1990,179
7138.0,Forked River,GT,NG,1989,76
7137.0,Grinnell,GT,NG,1990,46
7135.0,Whillock,HY,WAT,1993,30
7132.0,Pine View Dam,HY,WAT,1991,1
7131.0,Brandon Station,GT,NG,1990,21
7130.0,Puna,GT,DFO,1988,38
7129.0,Thermalito Diverson Dam,HY,WAT,1987,3
7128.0,William F Matson Generating Station,HY,WAT,1988,21
7127.0,Wynoochee,HY,WAT,1994,12
7125.0,Bad Creek,PS,WAT,1991,1296
7119.0,Gladstone,GT,DFO,1975,22
7118.0,Cataract (MI),HY,WAT,1988,2
7116.0,McClure Dam,HY,WAT,1988,8
7115.0,Hoist,HY,WAT,1988,4
7113.0,PEC Headworks,HY,WAT,1990,6
7112.0,Centennial,IC,DFO,1987,4
7111.0,Heber City,IC,NG,1987,10
7106.0,NA 1 (SC),GT,NG,9999,170
7097.0,J K Spruce,ST,SUB,1992,1444
7082.0,Harry Allen,CT,NG,1995,743
7080.0,St George Red Rock,IC,DFO,1987,14
7079.0,Upper Salmon B,HY,WAT,1947,16
7072.0,Mojave Siphon,HY,WAT,1996,30
7066.0,Stampede,HY,WAT,1988,3
7063.0,McIntosh (AL),GT,NG,1991,676
7060.0,Sibley No Two,IC,DFO,1987,1
7058.0,Solon Diesel,IC,DFO,1988,8
7056.0,Bolton Falls,HY,WAT,1986,8
7051.0,Wrightsville Hydro Plant,HY,WAT,1985,0
7048.0,Hill Mill,HY,WAT,1986,0
7044.0,Bates Mill Upper,HY,WAT,1986,3
7042.0,Humpback Creek,HY,WAT,1991,0
7040.0,Ellis Hydro,HY,WAT,1988,30
7039.0,Lake (WY),IC,DFO,1967,2
7034.0,Hydro II,HY,WAT,1986,6
7032.0,Gravel Neck,GT,NG,1970,403
7030.0,Major Oak Power,ST,LIG,1990,948
7028.0,Whitehead,IC,NG,1986,30
7018.0,Chanute 3,IC,NG,1985,33
7015.0,Unit 4,HY,WAT,1993,1
7013.0,East 12th Street,ST,NG,1970,27
7012.0,Lower No 1,HY,WAT,1982,8
7011.0,Hugoton 2,IC,DFO,1964,17
6824.0,St Bonifacius,GT,DFO,1978,61
6823.0,D B Wilson,ST,BIT,1984,509
6801.0,Jarvis Street,IC,DFO,1979,23
6791.0,Augusta Electric Plant No 2,IC,NG,1968,20
6789.0,St Stephen,HY,WAT,1985,84
6776.0,West Station (NJ),GT,DFO,1972,27
6772.0,Hugo,ST,SUB,1982,1196
6768.0,Sikeston Power Station,ST,SUB,1981,261
6761.0,Rawhide,GT,NG,1984,798
6741.0,Rock Lake CT,GT,DFO,1978,25
6707.0,Naval Training Center,GT,NG,1968,16
6706.0,Thibodaux,ST,NG,1968,21
6705.0,Warrick,ST,BIT,1960,821
6704.0,Pebbly Beach,IC,DFO,1958,8
6702.0,Pelican,HY,WAT,1964,0
6664.0,Louisa,ST,RC,1983,811
6652.0,Moreau,GT,DFO,1978,60
6651.0,Moberly,GT,DFO,1978,60
6650.0,Mexico,GT,DFO,1978,60
6648.0,Sandow No 4,ST,LIG,1981,590
6647.0,Yorba Linda,HY,WAT,1981,5
6646.0,San Dimas,HY,WAT,1981,9
6645.0,Foothill Feeder,HY,WAT,1981,8
6644.0,Lake Mathews,HY,WAT,1980,4
6643.0,Greg Avenue,HY,WAT,1979,1
6641.0,Independence Steam Electric Station,ST,SUB,1983,1800
6639.0,R D Green,ST,BIT,1979,586
6637.0,Yakutat,IC,DFO,1973,4
6636.0,Lake Lynn Hydro Station,HY,WAT,1926,48
6635.0,A L Pierce,GT,NG,1953,105
6624.0,Gavins Point,HY,WAT,1956,132
6623.0,Fort Peck,HY,WAT,1943,184
6619.0,Burlington (CO),GT,DFO,1977,128
6618.0,Highgate Falls,HY,WAT,1923,10
6612.0,Union Valley,HY,WAT,1963,38
6595.0,Toledo Bend,HY,WAT,1969,80
6586.0,Wilkins Station,IC,DFO,1975,4
6585.0,Commercial Street,IC,DFO,1975,1
6584.0,Stock Island,GT,DFO,1965,129
6582.0,Cudjoe,IC,DFO,1966,4
6581.0,Silvis,HY,WAT,1968,2
6580.0,Beaver Falls,HY,WAT,1947,5
6579.0,Johnson,IC,DFO,1950,9
6567.0,Block Island,IC,DFO,1972,8
6566.0,Bethel,IC,DFO,1976,12
6565.0,Berlin,IC,DFO,1961,18
6563.0,Unionville,GT,DFO,1976,52
6562.0,Winfield,HY,WAT,1938,22
6561.0,Marmet,HY,WAT,1935,12
6560.0,London,HY,WAT,1935,12
6559.0,George M Sullivan Generation Plant 2,CT,NG,1975,415
6558.0,D G Hunter,ST,NG,1956,237
6555.0,McGrath,IC,DFO,1979,0
6554.0,Waverly Municipal Electric North Plant,IC,DFO,1948,22
6553.0,Little Mountain,GT,NG,1971,16
6552.0,Foster,HY,WAT,1968,20
6546.0,Millville Hydro Station,HY,WAT,1913,2
6544.0,Dam No. 5 Hydro Station,HY,WAT,1919,0
6543.0,Dam No. 4 Hydro Station,HY,WAT,1909,0
6537.0,Little Cottonwood,HY,WAT,1983,4
6533.0,Winnemucca,GT,NG,1970,14
6532.0,Washoe,HY,WAT,1904,2
6531.0,Verdi,HY,WAT,1911,2
6530.0,Valley Road,IC,DFO,1960,6
6529.0,Searsburg,HY,WAT,1922,4
6527.0,E J West,HY,WAT,1930,22
6526.0,Rainbow Falls Auscble,HY,WAT,1926,2
6524.0,Portola,IC,DFO,1965,6
6522.0,Yards Creek,PS,WAT,1965,453
6521.0,Lahontan,IC,DFO,1911,2
6520.0,Waterbury 22,HY,WAT,1953,5
6519.0,Vergennes 9,IC,DFO,1912,5
6518.0,Kings Beach,IC,DFO,1969,24
6517.0,Keowee,HY,WAT,1971,156
6516.0,Rocky Ford,IC,DFO,1964,10
6515.0,Valencia,GT,NG,1989,108
6514.0,Gabbs,IC,DFO,1969,4
6513.0,Fleish,HY,WAT,1914,2
6512.0,Farad,HY,WAT,1933,2
6511.0,Fallon,IC,DFO,1966,2
6510.0,Brunswick,IC,DFO,1960,6
6509.0,Battle Mountain,IC,DFO,1967,8
6508.0,Drop 3 (WA),HY,WAT,1932,0
6507.0,Drop 2 (WA),HY,WAT,1942,2
6506.0,Moyie Springs,HY,WAT,1921,3
6505.0,Oak Grove,HY,WAT,1924,50
6504.0,Maalaea,CT,DFO,1971,220
6486.0,Mill C,HY,WAT,1943,5
6484.0,Bend,HY,WAT,1913,0
6483.0,Mcindoes,HY,WAT,1931,8
6482.0,Cline Falls,HY,WAT,1943,1
6481.0,Intermountain Power Project,ST,BIT,1986,1640
6480.0,San Francisquito 2,HY,WAT,1920,42
6479.0,San Francisquito 1,HY,WAT,1917,69
6478.0,Shipman,ST,RFO,1943,17
6475.0,Gorge 18,HY,WAT,1928,3
6474.0,Port Allen (HI),GT,DFO,1964,94
6469.0,Antelope Valley,ST,LIG,1984,868
6463.0,Ames GT,GT,DFO,1972,78
6462.0,River Bend,ST,NUC,1986,1035
6459.0,Big Fork,HY,WAT,1910,2
6456.0,Carver Falls,HY,WAT,1922,1
6451.0,Beldens,HY,WAT,1913,4
6450.0,Proctor,HY,WAT,1905,3
6449.0,Azusa,HY,WAT,1949,3
6440.0,Wilson Dam,HY,WAT,1925,662
6438.0,Queens Creek,HY,WAT,1949,1
6433.0,Boundary,HY,WAT,1967,1116
6432.0,Diablo,HY,WAT,1936,182
6431.0,Gorge,HY,WAT,1924,204
6430.0,Cedar Falls (WA),HY,WAT,1921,30
6424.0,Chelan,HY,WAT,1927,58
6422.0,Madison Dam,HY,WAT,1906,8
6421.0,Lemolo 2,HY,WAT,1956,38
6419.0,Eufaula Dam,HY,WAT,1964,90
6418.0,Cheatham,HY,WAT,1958,36
6417.0,Center Hill,HY,WAT,1950,135
6416.0,Denison,HY,WAT,1945,100
6415.0,Broken Bow Dam,HY,WAT,1970,100
6414.0,Whitney,HY,WAT,1953,40
6413.0,Sam Rayburn Dam,HY,WAT,1965,52
6410.0,Falcon Dam & Power,HY,WAT,1954,30
6409.0,Alcova,HY,WAT,1955,40
6408.0,Heart Mountain,HY,WAT,1948,5
6407.0,Roza,HY,WAT,1958,12
6406.0,Chandler,HY,WAT,1956,12
6405.0,Flaming Gorge,HY,WAT,1963,150
6404.0,Deer Creek (UT),HY,WAT,1958,4
6403.0,Green Springs,HY,WAT,1960,17
6402.0,Elephant Butte,HY,WAT,1940,27
6400.0,Canyon Ferry,HY,WAT,1953,48
6398.0,Minidoka,HY,WAT,1927,27
6397.0,Boise R Diversion,HY,WAT,1912,3
6396.0,Black Canyon,HY,WAT,1925,22
6395.0,Anderson Ranch,HY,WAT,1950,40
6394.0,Swift Creek,HY,WAT,1940,0
6393.0,Strawberry Creek,HY,WAT,1940,0
6391.0,Smith Island,IC,DFO,1969,1
6390.0,Tangier,IC,DFO,1974,3
6388.0,Turners Falls,HY,WAT,1905,4
6379.0,Indian Orchard,HY,WAT,1928,3
6378.0,Dwight,HY,WAT,1920,0
6377.0,Ocracoke,IC,DFO,1991,4
6373.0,Rokeby,GT,NG,1975,264
6369.0,Detour,IC,DFO,1973,6
6359.0,Felt,HY,WAT,1946,4
6358.0,Hutchinson Plant #2,CT,NG,1977,115
6356.0,Sixth Street Gas Turbine,GT,DFO,1974,24
6348.0,Togiak,IC,DFO,1970,0
6345.0,Shishmaref,IC,DFO,1976,0
6341.0,Selawik,IC,DFO,1974,0
6338.0,St Marys IC,IC,DFO,1974,5
6333.0,Nunapitchuk,IC,DFO,1976,0
6330.0,Noorvik,IC,DFO,1984,0
6329.0,Mountain Village,IC,DFO,1977,0
6323.0,Kiana,IC,DFO,1977,0
6319.0,Hooper Bay,IC,DFO,1987,0
6314.0,Emmonak,IC,DFO,1977,1
6311.0,Chevak,IC,DFO,1976,0
6306.0,Valdez,IC,DFO,1967,5
6305.0,Glennallen,IC,DFO,1959,7
6304.0,Kotzebue,IC,DFO,1983,14
6302.0,Purple Lake,HY,WAT,1956,3
6301.0,Naknek,IC,DFO,1977,7
6299.0,Unalakleet,IC,DFO,1965,0
6293.0,International,GT,NG,1964,46
6292.0,Bernice Lake,GT,NG,1971,75
6291.0,Cooper Lake,HY,WAT,1961,18
6288.0,Healy,ST,LIG,1967,92
6286.0,Fairbanks,GT,DFO,1970,40
6285.0,North Pole,GT,DFO,1976,180
6283.0,Seldovia,IC,DFO,1964,3
6282.0,Port Lions Microgrid,IC,DFO,1968,0
6281.0,Kodiak Microgrid,IC,DFO,1968,35
6280.0,Ozark Beach,HY,WAT,1931,16
6265.0,Swift 2,HY,WAT,1958,72
6264.0,Mountaineer,ST,BIT,1980,1300
6258.0,Wilson,GT,DFO,1972,320
6257.0,Scherer,ST,SUB,1982,3564
6254.0,Ottumwa,ST,SUB,1981,725
6253.0,Germantown,GT,DFO,1978,334
6251.0,South Texas Project,ST,NUC,1988,2708
6250.0,Mayo,ST,BIT,1983,763
6249.0,Winyah,ST,RC,1975,1260
6248.0,Pawnee,ST,SUB,1981,552
6246.0,Putnam,CT,NG,1977,580
6243.0,Dansby,ST,NG,1978,203
6238.0,Pearl Station,GT,DFO,1967,46
6237.0,Pittsfield,IC,DFO,1949,9
6231.0,Apple River,HY,WAT,1901,0
6229.0,Mobile,IC,DFO,1980,3
6223.0,Empire Energy Center,GT,NG,1978,378
6220.0,Durant,IC,DFO,1954,5
6213.0,Merom,ST,BIT,1982,1080
6212.0,Mobile GT,GT,DFO,1975,39
6211.0,Dynegy Oakland Power Plant,GT,JF,1978,222
6210.0,Northeast (WA),GT,NG,1978,61
6208.0,Mount Elbert,PS,WAT,1981,200
6207.0,Ames Hydro,HY,WAT,1906,3
6206.0,Tacoma,HY,WAT,1905,7
6204.0,Laramie River Station,ST,SUB,1981,1710
6202.0,Ross,HY,WAT,1952,448
6200.0,Rock Island,HY,WAT,1931,621
6196.0,W E Warne,HY,WAT,1982,74
6195.0,John Twitty Energy Center,ST,SUB,1976,603
6194.0,Tolk,ST,SUB,1982,1134
6193.0,Harrington,ST,SUB,1976,1080
6192.0,Portland (FL),GT,DFO,1964,11
6190.0,Brame Energy Center,ST,PC,1975,1706
6189.0,Rocky Mountain Hydroelectric Plant,PS,WAT,1995,846
6188.0,Harris Dam,HY,WAT,1983,134
6183.0,San Miguel,ST,LIG,1982,410
6181.0,J T Deely,ST,SUB,1977,932
6180.0,Oak Grove (TX),ST,LIG,2010,3394
6179.0,Fayette Power Project,ST,SUB,1979,1690
6178.0,Coleto Creek,ST,SUB,1980,622
6177.0,Coronado,ST,RC,1979,820
6175.0,Lower Granite,HY,WAT,1975,810
6174.0,Lost Creek,HY,WAT,1977,48
6172.0,Libby,HY,WAT,1975,525
6171.0,Laurel Dam,HY,WAT,1977,70
6170.0,Pleasant Prairie,ST,RC,1980,1234
6168.0,North Anna,ST,NUC,1978,1959
6167.0,Bath County,PS,WAT,1985,2862
6166.0,Rockport,ST,SUB,1984,2600
6165.0,Hunter,ST,BIT,1978,1577
6163.0,Grand Coulee,HY,WAT,1941,6807
6159.0,Crystal,HY,WAT,1978,28
6158.0,New Melones,HY,WAT,1979,300
6156.0,New Haven Harbor,ST,NG,1975,640
6155.0,Rush Island,ST,RC,1976,1242
6153.0,Callaway,ST,NUC,1984,1235
6152.0,Sequoyah,ST,NUC,1981,2440
6151.0,Raccoon Mountain,PS,WAT,1978,1712
6150.0,Bellefonte,IC,DFO,1998,14
6149.0,Davis Besse,ST,NUC,1977,925
6147.0,Monticello,ST,SUB,1974,2779
6146.0,Martin Lake,ST,LIG,1977,3179
6145.0,Comanche Peak,ST,NUC,1990,2430
6144.0,Kansas City International,GT,NG,1977,36
6142.0,Ozark,HY,WAT,1972,100
6141.0,Harry Truman,PS,WAT,1979,156
6140.0,Clarence Cannon,PS,WAT,1984,58
6139.0,Welsh,ST,SUB,1977,1674
6138.0,Flint Creek,ST,SUB,1978,558
6137.0,A B Brown,ST,BIT,1979,706
6136.0,Gibbons Creek,ST,SUB,1983,453
6133.0,West Point (GA),HY,WAT,1975,73
6132.0,Richard B Russell,PS,WAT,1985,628
6131.0,Jones Bluff,HY,WAT,1975,80
6130.0,Carters,HY,WAT,1975,500
6128.0,Amistad Dam & Power,HY,WAT,1983,66
6127.0,V C Summer,ST,NUC,1984,3229
6126.0,Fairfield Pumped Storage,PS,WAT,1978,584
6125.0,Shrewsbury,IC,DFO,1969,10
6124.0,McIntosh,GT,NG,1979,985
6122.0,R E Ginna Nuclear Power Plant,ST,NUC,1970,614
6120.0,Whitehorn,GT,NG,1981,168
6119.0,Deerfield 4,HY,WAT,1912,3
6118.0,PSEG Hope Creek Generating Station,ST,NUC,1986,1290
6115.0,Seabrook,ST,NUC,1990,1242
6113.0,Gibson,ST,BIT,1975,3335
6112.0,Fort St Vrain,CT,NG,1996,1147
6110.0,James A Fitzpatrick,ST,NUC,1976,883
6106.0,Boardman,ST,SUB,1980,642
6105.0,Limerick,ST,NUC,1986,2276
6103.0,TalenEnergy Susquehanna,ST,NUC,1983,2596
6101.0,Wyodak,ST,SUB,1978,402
6100.0,Helms Pumped Storage,PS,WAT,1984,1053
6099.0,Diablo Canyon,ST,NUC,1985,2323
6098.0,Big Stone,ST,SUB,1975,451
6096.0,Nebraska City,ST,SUB,1979,1389
6095.0,Sooner,ST,SUB,1979,2088
6094.0,FirstEnergy Bruce Mansfield,ST,RC,1976,2739
6092.0,Spirit Mound,GT,DFO,1978,134
6090.0,Sherburne County,ST,SUB,1976,2468
6089.0,Lewis & Clark,ST,LIG,1958,68
6088.0,North Loop,GT,NG,1972,107
6087.0,Wallace Dam,PS,WAT,1979,320
6086.0,Cornell,HY,WAT,1976,33
6085.0,R M Schahfer,ST,SUB,1976,2200
6083.0,Deerfield 3,HY,WAT,1912,3
6082.0,Somerset Operating Co LLC,ST,BIT,1984,655
6081.0,Stony Brook,CT,DFO,1981,956
6077.0,Gerald Gentleman,ST,SUB,1979,1362
6076.0,Colstrip,ST,SUB,1975,2272
6074.0,Greenwood (MO),GT,NG,1975,247
6073.0,Victor J Daniel Jr,ST,SUB,1977,2226
6072.0,Grand Gulf,ST,NUC,1985,1440
6071.0,Trimble County,ST,BIT,1990,2594
6068.0,Jeffrey Energy Center,ST,SUB,1978,2160
6065.0,Iatan,ST,SUB,1980,1640
6064.0,Nearman Creek,ST,SUB,1981,671
6063.0,Electrifarm,GT,NG,1975,263
6061.0,R D Morrow,ST,BIT,1978,400
6060.0,Coachella,GT,NG,1973,92
6058.0,Cascade Creek,GT,NG,1975,84
6056.0,Kahului,ST,RFO,1948,33
6055.0,Big Cajun 2,ST,SUB,1981,2632
6052.0,Wansley,ST,BIT,1976,1956
6051.0,Edwin I Hatch,ST,NUC,1975,1721
6049.0,West Tisbury Generating Facility,IC,DFO,1975,4
6047.0,Deerfield 2,HY,WAT,1913,3
6046.0,DeBary,GT,DFO,1975,808
6045.0,St Lucie,ST,NUC,1976,2160
6043.0,Martin,ST,RFO,1980,6069
6042.0,Manatee,ST,RFO,1976,2949
6041.0,H L Spurlock,ST,BIT,1977,1607
6040.0,Beaver Valley,ST,NUC,1976,1846
6038.0,McGuire,ST,NUC,1981,2440
6036.0,Catawba,ST,NUC,1985,2410
6035.0,Greenwood (MI),ST,NG,1979,1070
6034.0,Belle River,ST,RC,1981,1659
6031.0,Killen Station,ST,BIT,1982,688
6030.0,Coal Creek,ST,LIG,1979,1216
6026.0,LaSalle Generating Station,ST,NUC,1984,2340
6025.0,Collins,ST,NG,1977,2646
6023.0,Byron Generating Station,ST,NUC,1985,2448
6022.0,Braidwood Generation Station,ST,NUC,1988,2448
6021.0,Craig (CO),ST,SUB,1979,1426
6020.0,Perry,ST,NUC,1987,1311
6019.0,W H Zimmer,ST,BIT,1991,1425
6018.0,East Bend,ST,BIT,1981,772
6017.0,Newton,ST,RC,1977,1234
6016.0,Duck Creek,ST,RC,1976,441
6015.0,Harris,ST,NUC,1987,950
6014.0,Brunswick Nuclear,ST,NUC,1975,2002
6013.0,Olive,ST,NG,1959,170
6012.0,Sherman,HY,WAT,1926,7
6011.0,Calvert Cliffs Nuclear Power Plant,ST,NUC,1975,1828
6009.0,White Bluff,ST,SUB,1980,1800
6008.0,Palo Verde,ST,NUC,1986,4209
6006.0,Racine,HY,WAT,1982,46
6004.0,FirstEnergy Pleasants Power Station,ST,RC,1979,1368
6002.0,James H Miller Jr,ST,SUB,1978,2820
6001.0,Joseph M Farley,ST,NUC,1977,1776
6000.0,Donald C Cook,ST,NUC,1975,2285
5083.0,Cumberland (NJ),GT,NG,1990,230
4941.0,Navajo,ST,BIT,1974,2409
4940.0,Riverside (OK),ST,NG,1974,1120
4939.0,Barney M Davis,CT,NG,1974,1081
4937.0,Thomas C Ferguson,ST,NG,1974,1020
4271.0,John P Madgett,ST,SUB,1979,387
4270.0,Waterford 3,ST,NUC,1985,1199
4266.0,Spencer,ST,NG,1955,172
4264.0,Joes Valley Dam,HY,WAT,9999,3
4263.0,Echo Dam,HY,WAT,1987,3
4259.0,Endicott Station,ST,BIT,1982,57
4258.0,Greenup Hydro,HY,WAT,1982,69
4257.0,Easton 2,IC,DFO,1978,36
4256.0,Walnut,GT,NG,1986,48
4251.0,Logan City,GT,NG,1927,20
4214.0,PHP 2,HY,WAT,1982,11
4213.0,PHP 1,HY,WAT,1982,23
4204.0,Island Park,HY,WAT,1994,4
4201.0,Combined Locks,HY,WAT,1988,6
4195.0,Powerlane Plant,ST,NG,1966,110
4185.0,Fontenelle,HY,WAT,1968,10
4183.0,Shoshone (WY),HY,WAT,1922,3
4182.0,Seminoe,HY,WAT,1939,51
4180.0,Kortes,HY,WAT,1950,36
4178.0,Guernsey,HY,WAT,1927,6
4177.0,Glendo,HY,WAT,1958,38
4176.0,Fremont Canyon,HY,WAT,1960,66
4162.0,Naughton,ST,SUB,1963,832
4158.0,Dave Johnston,ST,SUB,1959,921
4151.0,Osage (WY),ST,SUB,1948,33
4150.0,Neil Simpson,ST,SUB,1959,21
4148.0,Washington Island,IC,DFO,1945,2
4147.0,Stiles,HY,WAT,1949,0
4143.0,Genoa,ST,SUB,1969,345
4142.0,Flambeau Hydroelectric Station,HY,WAT,1951,20
4140.0,Alma,ST,BIT,1947,180
4139.0,Viola,IC,DFO,1948,1
4130.0,New Lisbon,IC,DFO,1930,7
4125.0,Manitowoc,ST,PC,1935,212
4124.0,La Farge,IC,DFO,1990,1
4122.0,Rapide Croche,HY,WAT,1926,0
4121.0,Old Badger,HY,WAT,1907,2
4120.0,New Badger,HY,WAT,1928,10
4119.0,Little Chute,HY,WAT,1948,3
4118.0,Kaukauna Gas Turbine,GT,NG,1969,18
4114.0,Fennimore,IC,DFO,1952,4
4113.0,Elroy,IC,DFO,1973,6
4112.0,Cumberland (WI),IC,NG,1939,19
4107.0,Cashton,IC,DFO,1932,3
4102.0,Barron,IC,DFO,1923,7
4100.0,Arcadia Electric,IC,DFO,1930,16
4080.0,Petenwell,HY,WAT,1949,20
4079.0,Castle Rock,HY,WAT,1950,15
4078.0,Weston,ST,SUB,1954,1161
4077.0,Wausau,HY,WAT,1921,3
4076.0,West Marinette,GT,NG,1971,185
4075.0,Tomahawk,HY,WAT,1938,2
4074.0,Sandstone Rapids,HY,WAT,1925,2
4072.0,Pulliam,ST,SUB,1943,670
4071.0,Potato Rapids,HY,WAT,1921,0
4068.0,Merrill,HY,WAT,1917,1
4067.0,Johnson Falls,HY,WAT,1923,2
4065.0,High Falls (WI),HY,WAT,1910,5
4064.0,Hat Rapids,HY,WAT,1905,0
4063.0,Grandfather Falls,HY,WAT,1938,17
4062.0,Eagle River,IC,DFO,1964,4
4061.0,Caldron Falls,HY,WAT,1924,6
4060.0,Alexander,HY,WAT,1925,3
4059.0,Sheepskin,GT,NG,1971,41
4057.0,Rock River,GT,NG,1954,317
4056.0,Prairie Du Sac,HY,WAT,1915,30
4054.0,Nelson Dewey Generating Station,ST,SUB,1959,226
4053.0,Kilbourn,HY,WAT,1926,8
4050.0,Edgewater,ST,SUB,1951,833
4048.0,Blackhawk,ST,NG,1946,50
4046.0,Point Beach Nuclear Plant,ST,NUC,1969,1311
4045.0,Pine,HY,WAT,1922,2
4044.0,Oconto Falls Upper,HY,WAT,1918,0
4043.0,Appleton,HY,WAT,1916,1
4042.0,Valley (WI),ST,NG,1968,274
4041.0,South Oak Creek,ST,RC,1959,1258
4040.0,Port Washington Generating Station,CT,NG,1935,1543
4021.0,Grantsburg Diesel,IC,DFO,1963,4
4020.0,Frederic Diesel,IC,DFO,1948,8
4019.0,Danbury Dam,HY,WAT,1921,0
4018.0,Clam River Dam,HY,WAT,1942,0
4015.0,Wissota,HY,WAT,1917,38
4014.0,Wheaton,GT,NG,1973,298
4012.0,Trego,HY,WAT,1927,0
4011.0,St Croix Falls,HY,WAT,1910,20
4009.0,Menomonie,HY,WAT,1958,4
4008.0,Jim Falls,HY,WAT,1988,58
4007.0,Holcombe,HY,WAT,1950,33
4005.0,French Island,GT,DFO,1940,186
4002.0,Dells,HY,WAT,1907,9
4000.0,Chippewa Falls,HY,WAT,1928,18
3998.0,Cedar Falls (WI),HY,WAT,1910,6
3996.0,Grimh,HY,WAT,1928,0
3995.0,Arpin Dam,HY,WAT,1971,0
3993.0,Sycamore (WI),GT,NG,1967,41
3992.0,Blount Street,ST,NG,1925,187
3991.0,Fitchburg,GT,NG,1973,56
3989.0,White River (WI),HY,WAT,1907,0
3988.0,Thornapple,HY,WAT,1927,0
3986.0,Ladysmith Dam,HY,WAT,1940,1
3984.0,Northern States Flambeau,GT,NG,1969,16
3983.0,Big Falls,HY,WAT,1922,6
3982.0,Bay Front,ST,WDS,1949,67
3976.0,Gordon,IC,DFO,1949,4
3975.0,Whiting,HY,WAT,1891,1
3974.0,Wisconsin Rapids,HY,WAT,1903,4
3973.0,Stevens Point,HY,WAT,1918,0
3972.0,Du Bay,HY,WAT,1942,7
3971.0,Biron,HY,WAT,1896,2
3954.0,Mt Storm,ST,BIT,1965,1680
3948.0,Mitchell (WV),ST,BIT,1971,1632
3947.0,Kammer,ST,BIT,1958,711
3946.0,FirstEnergy Willow Island,ST,BIT,1949,213
3945.0,FirstEnergy Rivesville,ST,BIT,1943,109
3944.0,FirstEnergy Harrison Power Station,ST,BIT,1972,2052
3943.0,FirstEnergy Fort Martin Power Station,ST,BIT,1967,1152
3942.0,FirstEnergy Albright,ST,BIT,1952,278
3938.0,Philip Sporn,ST,BIT,1950,1103
3936.0,Kanawha River,ST,BIT,1953,438
3935.0,John E Amos,ST,BIT,1971,2932
3929.0,Packwood,HY,WAT,1964,27
3927.0,Lower Monumental,HY,WAT,1969,810
3926.0,Little Goose,HY,WAT,1970,810
3925.0,Ice Harbor,HY,WAT,1962,603
3921.0,Chief Joseph,HY,WAT,1955,2453
3920.0,Steam plant,ST,WDS,1989,50
3918.0,Mossyrock,HY,WAT,1968,300
3917.0,Mayfield,HY,WAT,1963,160
3916.0,LaGrande,HY,WAT,1912,64
3915.0,Cushman 2,HY,WAT,1930,83
3914.0,Cushman 1,HY,WAT,1926,42
3913.0,Alder,HY,WAT,1945,50
3895.0,The Dalles,HY,WAT,1957,1819
3891.0,Box Canyon,HY,WAT,1955,88
3888.0,Wanapum,HY,WAT,1963,2006
3887.0,Priest Rapids,HY,WAT,1959,954
3886.0,Wells,HY,WAT,1967,770
3883.0,Rocky Reach,HY,WAT,1961,1298
3878.0,Yelm,HY,WAT,1930,12
3869.0,Nine Mile,HY,WAT,1908,36
3868.0,Meyers Falls,HY,WAT,1915,0
3867.0,Long Lake,HY,WAT,1915,68
3866.0,Little Falls (WA),HY,WAT,1910,34
3862.0,White River (WA),HY,WAT,1912,70
3861.0,Upper Baker,HY,WAT,1959,104
3860.0,Snoqualmie,HY,WAT,1898,15
3855.0,Lower Baker,HY,WAT,1960,110
3854.0,Electron,HY,WAT,1904,22
3853.0,Crystal Mountain,IC,DFO,1969,2
3852.0,Yale,HY,WAT,1953,134
3850.0,Swift 1,HY,WAT,1958,240
3847.0,Merwin,HY,WAT,1931,136
3846.0,Condit,HY,WAT,1913,13
3845.0,Transalta Centralia Generation,ST,RC,1972,1778
3834.0,Philpott Lake,HY,WAT,1953,12
3833.0,John H Kerr,HY,WAT,1952,291
3827.0,Radford,HY,WAT,1934,1
3826.0,Martinsville,HY,WAT,1932,1
3825.0,Pinnacles,HY,WAT,1938,9
3821.0,Snowden,HY,WAT,1987,4
3809.0,Yorktown,ST,RFO,1957,1256
3806.0,Surry,ST,NUC,1972,1694
3804.0,Possum Point,ST,RFO,1948,2081
3803.0,Chesapeake,ST,BIT,1953,806
3800.0,Northern Neck,GT,DFO,1971,80
3799.0,Low Moor,GT,DFO,1971,80
3798.0,Cushaw,HY,WAT,1930,5
3797.0,Chesterfield,ST,BIT,1952,1797
3796.0,Bremo Bluff,ST,NG,1950,254
3790.0,Newport Hydro Station,HY,WAT,1923,0
3789.0,Luray Hydro Station,HY,WAT,1927,0
3785.0,Tasley,GT,DFO,1972,27
3782.0,Bayview,IC,DFO,1963,12
3780.0,Smith Mountain,HY,WAT,1965,547
3779.0,Reusens,HY,WAT,1903,10
3778.0,Niagara,HY,WAT,1954,3
3777.0,Leesville,HY,WAT,1964,40
3776.0,Glen Lyn,ST,BIT,1944,337
3775.0,Clinch River,ST,NG,1958,711
3774.0,Claytor,HY,WAT,1939,72
3773.0,Byllesby 2,HY,WAT,1912,20
3772.0,Buck Hydro,HY,WAT,1912,6
3765.0,Cadys Falls,HY,WAT,1914,0
3764.0,Morrisville,HY,WAT,1924,1
3762.0,Great Falls (VT),HY,WAT,1915,1
3754.0,Burlington GT,GT,DFO,1971,25
3753.0,West Charleston,IC,DFO,1931,2
3750.0,Canaan,HY,WAT,1927,1
3746.0,Harriman,HY,WAT,1924,33
3745.0,Bellows Falls,HY,WAT,1928,39
3743.0,West Danville 15,HY,WAT,1917,1
3740.0,Middlesex 2,HY,WAT,1928,2
3739.0,Marshfield 6,HY,WAT,1927,5
3737.0,Essex Junction 19,IC,DFO,1917,16
3735.0,Colchester 16,GT,DFO,1965,18
3734.0,Berlin 5,GT,KER,1972,41
3731.0,Newport,HY,WAT,1936,2
3730.0,Newport Diesels,IC,DFO,1948,3
3728.0,Weybridge,HY,WAT,1951,3
3725.0,Silver Lake (VT),HY,WAT,1917,2
3724.0,Salisbury,HY,WAT,1917,1
3723.0,Rutland,GT,DFO,1962,13
3722.0,Pittsford,HY,WAT,1914,3
3720.0,Peterson,HY,WAT,1948,6
3717.0,Milton,HY,WAT,1929,6
3716.0,Lower Middlebury,HY,WAT,1917,0
3714.0,Glen,HY,WAT,1920,2
3712.0,Fairfax Falls,HY,WAT,1919,3
3711.0,Clark Falls,HY,WAT,1937,3
3710.0,Cavendish,HY,WAT,1907,0
3709.0,Smith (VT),HY,WAT,1982,1
3708.0,Ascutney,GT,DFO,1961,13
3704.0,Uintah,HY,WAT,1920,0
3699.0,Boulder,HY,WAT,1958,3
3698.0,Wanship,HY,WAT,1958,1
3697.0,Gateway,HY,WAT,1958,4
3691.0,Spanish Fork,HY,WAT,1937,2
3688.0,Bartholomew,HY,WAT,1948,1
3683.0,Murray City,IC,NG,1948,7
3676.0,Manti Upper,HY,WAT,1939,1
3675.0,Hydro III,HY,WAT,1923,0
3666.0,Brigham City,HY,WAT,1921,0
3665.0,Bountiful City,GT,NG,1936,42
3661.0,Weber,HY,WAT,1911,3
3659.0,Stairs,HY,WAT,1912,1
3658.0,Snake Creek,HY,WAT,1910,0
3656.0,Pioneer,HY,WAT,1910,4
3655.0,Olmstead,HY,WAT,1910,9
3651.0,Granite,HY,WAT,1896,2
3648.0,Gadsby,ST,NG,1951,491
3646.0,Cutler Hydro,HY,WAT,1927,30
3644.0,Carbon,ST,BIT,1954,188
3643.0,Upper Beaver,HY,WAT,1907,2
3631.0,Sam Rayburn,CT,NG,1963,238
3630.0,Pearsall,IC,NG,1961,258
3628.0,R W Miller,ST,NG,1968,602
3627.0,North Texas,ST,NG,1958,70
3624.0,Weatherford,IC,DFO,1940,3
3613.0,W B Tuttle,ST,NG,1954,492
3612.0,V H Braunig,ST,NG,1966,1138
3611.0,O W Sommers,ST,NG,1972,892
3610.0,Mission Road,ST,NG,1958,113
3609.0,Leon Creek,GT,NG,1953,416
3604.0,J Robert Massengale,CA,NG,1952,106
3602.0,Ty Cooke,ST,NG,1964,149
3601.0,Sim Gideon,ST,NG,1965,623
3600.0,Marshall Ford,HY,WAT,1941,108
3599.0,Marble Falls,HY,WAT,1951,38
3598.0,Inks,HY,WAT,1938,15
3597.0,Granite Shoals,HY,WAT,1951,54
3595.0,Buchanan Dam (TX),HY,WAT,1938,54
3594.0,Austin,HY,WAT,1940,18
3586.0,TP 4,HY,WAT,1932,2
3585.0,Nolte,HY,WAT,1927,2
3584.0,H 5,HY,WAT,1931,2
3583.0,H 4,HY,WAT,1931,2
3582.0,Dunlap TP 1,HY,WAT,1927,2
3581.0,Abbott TP 3,HY,WAT,1927,2
3576.0,Ray Olinger,ST,NG,1967,426
3574.0,C E Newman,ST,NG,1957,94
3561.0,Bryan (TX),ST,NG,1955,138
3559.0,Silas Ray,GT,NG,1952,168
3549.0,Holly Street,ST,NG,1960,558
3548.0,Decker Creek,ST,NG,1971,930
3507.0,Trinidad (TX),ST,NG,1965,243
3504.0,Stryker Creek,ST,NG,1958,712
3503.0,River Crest,ST,NG,1954,112
3502.0,Lake Creek,ST,SUB,1953,1121
3497.0,Big Brown,ST,SUB,1971,1986
3494.0,Permian Basin,ST,NG,1958,1094
3493.0,North Main,ST,NG,1952,81
3492.0,Morgan Creek,ST,NG,1950,2160
3491.0,Handley,ST,NG,1948,1431
3490.0,Graham,ST,NG,1960,634
3489.0,Eagle Mountain,ST,NG,1954,705
3487.0,Riverview,GT,NG,1974,28
3485.0,Plant X,ST,NG,1952,434
3484.0,Nichols,ST,NG,1960,473
3483.0,Moore County,ST,NG,1954,49
3482.0,Jones,ST,NG,1971,858
3478.0,Wilkes,ST,NG,1964,882
3477.0,Lone Star,ST,NG,1954,40
3476.0,Knox Lee,ST,NG,1950,501
3471.0,Webster,ST,NG,1965,426
3470.0,W A Parish,ST,SUB,1958,4005
3469.0,T H Wharton,GT,NG,1960,1435
3468.0,Sam Bertron,ST,NG,1956,872
3466.0,P H Robinson,ST,NG,1966,2313
3464.0,Greens Bayou,ST,NG,1973,878
3460.0,Cedar Bayou,ST,NG,1970,2295
3459.0,Sabine,ST,NG,1962,2049
3457.0,Lewis Creek,ST,NG,1970,542
3456.0,Newman,CT,NG,1960,910
3455.0,Parkdale,ST,NG,1953,340
3454.0,North Lake,ST,NG,1959,707
3453.0,Mountain Creek,ST,NG,1945,956
3452.0,Lake Hubbard,ST,NG,1970,927
3443.0,Victoria,ST,NG,1955,712
3441.0,Nueces Bay,CT,NG,1949,941
3439.0,Laredo,GT,NG,1951,448
3437.0,Eagle Pass,HY,WAT,1932,9
3428.0,J P Priest,HY,WAT,1970,28
3426.0,Old Hickory,HY,WAT,1957,103
3424.0,Dale Hollow,HY,WAT,1948,54
3423.0,Cordell Hull,HY,WAT,1973,99
3421.0,Wilbur,HY,WAT,1912,10
3420.0,Watts Bar Hydro,HY,WAT,1942,173
3419.0,Watts Bar Fossil,ST,BIT,1942,240
3418.0,Watauga,HY,WAT,1949,56
3417.0,Tims Ford,HY,WAT,1972,45
3416.0,South Holston,HY,WAT,1951,38
3415.0,Pickwick Landing Dam,HY,WAT,1938,240
3414.0,Ocoee 3,HY,WAT,1943,28
3413.0,Ocoee 2,HY,WAT,1913,22
3412.0,Ocoee 1,HY,WAT,1912,15
3411.0,Norris Dam,HY,WAT,1936,130
3409.0,Nickajack,HY,WAT,1968,102
3408.0,Melton Hill,HY,WAT,1964,72
3407.0,Kingston,ST,SUB,1954,1700
3406.0,Johnsonville,ST,SUB,1951,2906
3405.0,John Sevier,ST,BIT,1955,1796
3404.0,Great Falls (TN),HY,WAT,1916,33
3403.0,Gallatin (TN),ST,SUB,1956,1914
3402.0,Fort Loudoun,HY,WAT,1943,152
3401.0,Fort Patrick Henry,HY,WAT,1953,58
3400.0,Douglas Dam,HY,WAT,1943,149
3399.0,Cumberland (TN),ST,RC,1973,2600
3398.0,Chickamauga,HY,WAT,1940,156
3397.0,Cherokee Dam,HY,WAT,1942,133
3396.0,Bull Run,ST,BIT,1967,950
3395.0,Boone Dam,HY,WAT,1953,105
3394.0,Apalachia,HY,WAT,1943,93
3393.0,Allen,ST,SUB,1959,1594
3375.0,Big Bend Dam,HY,WAT,1964,491
3373.0,Fort Randall,HY,WAT,1954,320
3356.0,Oahe,HY,WAT,1962,784
3352.0,Lake Preston,GT,DFO,1948,48
3348.0,Webster IC,IC,DFO,1932,1
3347.0,Redfield,IC,NG,1962,3
3346.0,Mobile Unit,IC,DFO,1955,3
3344.0,Huron,GT,NG,1961,57
3343.0,Highmore,IC,DFO,1948,3
3342.0,Faulkton,IC,DFO,1969,2
3341.0,Clark (SD),IC,DFO,1970,2
3338.0,Aberdeen CT,GT,NG,1978,110
3334.0,Pathfinder,ST,NG,1962,75
3325.0,Ben French,GT,NG,1960,135
3323.0,J Strom Thurmond,HY,WAT,1953,357
3321.0,Spillway,HY,WAT,1950,2
3320.0,Myrtle Beach,GT,DFO,1962,109
3319.0,Jefferies,ST,BIT,1942,586
3318.0,Hilton Head,GT,DFO,1973,116
3317.0,Dolphus M Grainger,ST,BIT,1966,162
3305.0,Rocky River (SC),IC,DFO,1941,3
3298.0,Williams,ST,RC,1972,711
3297.0,Wateree,ST,BIT,1970,770
3295.0,Urquhart,CT,NG,1953,755
3293.0,Saluda Lexington,HY,WAT,1930,205
3291.0,Parr GT,GT,NG,1970,82
3290.0,Parr Hydro,HY,WAT,1914,12
3289.0,Neal Shoals,HY,WAT,1905,4
3287.0,McMeekin,ST,NG,1958,292
3286.0,Hardeeville,GT,DFO,1968,16
3285.0,Hagood,GT,NG,1991,176
3284.0,Faber Place,GT,NG,1961,11
3283.0,Columbia Canal Hydro,HY,WAT,1927,7
3281.0,Coit GT,GT,NG,1969,38
3280.0,Canadys Steam,ST,BIT,1962,489
3277.0,Burton,GT,NG,1961,33
3275.0,Lockhart,HY,WAT,1921,17
3272.0,99 Islands,HY,WAT,1910,18
3271.0,Wylie,HY,WAT,1925,60
3270.0,Wateree Hydro,HY,WAT,1919,76
3267.0,Saluda Dam,HY,WAT,1996,0
3266.0,Rocky Creek,HY,WAT,1909,28
3265.0,Oconee,ST,NUC,1973,2665
3264.0,W S Lee,GT,NG,1951,556
3262.0,Jocassee,PS,WAT,1973,772
3261.0,Hollidays Bridge Hydro,HY,WAT,1996,4
3259.0,Great Falls (SC),HY,WAT,1907,24
3258.0,Gaston Shoals,HY,WAT,1908,5
3257.0,Fishing Creek,HY,WAT,1916,40
3256.0,Dearborn,HY,WAT,1923,45
3255.0,Cedar Creek,HY,WAT,1926,45
3254.0,Buzzard Roost,HY,WAT,1940,15
3253.0,Boyds Mill Hydro,HY,WAT,1996,0
3251.0,H B Robinson,ST,NUC,1960,990
3250.0,Darlington County,GT,NG,1974,1037
3236.0,Manchester Street,CT,NG,1995,515
3182.0,FirstEnergy Springdale Power Station,ST,DFO,1945,214
3181.0,FirstEnergy Mitchell Power Station,ST,BIT,1948,447
3179.0,Hatfields Ferry Power Station,ST,BIT,1969,1728
3178.0,FirstEnergy Armstrong Power Station,ST,BIT,1958,326
3176.0,Hunlock Power Station,CT,NG,1959,145
3175.0,Safe Harbor,HY,WAT,1931,415
3170.0,Southwark,GT,DFO,1967,72
3169.0,Schuylkill Generating Station,ST,RFO,1958,231
3168.0,Richmond Generating Station,GT,DFO,1973,130
3166.0,Peach Bottom,ST,NUC,1974,2784
3164.0,Muddy Run,PS,WAT,1967,1072
3163.0,Moser Generating Station,GT,DFO,1970,63
3162.0,Falls,GT,DFO,1970,63
3161.0,Eddystone Generating Station,ST,NG,1960,1566
3160.0,Delaware Generating Station,ST,RFO,1953,389
3159.0,Cromby Generating Station,ST,RFO,1954,419
3157.0,Chester Generating Station,GT,DFO,1969,54
3155.0,TalenEnergy Martins Creek LLC Williamsport,GT,DFO,1967,32
3154.0,TalenEnergy Martins Creek LLC West Shore,GT,DFO,1969,36
3153.0,Wallenpaupack,HY,WAT,1926,40
3152.0,Sunbury Generation LP,ST,BIT,1949,488
3149.0,TalenEnergy Montour,ST,RC,1971,1774
3148.0,TalenEnergy Martins Creek,ST,NG,1954,2104
3147.0,TalenEnergy Martins Creek LLC Lock Haven,GT,DFO,1969,18
3146.0,TalenEnergy Martins Creek LLC Jenkins,GT,DFO,1969,32
3145.0,Holtwood,HY,WAT,1910,243
3144.0,TalenEnergy Martins Creek LLC Harwood,GT,DFO,1967,32
3143.0,TalenEnergy Martins Creek LLC Harrisburg,GT,DFO,1967,64
3142.0,TalenEnergy Martins Creek LLC Fishbach,GT,DFO,1969,36
3140.0,Brunner Island,ST,NG,1961,1621
3139.0,TalenEnergy Martin Creek LLC Allentown,GT,DFO,1967,64
3138.0,New Castle Plant,ST,NG,1939,424
3136.0,Keystone,ST,BIT,1967,1884
3134.0,Wayne,GT,DFO,1972,53
3132.0,Warren,ST,BIT,1948,137
3131.0,Shawville,ST,NG,1954,632
3130.0,Seward (PA),ST,WC,1950,803
3124.0,Piney,HY,WAT,1924,30
3122.0,Homer City Generating Station,ST,BIT,1969,2012
3120.0,Blossburg,GT,NG,1971,24
3118.0,Conemaugh,ST,BIT,1970,1884
3117.0,York Haven,HY,WAT,1905,19
3116.0,Tolna,GT,DFO,1972,54
3115.0,Titus,ST,BIT,1951,261
3114.0,Shawnee (PA),GT,DFO,1972,20
3113.0,Portland (PA),ST,BIT,1958,621
3112.0,Orrtanna,GT,DFO,1971,27
3111.0,Mountain,GT,DFO,1972,54
3110.0,Hunterstown,GT,DFO,1971,60
3109.0,Hamilton (PA),GT,DFO,1971,19
3099.0,F R Phillips,ST,BIT,1943,410
3098.0,Elrama Power Plant,ST,BIT,1952,510
3096.0,Brunot Island,CT,NG,1972,414
3084.0,McNary,HY,WAT,1953,990
3083.0,Lookout Point,HY,WAT,1955,120
3082.0,John Day,HY,WAT,1968,2160
3081.0,Hills Creek,HY,WAT,1962,30
3080.0,Green Peter,HY,WAT,1967,80
3078.0,Dexter,HY,WAT,1955,15
3077.0,Detroit,HY,WAT,1953,100
3076.0,Cougar,HY,WAT,1964,26
3075.0,Bonneville,HY,WAT,1938,1156
3074.0,Big Cliff,HY,WAT,1954,18
3071.0,Walterville,HY,WAT,1949,8
3068.0,Leaburg,HY,WAT,1930,15
3067.0,Carmen Smith,HY,WAT,1963,113
3053.0,Sullivan,HY,WAT,1924,13
3050.0,Round Butte,HY,WAT,1964,372
3049.0,River Mill,HY,WAT,1911,17
3048.0,Pelton,HY,WAT,1957,109
3047.0,North Fork,HY,WAT,1958,40
3045.0,Faraday,HY,WAT,1907,35
3044.0,Bull Run Hydro,HY,WAT,1912,20
3041.0,Wallowa Falls,HY,WAT,1921,1
3040.0,Toketee Falls,HY,WAT,1949,42
3037.0,Soda Springs,HY,WAT,1952,11
3036.0,Slide Creek,HY,WAT,1951,18
3035.0,Prospect 4,HY,WAT,1944,1
3034.0,Prospect 3,HY,WAT,1932,7
3033.0,Prospect 2,HY,WAT,1928,32
3032.0,Prospect 1,HY,WAT,1912,3
3031.0,Powerdale,HY,WAT,1923,6
3029.0,Lemolo 1,HY,WAT,1955,32
3028.0,John C Boyle,HY,WAT,1958,98
3026.0,Fish Creek,HY,WAT,1952,11
3025.0,East Side,HY,WAT,1924,3
3024.0,Eagle Point,HY,WAT,1957,2
3021.0,Clearwater 2,HY,WAT,1953,26
3020.0,Clearwater 1,HY,WAT,1953,15
3014.0,Oxbow (OR),HY,WAT,1961,188
3013.0,Hells Canyon,HY,WAT,1967,390
3008.0,Mooreland,ST,NG,1964,305
3006.0,Anadarko Plant,CS,NG,1953,534
3004.0,Tenkiller Ferry,HY,WAT,1953,38
3003.0,Fort Gibson,HY,WAT,1953,44
3000.0,Boomer Lake Station,ST,NG,1956,28
2995.0,Pawhuska,IC,DFO,1949,8
2991.0,Mangum,IC,NG,1929,6
2987.0,Webbers Falls,HY,WAT,1973,60
2986.0,Kingfisher,IC,NG,1954,7
2985.0,Robert S Kerr,HY,WAT,1971,108
2984.0,Keystone Dam,HY,WAT,1968,70
2982.0,Salina,PS,WAT,1968,258
2981.0,Pensacola,HY,WAT,1940,126
2980.0,Markham,HY,WAT,1964,128
2975.0,Cushing,IC,DFO,1936,20
2966.0,Weleetka,GT,NG,1963,163
2965.0,Tulsa,ST,NG,1948,443
2964.0,Southwestern,ST,NG,1952,657
2963.0,Northeastern,ST,SUB,1961,1949
2958.0,Woodward,GT,NG,1963,11
2956.0,Seminole (OK),ST,NG,1971,1724
2953.0,Mustang,GT,NG,1950,1077
2952.0,Muskogee,ST,SUB,1956,1889
2951.0,Horseshoe Lake,ST,NG,1958,973
2950.0,Enid,GT,NG,1965,60
2947.0,Arbuckle,ST,NG,1953,73
2945.0,Anadarko,IC,DFO,1949,6
2943.0,Shelby Municipal Light Plant,ST,BIT,1948,39
2942.0,St Marys,ST,BIT,1957,41
2937.0,Piqua Power Plant,ST,BIT,1940,79
2936.0,Painesville,ST,BIT,1949,54
2935.0,Orrville,ST,BIT,1949,84
2933.0,Oberlin (OH),IC,NG,1934,18
2921.0,Lebanon,GT,DFO,1940,32
2917.0,Hamilton (OH),ST,NG,1954,137
2914.0,Dover,ST,BIT,1944,52
2909.0,West 41st Street,GT,NG,1970,32
2908.0,Lake Road (OH),ST,BIT,1941,160
2906.0,Collinwood,GT,NG,1971,16
2903.0,Bryan (OH),GT,NG,1948,38
2902.0,Arcanum,IC,DFO,1946,0
2881.0,Stryker,GT,DFO,1968,19
2880.0,Richland,GT,NG,1965,450
2878.0,FirstEnergy Bay Shore,ST,SUB,1955,663
2877.0,FirstEnergy Acme,ST,BIT,1951,72
2876.0,Kyger Creek,ST,BIT,1955,1085
2872.0,Muskingum River,ST,BIT,1953,1527
2869.0,FirstEnergy West Lorain,GT,NG,1973,555
2867.0,FirstEnergy Toronto,ST,BIT,1940,173
2866.0,FirstEnergy W H Sammis,ST,BIT,1959,2464
2864.0,FirstEnergy R E Burger,ST,BIT,1944,545
2861.0,Niles Power Plant,ST,BIT,1954,291
2860.0,FirstEnergy Mad River,GT,DFO,1972,54
2857.0,FirstEnergy Edgewater,ST,NG,1957,169
2854.0,Yankee Street,GT,NG,1969,123
2852.0,Sidney (OH),IC,DFO,1968,10
2851.0,Monument,IC,DFO,1968,10
2850.0,J M Stuart,ST,BIT,1969,2448
2848.0,O H Hutchings,ST,BIT,1948,446
2847.0,Frank M Tait,GT,NG,1967,301
2843.0,Picway,ST,BIT,1955,106
2840.0,Conesville,ST,BIT,1957,2172
2838.0,FirstEnergy Lake Shore,ST,SUB,1962,260
2837.0,FirstEnergy Eastlake,ST,BIT,1953,1289
2836.0,Avon Lake,ST,BIT,1949,873
2835.0,FirstEnergy Ashtabula,ST,SUB,1953,440
2832.0,Miami Fort,ST,BIT,1949,1441
2831.0,Dicks Creek,GT,NG,1965,158
2830.0,Walter C Beckjord,ST,BIT,1952,1431
2828.0,Cardinal,ST,BIT,1967,1880
2824.0,Stanton,ST,SUB,1967,191
2823.0,Milton R Young,ST,RC,1970,734
2822.0,Harwood,IC,DFO,1947,3
2821.0,Grand Forks,IC,DFO,1941,8
2817.0,Leland Olds,ST,RC,1966,656
2815.0,Garrison,HY,WAT,1956,614
2811.0,Grafton,IC,DFO,1937,2
2801.0,Jamestown,GT,DFO,1976,48
2791.0,Williston,GT,NG,1953,10
2790.0,R M Heskett,ST,LIG,1954,203
2783.0,Buxton,IC,DFO,1991,15
2780.0,Hiwassee Dam,PS,WAT,1940,165
2779.0,Fontana Dam,HY,WAT,1945,254
2778.0,Chatuge,HY,WAT,1954,13
2773.0,Lake Lure,HY,WAT,1927,3
2758.0,Roanoke Rapids,HY,WAT,1955,100
2757.0,Kitty Hawk,GT,DFO,1971,46
2756.0,Gaston,HY,WAT,1963,176
2751.0,Tuckasegee,HY,WAT,1950,3
2750.0,Thorpe,HY,WAT,1941,21
2749.0,Tennessee Creek,HY,WAT,1955,10
2747.0,Nantahala,HY,WAT,1942,43
2746.0,Mission,HY,WAT,1924,0
2745.0,Franklin (NC),HY,WAT,1925,0
2743.0,Cedar Cliff,HY,WAT,1952,6
2741.0,Bear Creek Dam,HY,WAT,1954,9
2736.0,Tuxedo,HY,WAT,1920,4
2735.0,Turner Shoals,HY,WAT,1996,4
2732.0,Riverbend,ST,BIT,1952,598
2730.0,Rhodhiss,HY,WAT,1925,24
2729.0,Oxford Dam,HY,WAT,1928,36
2728.0,Mountain Island,HY,WAT,1923,60
2727.0,Marshall (NC),ST,BIT,1965,2118
2726.0,Lookout Shoals,HY,WAT,1915,24
2723.0,Dan River,CT,NG,1949,1084
2722.0,Cowans Ford,HY,WAT,1963,348
2721.0,James E. Rogers Energy Complex,ST,BIT,1940,2540
2720.0,Buck,CT,NG,1941,1169
2719.0,Bridgewater,HY,WAT,1919,27
2718.0,G G Allen,ST,BIT,1957,1148
2716.0,W H Weatherspoon,ST,BIT,1949,325
2715.0,Walters,HY,WAT,1930,108
2714.0,Tillery,HY,WAT,1928,84
2713.0,L V Sutton Steam,ST,BIT,1954,760
2712.0,Roxboro,ST,BIT,1966,2573
2711.0,Morehead,GT,DFO,1968,16
2710.0,Marshall Dam,HY,WAT,1985,4
2709.0,HF Lee Plant,ST,BIT,1951,505
2708.0,Cape Fear,ST,BIT,1923,429
2707.0,Blewett,GT,DFO,1912,92
2706.0,Asheville,GT,NG,1964,835
2700.0,Watertown,HY,WAT,1924,6
2695.0,Charles P Keller,IC,NG,1942,31
2694.0,Robert Moses Power Dam,HY,WAT,1958,912
2693.0,Robert Moses Niagara,HY,WAT,1961,2423
2692.0,Lewiston Niagara,PS,WAT,1961,240
2691.0,Blenheim Gilboa,PS,WAT,1973,1000
2686.0,Vischer Ferry,HY,WAT,1924,10
2685.0,Crescent,HY,WAT,1924,10
2682.0,S A Carlson,ST,NG,1951,95
2681.0,Greenport,IC,DFO,1957,7
2679.0,Plant No 2 Freeport,GT,NG,1969,96
2678.0,Plant No 1 Freeport,IC,DFO,1941,12
2646.0,Wiscoy 170,HY,WAT,1922,0
2644.0,Rochester 9,GT,NG,1969,19
2642.0,Rochester 7,ST,BIT,1948,251
2641.0,Rochester 5,HY,WAT,1918,42
2640.0,Rochester 3,GT,DFO,1969,19
2639.0,Rochester 2,HY,WAT,1960,8
2638.0,Rochester 26,HY,WAT,1952,3
2634.0,Swinging Bridge 2,HY,WAT,1939,6
2633.0,Swinging Bridge 1,HY,WAT,1930,5
2632.0,Shoemaker,GT,NG,1972,41
2631.0,Rio,HY,WAT,1927,10
2630.0,Mongaup,HY,WAT,1923,4
2629.0,Lovett,ST,BIT,1955,448
2628.0,Hillburn,GT,NG,1972,46
2627.0,Grahamsville,HY,WAT,1956,18
2625.0,Bowline Point,ST,NG,1972,1992
2624.0,Yaleville,HY,WAT,1940,2
2623.0,Waterport,HY,WAT,1921,4
2621.0,Varick,HY,WAT,1926,8
2619.0,Trenton Falls,HY,WAT,1919,20
2617.0,Taylorville,HY,WAT,1913,4
2616.0,Sugar Island,HY,WAT,1924,4
2614.0,Stewarts Bridge,HY,WAT,1952,38
2613.0,Stark,HY,WAT,1957,26
2612.0,Spier Falls,HY,WAT,1924,56
2611.0,South Colton,HY,WAT,1954,21
2610.0,Soft Maple,HY,WAT,1925,16
2609.0,Sherman Island,HY,WAT,1923,36
2608.0,Sewalls,HY,WAT,1925,2
2607.0,Schuylerville,HY,WAT,1919,2
2606.0,Schaghticoke,HY,WAT,1908,16
2605.0,School Street,HY,WAT,1915,42
2604.0,South Edwards,HY,WAT,1912,4
2601.0,Raymondville,HY,WAT,1928,2
2600.0,Rainbow Falls Hydro,HY,WAT,1956,25
2599.0,Prospect,HY,WAT,1959,19
2598.0,Piercefield,HY,WAT,1924,1
2597.0,Parishville,HY,WAT,1925,3
2596.0,Oswego Falls West,HY,WAT,1914,3
2595.0,Oswego Falls East,HY,WAT,1914,6
2594.0,Oswego Harbor Power,ST,RFO,1948,1894
2591.0,Norwood,HY,WAT,1928,2
2590.0,Norfolk,HY,WAT,1928,5
2589.0,Nine Mile Point Nuclear Station,ST,NUC,1969,1900
2588.0,Moshier,HY,WAT,1929,8
2586.0,Minetto,HY,WAT,1915,10
2583.0,Macomb,HY,WAT,1940,1
2582.0,Lighthouse Hill,HY,WAT,1930,8
2581.0,Kamargo,HY,WAT,1921,6
2580.0,Johnsonville Dam,HY,WAT,1909,4
2579.0,Inghams,HY,WAT,1912,6
2578.0,Hydraulic Race,HY,WAT,1942,3
2576.0,Higley,HY,WAT,1913,10
2575.0,High Falls - Croghan NY,HY,WAT,1925,6
2574.0,High Dam,HY,WAT,1928,9
2573.0,Heuvelton,HY,WAT,1924,0
2572.0,Herrings,HY,WAT,1924,3
2571.0,Hannawa,HY,WAT,1914,8
2569.0,Granby,HY,WAT,1983,10
2568.0,Glenwood Hydro,HY,WAT,1950,0
2566.0,Fulton Hydro,HY,WAT,1924,0
2564.0,Franklin (NY),HY,WAT,1911,2
2563.0,Flat Rock,HY,WAT,1924,5
2562.0,Five Falls,HY,WAT,1955,24
2561.0,East Norfolk,HY,WAT,1928,4
2560.0,Ephratah,HY,WAT,1911,4
2559.0,Elmer,HY,WAT,1916,2
2557.0,Effley,HY,WAT,1902,1
2556.0,Eel Weir,HY,WAT,1928,2
2555.0,Eagle,HY,WAT,1914,6
2554.0,Dunkirk Generating Plant,ST,SUB,1950,626
2552.0,Deferiet,HY,WAT,1925,12
2551.0,Colton,HY,WAT,1918,36
2550.0,Chasm,HY,WAT,1913,3
2548.0,Browns Falls,HY,WAT,1923,16
2547.0,Blake,HY,WAT,1957,15
2546.0,Black River,HY,WAT,1920,6
2545.0,Bennetts Bridge,HY,WAT,1932,36
2544.0,Belfort,HY,WAT,1903,1
2543.0,Beardslee,HY,WAT,1924,20
2540.0,Allens Falls,HY,WAT,1927,4
2539.0,Bethlehem Energy Center,CT,NG,1952,1292
2535.0,Cayuga Operating Company,ST,BIT,1955,322
2533.0,Keuka,HY,WAT,1928,2
2532.0,Kent Falls,HY,WAT,1928,12
2530.0,High Falls - Saranac NY,HY,WAT,1948,15
2528.0,Harris Lake,IC,DFO,1967,3
2527.0,Greenidge Generation LLC,ST,NG,1950,162
2522.0,Cadyville,HY,WAT,1921,5
2521.0,West Babylon,GT,DFO,1971,52
2520.0,Southold,GT,DFO,1964,14
2519.0,South Hampton,GT,DFO,1963,11
2518.0,Shoreham,GT,DFO,1966,70
2517.0,Port Jefferson,ST,NG,1948,590
2516.0,Northport,ST,NG,1967,1564
2515.0,Montauk,IC,DFO,1962,6
2514.0,Glenwood,ST,NG,1952,338
2513.0,Far Rockaway,ST,NG,1953,100
2512.0,East Hampton,GT,DFO,1962,27
2511.0,E F Barrett,ST,NG,1956,684
2504.0,74th Street,GT,KER,1968,36
2503.0,59th Street,GT,NG,1969,17
2502.0,Waterside,ST,RFO,1941,198
2500.0,Ravenswood,ST,NG,1963,2617
2499.0,Narrows Gas Turbines Generating,GT,NG,1972,352
2497.0,Indian Point 2,ST,NUC,1973,1299
2496.0,Hudson Avenue,ST,RFO,1951,108
2494.0,Gowanus Gas Turbines Generating,GT,DFO,1971,640
2493.0,East River,GT,NG,1951,716
2491.0,Charles Poletti,ST,RFO,1977,883
2490.0,Arthur Kill Generating Station,ST,NG,1959,895
2487.0,West Coxsackie,GT,NG,1969,21
2486.0,Sturgeon,HY,WAT,1924,12
2485.0,South Cairo,GT,KER,1970,21
2483.0,Neversink,HY,WAT,1953,25
2481.0,Dashville,HY,WAT,1920,4
2480.0,Danskammer Generating Station,ST,NG,1951,535
2475.0,Algodones,ST,NG,1954,45
2469.0,Tucumcari,IC,DFO,1951,15
2465.0,Animas,ST,NG,1927,49
2454.0,Cunningham,ST,NG,1957,517
2453.0,Carlsbad,GT,NG,1977,16
2451.0,San Juan,ST,BIT,1973,1848
2450.0,Reeves,ST,NG,1960,154
2447.0,Las Vegas,GT,DFO,1973,20
2446.0,Maddox,ST,NG,1963,210
2444.0,Rio Grande,ST,NG,1957,372
2442.0,Four Corners,ST,SUB,1963,2269
2434.0,Howard Down,ST,RFO,1942,137
2411.0,PSEG Sewaren Generating Station,ST,NG,1948,565
2410.0,PSEG Salem Generating Station,ST,NUC,1971,2381
2409.0,PSEG National Park Generating Station,GT,KER,1969,18
2408.0,PSEG Mercer Generating Station,ST,BIT,1960,767
2406.0,PSEG Linden Generating Station,CT,NG,1957,2118
2404.0,PSEG Kearny Generating Station,GT,NG,1953,1420
2403.0,PSEG Hudson Generating Station,ST,NG,1964,1228
2401.0,PSEG Essex Generating Station,GT,NG,1971,585
2400.0,PSEG Edison Generating Station,GT,NG,1971,492
2399.0,PSEG Burlington Generating Station,GT,DFO,1967,806
2398.0,Bergen Generating Station,CT,NG,1959,1415
2397.0,PSEG Bayonne Generating Station,GT,KER,1970,42
2393.0,Gilbert,GT,NG,1970,608
2390.0,Sayreville,GT,NG,1955,462
2388.0,Oyster Creek,ST,NUC,1969,550
2385.0,Werner,GT,DFO,1972,212
2384.0,Deepwater,ST,NG,1930,225
2383.0,Missouri Avenue,GT,KER,1969,54
2382.0,Middle Station,GT,KER,1970,79
2380.0,Cedar Station,GT,KER,1972,67
2379.0,Carlls Corner,GT,NG,1973,82
2378.0,B L England,ST,BIT,1961,483
2369.0,White Lake,GT,JF,1968,18
2368.0,Smith (NH),HY,WAT,1948,15
2367.0,Schiller,ST,BIT,1952,171
2364.0,Merrimack,ST,BIT,1960,494
2362.0,Lost Nation,GT,DFO,1969,18
2360.0,Jackman,HY,WAT,1926,3
2359.0,Hooksett,HY,WAT,1927,1
2358.0,Gorham,HY,WAT,1917,0
2357.0,Garvins Falls,HY,WAT,1925,11
2356.0,Eastman Falls,HY,WAT,1937,5
2355.0,Ayers Island,HY,WAT,1925,6
2354.0,Amoskeag,HY,WAT,1922,16
2353.0,Wilder,HY,WAT,1950,35
2352.0,Vernon Dam,HY,WAT,1909,42
2351.0,S C Moore,HY,WAT,1957,188
2349.0,Comerford,HY,WAT,1930,166
2341.0,Mohave,ST,SUB,1971,1636
2336.0,Tracy,CT,NG,1961,1179
2330.0,Fort Churchill,ST,NG,1968,230
2326.0,Sunrise,GT,NG,1964,166
2324.0,Reid Gardner,ST,BIT,1965,636
2322.0,Clark (NVE),GT,NG,1955,1556
2316.0,Wisner,IC,DFO,1947,2
2315.0,Wilber,IC,DFO,1960,2
2313.0,West Point Municipal,IC,NG,1947,7
2312.0,Wayne IC,IC,DFO,1947,19
2311.0,Wakefield,IC,NG,1915,2
2310.0,Wahoo,IC,NG,1936,12
2308.0,Tecumseh,IC,DFO,1948,5
2305.0,Stuart (NE),IC,DFO,1952,0
2303.0,Spalding,IC,DFO,1919,1
2302.0,Sidney (NE),IC,NG,1931,7
2300.0,Sargent,IC,DFO,1954,1
2299.0,Red Cloud,IC,DFO,1950,4
2297.0,Plainview Muncipal Power,IC,DFO,1949,3
2296.0,Pender,IC,NG,1939,3
2295.0,Oxford (NE),IC,NG,1953,1
2294.0,Ord,IC,DFO,1963,10
2292.0,Sarpy County,GT,NG,1972,334
2291.0,North Omaha,ST,SUB,1954,642
2290.0,Jones Street,GT,DFO,1973,130
2289.0,Fort Calhoun,ST,NUC,1973,502
2278.0,Spencer Hydro,HY,WAT,1927,1
2277.0,Sheldon,ST,SUB,1961,227
2274.0,North Platte,HY,WAT,1935,26
2273.0,Monroe (NE),HY,WAT,1936,6
2271.0,McCook,GT,DFO,1973,56
2268.0,Kearney,HY,WAT,1921,1
2266.0,Hebron,GT,DFO,1973,56
2265.0,Hallam,GT,NG,1973,56
2260.0,Columbus,HY,WAT,1936,45
2256.0,Syracuse # 2,IC,NG,1969,4
2255.0,Nebraska City # 1,IC,NG,1953,24
2253.0,Lyons,IC,DFO,1930,1
2250.0,J Street,GT,NG,1972,27
2249.0,Laurel,IC,NG,1956,2
2248.0,Kimball,IC,DFO,1944,8
2244.0,North Denver,ST,NG,1957,39
2243.0,Don Henry,GT,NG,1972,22
2241.0,C W Burdick,GT,NG,1957,238
2240.0,Lon Wright,ST,SUB,1957,169
2238.0,Franklin (NE),IC,NG,1955,2
2237.0,Falls City,IC,NG,1930,19
2236.0,Fairbury,ST,NG,1938,18
2235.0,Emerson,IC,NG,1947,1
2234.0,Deshler,IC,DFO,1950,1
2233.0,David City,IC,DFO,1949,8
2232.0,Curtis,IC,NG,1955,2
2231.0,Crete,IC,NG,1939,13
2230.0,Chappell,IC,DFO,1940,1
2229.0,Johnson 2,HY,WAT,1941,22
2228.0,Johnson 1,HY,WAT,1941,20
2227.0,Jeffrey,HY,WAT,1941,20
2226.0,Canaday,ST,NG,1958,108
2225.0,Campbell Village,IC,DFO,1927,1
2223.0,Cambridge,IC,DFO,1957,5
2222.0,Burwell,IC,DFO,1955,2
2221.0,Broken Bow,IC,NG,1936,6
2217.0,Beaver City,IC,DFO,1947,0
2216.0,Arnold,IC,DFO,1937,0
2215.0,Auburn,IC,NG,1949,16
2214.0,Ansley,IC,DFO,1969,0
2204.0,Yellowtail,HY,WAT,1966,257
2203.0,Hungry Horse,HY,WAT,1952,428
2199.0,Noxon Rapids,HY,WAT,1959,566
2196.0,Old Faithful,IC,DFO,1979,2
2195.0,Thompson Falls,HY,WAT,1915,87
2194.0,Ryan,HY,WAT,1915,50
2193.0,Rainbow (MT),HY,WAT,1910,93
2192.0,Mystic,HY,WAT,1925,12
2191.0,Morony,HY,WAT,1930,53
2190.0,Milltown,HY,WAT,1908,0
2188.0,Selis Ksanka Qlispe,HY,WAT,1938,206
2187.0,J E Corette Plant,ST,SUB,1968,172
2186.0,Holter,HY,WAT,1918,36
2185.0,Hauser,HY,WAT,1911,13
2182.0,Cochrane,HY,WAT,1958,60
2181.0,Black Eagle,HY,WAT,1927,22
2177.0,Miles City GT,GT,NG,1972,23
2176.0,Glendive GT,GT,NG,1979,83
2171.0,Missouri City,ST,BIT,1954,46
2168.0,Thomas Hill,ST,RC,1966,1181
2167.0,New Madrid,ST,RC,1972,1300
2166.0,Table Rock,HY,WAT,1959,200
2165.0,Vandalia,IC,DFO,1957,8
2164.0,Unionville City of,IC,DFO,1935,6
2163.0,Trenton Diesel,IC,DFO,1937,4
2162.0,Main Street (MO),GT,DFO,1968,15
2161.0,James River Power Station,GT,NG,1957,450
2158.0,Coleman,IC,DFO,1965,4
2146.0,Monroe (MO),IC,DFO,1940,14
2145.0,Memphis,IC,DFO,1945,6
2144.0,Marshall (MO),ST,BIT,1948,56
2142.0,Malden,IC,DFO,1951,13
2141.0,Macon,IC,DFO,1968,11
2140.0,La Plata,IC,DFO,1960,6
2139.0,Kennett,IC,NG,1942,40
2138.0,Kahoka,IC,DFO,1941,4
2137.0,Jackson (MO),IC,DFO,1936,26
2136.0,Station I,GT,DFO,1972,38
2135.0,Station H,GT,NG,1972,43
2134.0,Jackson Square,GT,DFO,1969,36
2132.0,Blue Valley,ST,NG,1958,176
2131.0,Higginsville,GT,NG,1945,49
2127.0,Gallatin (MO),IC,DFO,1977,6
2126.0,Fulton (MO),GT,NG,1966,38
2125.0,Fayette,IC,DFO,1969,9
2124.0,Stockton Hydro,HY,WAT,1973,52
2123.0,Columbia (MO),ST,BIT,1957,100
2122.0,Chillicothe,GT,NG,1938,103
2121.0,Carthage,IC,NG,1946,40
2120.0,Carrollton,IC,NG,1941,20
2115.0,Butler Municipal Power Plant,IC,DFO,1946,11
2113.0,Albany,IC,DFO,1954,5
2108.0,Taum Sauk,PS,WAT,1963,408
2107.0,Sioux,ST,RC,1967,1098
2106.0,Osage Dam,HY,WAT,1931,204
2104.0,Meramec,ST,SUB,1953,1040
2103.0,Labadie,ST,SUB,1970,2388
2102.0,Howard Bend,GT,DFO,1973,47
2099.0,Niangua,HY,WAT,1930,2
2098.0,Lake Road (MO),ST,NG,1950,271
2096.0,Viaduct,GT,NG,1967,30
2094.0,Sibley,ST,SUB,1960,524
2092.0,Ralph Green,GT,NG,1981,74
2090.0,Nevada,GT,DFO,1974,22
2083.0,Kirksville,GT,NG,1967,15
2082.0,Fairgrounds,GT,DFO,1974,68
2081.0,Northeast (MO),GT,DFO,1972,486
2080.0,Montrose,ST,SUB,1958,564
2079.0,Hawthorn,ST,SUB,1969,1070
2078.0,Grand Avenue,ST,NG,1929,83
2076.0,Asbury,ST,SUB,1970,230
2071.0,Paulding,GT,DFO,1972,20
2070.0,Moselle,CT,NG,1970,509
2068.0,Benndale,GT,NG,1969,16
2067.0,Yazoo,CA,NG,1945,33
2063.0,Wright,ST,NG,1948,17
2062.0,Henderson,ST,NG,1960,53
2060.0,Third Street,ST,NG,1946,13
2059.0,L L Wilkins,CS,NG,1961,54
2053.0,Rex Brown,ST,NG,1948,348
2052.0,Natchez,ST,NG,1951,66
2051.0,Delta (MS),ST,NG,1953,224
2050.0,Baxter Wilson,ST,NG,1967,1327
2049.0,Jack Watson,ST,NG,1957,1212
2048.0,Sweatt,ST,NG,1951,136
2047.0,Chevron Oil,GT,NG,1967,169
2046.0,Eaton,ST,NG,1945,75
2042.0,Maple Lake,GT,DFO,1978,25
2039.0,Elk River,GT,NG,1951,238
2038.0,Cambridge CT,GT,NG,1978,194
2024.0,Worthington,IC,DFO,2002,16
2023.0,Windom,GT,DFO,1980,6
2022.0,Willmar,ST,SUB,1949,34
2021.0,Westbrook,IC,DFO,1940,2
2020.0,Wells IC,IC,DFO,1950,7
2018.0,Virginia,ST,WDS,1954,29
2015.0,Truman,IC,DFO,1938,5
2014.0,Thief River Falls,IC,DFO,1927,5
2013.0,Spring Valley,IC,DFO,1949,7
2012.0,Springfield (MN),IC,DFO,1961,9
2011.0,Sleepy Eye,IC,DFO,1961,10
2009.0,Redwood Falls,IC,NG,1930,7
2008.0,Silver Lake,ST,BIT,1948,99
2007.0,Rochester Hydro,HY,WAT,1984,2
2005.0,Princeton (MN),IC,DFO,1938,11
2004.0,Preston (MN),IC,NG,1935,3
2003.0,Owatonna,ST,NG,1957,45
2002.0,North Branch (MN),IC,DFO,1960,11
2001.0,New Ulm,GT,DFO,1957,78
1999.0,New Prague,IC,NG,1944,16
1998.0,Mountain Lake,IC,DFO,1954,7
1997.0,Mora,IC,DFO,1957,13
1996.0,Moose Lake,IC,DFO,1952,9
1995.0,Moorhead,GT,DFO,1961,10
1994.0,Melrose,IC,DFO,1945,8
1993.0,Marshall (MN),GT,DFO,1969,18
1990.0,Luverne,IC,DFO,1936,6
1989.0,Litchfield,IC,DFO,1963,14
1987.0,Lanesboro,IC,DFO,1923,3
1985.0,Lake Crystal,IC,DFO,1952,5
1983.0,Kenyon Municipal,IC,DFO,1997,3
1982.0,Janesville,IC,DFO,1955,3
1980.0,Hutchinson Plant #1,IC,NG,1941,43
1979.0,Hibbing,ST,SUB,1965,35
1977.0,Granite Falls,HY,WAT,1932,0
1976.0,Grand Marais,IC,DFO,1940,8
1975.0,Glencoe,IC,DFO,1957,37
1973.0,Fairmont (MN),IC,NG,1945,58
1972.0,Fairfax,IC,DFO,1940,2
1971.0,Elk River City of,IC,DFO,1948,8
1970.0,Detroit Lakes,GT,DFO,1968,12
1969.0,Delano,GT,DFO,1946,22
1967.0,Blue Earth,IC,DFO,1960,7
1966.0,Blooming Prairie,IC,DFO,1937,7
1964.0,Benson City of,IC,DFO,1948,6
1958.0,Alexandria,IC,DFO,1948,9
1956.0,Adrian,IC,DFO,1948,2
1943.0,Hoot Lake,ST,SUB,1914,137
1934.0,Wilmarth,ST,MSW,1948,24
1932.0,West Fairbault,GT,NG,1965,48
1929.0,St James,IC,DFO,2002,12
1927.0,Riverside (MN),CT,NG,1964,822
1926.0,Red Wing,ST,MSW,1949,22
1925.0,Prairie Island,ST,NUC,1974,1186
1922.0,Monticello Nuclear Facility,ST,NUC,1971,685
1918.0,Minnesota Valley,ST,NG,1953,46
1915.0,Allen S King,ST,SUB,1958,598
1914.0,Key City,GT,NG,1970,72
1913.0,Inver Hills,GT,NG,1972,278
1912.0,High Bridge,CT,NG,1956,920
1911.0,Hennepin Island,HY,WAT,1954,10
1910.0,Granite City,GT,NG,1969,72
1904.0,Black Dog,CT,NG,1952,1440
1902.0,Winton,HY,WAT,1923,4
1901.0,Thomson,HY,WAT,1907,71
1900.0,Sylvan,HY,WAT,1913,0
1899.0,Scanlon,HY,WAT,1923,0
1898.0,Pillager,HY,WAT,1917,0
1897.0,M L Hibbard,ST,WDS,1931,122
1896.0,Little Falls (MN),HY,WAT,1906,2
1895.0,Knife Falls,HY,WAT,1922,0
1894.0,Fond Du Lac,HY,WAT,1924,12
1893.0,Clay Boswell,ST,SUB,1958,1072
1892.0,Blanchard,HY,WAT,1925,18
1891.0,Syl Laskin,ST,NG,1953,116
1889.0,Hills,IC,DFO,1960,4
1888.0,Fox Lake,ST,NG,1950,131
1881.0,Vestaburg,GT,NG,1939,29
1880.0,Claude Vandyke,GT,NG,1959,50
1879.0,Scottville,IC,DFO,1947,3
1877.0,George Johnson,GT,NG,1947,80
1875.0,Ubly,IC,DFO,1938,7
1874.0,Caro,IC,DFO,1949,8
1873.0,Tower,GT,DFO,1948,24
1871.0,Kleber,HY,WAT,1925,0
1868.0,Dafter,IC,DFO,1955,9
1867.0,Zeeland,IC,NG,1957,20
1866.0,Wyandotte,ST,NG,1948,75
1865.0,Saint Marys Falls,HY,WAT,1932,22
1856.0,Hydro Plant,HY,WAT,1911,0
1855.0,Sturgis City Diesel Plant,IC,NG,1947,10
1853.0,Main Street (MI),IC,NG,1947,4
1852.0,St Louis,IC,DFO,1919,4
1851.0,Frank Jenkins,IC,DFO,1935,3
1848.0,Norway (MI),HY,WAT,1905,5
1846.0,Newberry,IC,DFO,1948,4
1844.0,Marshall (MI),IC,NG,1928,10
1843.0,Shiras,ST,SUB,1967,77
1842.0,James R Smith,HY,WAT,1919,2
1840.0,Plant Four,GT,DFO,1979,24
1837.0,Lowell,IC,NG,1956,3
1832.0,Erickson Station,ST,SUB,1973,154
1831.0,Eckert Station,ST,SUB,1954,375
1830.0,James De Young,ST,BIT,1951,62
1829.0,Hillsdale,IC,NG,1947,24
1827.0,Hart,IC,DFO,1938,4
1826.0,Grand Haven Diesel Plant,IC,NG,1942,19
1825.0,J B Sims,ST,BIT,1983,80
1821.0,Crystal Falls,HY,WAT,1914,0
1818.0,Clinton,IC,NG,1939,2
1787.0,Grand Rapids,HY,WAT,1918,5
1786.0,White Rapids,HY,WAT,1927,9
1785.0,Way Dam,HY,WAT,1949,1
1784.0,Twin Falls (MI),HY,WAT,1912,5
1781.0,Peavy Falls,HY,WAT,1943,12
1780.0,Michigamme Falls,HY,WAT,1953,8
1778.0,Kingsford,HY,WAT,1924,6
1777.0,Hemlock Falls,HY,WAT,1953,2
1776.0,Chalk Hill,HY,WAT,1927,6
1775.0,Brule,HY,WAT,1919,5
1774.0,Victoria Dam,HY,WAT,1931,12
1773.0,Prickett,HY,WAT,1931,2
1772.0,John H Warden,ST,WDS,1959,18
1769.0,Presque Isle,ST,SUB,1955,623
1761.0,Mottville,HY,WAT,1923,0
1760.0,Constantine,HY,WAT,1923,0
1757.0,Superior Falls,HY,WAT,1917,0
1756.0,Saxon Falls,HY,WAT,1913,0
1754.0,Buchanan (MI),HY,WAT,1919,0
1753.0,Berrien Springs,HY,WAT,1996,0
1751.0,Edison Sault,HY,WAT,1901,0
1750.0,Manistique,IC,DFO,1960,4
1746.0,Wilmot,IC,DFO,1968,10
1745.0,Trenton Channel,ST,SUB,1949,775
1744.0,Superior,GT,DFO,1966,64
1743.0,St Clair,ST,RC,1953,1923
1741.0,Slocum,IC,DFO,1968,10
1740.0,River Rouge,ST,SUB,1956,940
1739.0,Putnam (MI),IC,DFO,1971,10
1737.0,Placid 12,IC,DFO,1970,10
1735.0,Oliver,IC,DFO,1970,10
1734.0,Northeast (MI),GT,NG,1966,129
1733.0,Monroe (MI),ST,RC,1969,3288
1732.0,Marysville,ST,BIT,1930,200
1731.0,Harbor Beach,ST,BIT,1967,125
1730.0,Hancock,GT,NG,1966,158
1729.0,Fermi,ST,NUC,1966,1281
1728.0,Delray,GT,NG,2000,142
1727.0,Dayton (MI),IC,DFO,1966,10
1726.0,Conners Creek,ST,NG,1951,274
1725.0,Colfax,IC,DFO,1969,10
1723.0,J R Whiting,ST,SUB,1952,362
1722.0,Webber,HY,WAT,1907,4
1720.0,J C Weadock,ST,SUB,1955,330
1719.0,Thetford,GT,NG,1970,217
1718.0,Straits,GT,NG,1969,20
1716.0,Rogers,HY,WAT,1922,4
1715.0,Palisades,ST,NUC,1972,811
1714.0,Mio,HY,WAT,1916,4
1713.0,Ludington,PS,WAT,1973,1974
1712.0,Loud,HY,WAT,1913,4
1710.0,J H Campbell,ST,SUB,1962,1577
1708.0,Hodenpyl,HY,WAT,1925,16
1707.0,Hardy,HY,WAT,1931,31
1706.0,Gaylord - Consumers,GT,NG,1966,80
1705.0,Foote,HY,WAT,1918,9
1704.0,Five Channels,HY,WAT,1912,6
1702.0,Dan E Karn,ST,NG,1959,1945
1701.0,Croton,HY,WAT,1907,8
1700.0,Cooke,HY,WAT,1911,9
1698.0,C W Tippy,HY,WAT,1918,18
1696.0,B E Morrow,GT,NG,1968,36
1695.0,B C Cobb,ST,SUB,1948,519
1694.0,Allegan Dam,HY,WAT,1935,1
1693.0,Alcona,HY,WAT,1924,8
1682.0,Cleary Flood,CA,NG,1966,146
1678.0,Waters River,GT,NG,1971,64
1670.0,High Street Station,IC,NG,1937,9
1660.0,Potter Station 2,GT,NG,1963,221
1643.0,Woodland Road,GT,KER,1969,20
1642.0,Essential Power Massachusetts LLC,GT,NG,1949,352
1638.0,Redbridge,HY,WAT,1926,2
1637.0,Putts Bridge,HY,WAT,1918,2
1634.0,Gardners Falls,HY,WAT,1914,1
1631.0,Doreen,GT,KER,1969,21
1630.0,Cobble Mountain,HY,WAT,1930,33
1629.0,Cabot,HY,WAT,1915,60
1626.0,Salem Harbor,ST,RFO,1952,803
1620.0,Deerfield 5,HY,WAT,1974,17
1619.0,Brayton Point,ST,BIT,1963,1607
1615.0,Nantucket,IC,DFO,1987,16
1607.0,Riverside Holyoke,HY,WAT,1906,6
1606.0,Mount Tom,ST,BIT,1960,136
1605.0,Hadley Falls,HY,WAT,1952,35
1604.0,Chemical,HY,WAT,1935,0
1603.0,Boatlock,HY,WAT,1921,2
1599.0,Canal,ST,RFO,1968,1495
1597.0,Oak Bluffs Diesel Generating Facility,IC,DFO,1969,6
1595.0,Kendall Square Station,CT,NG,1949,293
1592.0,Exelon Medway LLC,GT,DFO,1970,135
1590.0,Pilgrim Nuclear Power Station,ST,NUC,1972,670
1589.0,New Boston Generating Station,ST,NG,1965,717
1588.0,Mystic Generating Station,CT,NG,1957,2841
1587.0,Exelon L Street,GT,DFO,1966,18
1586.0,Exelon Framingham LLC,GT,DFO,1969,42
1585.0,Exelon Edgar LLC,GT,DFO,1969,28
1580.0,Easton,IC,DFO,1954,29
1574.0,Conowingo,HY,WAT,1928,527
1573.0,Morgantown Generating Plant,ST,BIT,1970,1548
1572.0,Dickerson,ST,BIT,1959,933
1571.0,Chalk Point LLC,ST,NG,1964,2553
1570.0,FirstEnergy R Paul Smith Power Station,ST,BIT,1947,109
1567.0,Deep Creek,HY,WAT,1925,20
1564.0,Vienna Operations,ST,RFO,1968,180
1563.0,Crisfield,IC,DFO,1968,8
1560.0,Westport,GT,NG,1969,121
1559.0,Riverside (MD),GT,NG,1951,257
1557.0,Philadelphia,GT,DFO,1970,80
1556.0,Perryman,GT,NG,1972,545
1555.0,Notch Cliff,GT,NG,1969,144
1554.0,Herbert A Wagner,ST,RC,1956,1057
1553.0,Gould Street,ST,NG,1952,103
1552.0,"CP Crane Power, LLC",ST,SUB,1961,415
1516.0,Squa Pan Hydro Station,HY,WAT,1941,1
1514.0,Flos Inn Diesel,IC,DFO,1959,6
1513.0,Caribou Generation Station,ST,RFO,1926,24
1511.0,Wyman Hydro,HY,WAT,1930,72
1510.0,Williams Hydro,HY,WAT,1939,13
1509.0,Weston Hydro,HY,WAT,1920,12
1508.0,West Buxton,HY,WAT,1904,5
1507.0,William F Wyman,ST,RFO,1957,861
1505.0,Skelton,HY,WAT,1948,16
1504.0,Shawmut,HY,WAT,1913,4
1501.0,North Gorham,HY,WAT,1925,2
1500.0,Messalonskee 5,HY,WAT,1935,1
1498.0,Messalonskee 3,HY,WAT,1918,1
1497.0,Messalonskee 2 (Oakland),HY,WAT,1924,2
1493.0,Hiram,HY,WAT,1917,10
1492.0,Harris Hydro,HY,WAT,1954,76
1491.0,Gulf Island,HY,WAT,1926,18
1490.0,Fort Halifax,HY,WAT,1908,0
1488.0,Deer Rips,HY,WAT,1903,2
1487.0,Continental Mills,HY,WAT,1920,0
1486.0,Cataract Hydro,HY,WAT,1937,6
1484.0,Cape Gas Turbine,GT,DFO,1970,34
1483.0,Brunswick Hydro,HY,WAT,1982,18
1482.0,Bonny Eagle,HY,WAT,1910,6
1481.0,Bar Mills,HY,WAT,1956,4
1480.0,Androscoggin 3,HY,WAT,1928,3
1478.0,Stillwater Hydro Station,HY,WAT,1913,0
1475.0,Milford Hydro Station,HY,WAT,1941,4
1474.0,Medway,IC,DFO,1960,8
1472.0,Howland Hydro Station,HY,WAT,1916,0
1469.0,Ellsworth Hydro Station,HY,WAT,1924,8
1468.0,Eastport,IC,DFO,1948,4
1466.0,Bar Harbor,IC,DFO,1961,8
1464.0,Big Cajun 1,GT,NG,1972,490
1456.0,Rayne,IC,DFO,1969,8
1455.0,Plaquemine,ST,NG,1971,44
1453.0,New Roads,IC,NG,1951,7
1449.0,Morgan City,ST,NG,1963,69
1448.0,Monroe (LA),ST,NG,1961,137
1447.0,Minden,ST,NG,1955,33
1445.0,Rodemacher,ST,NG,1950,38
1443.0,Louis Doc Bonin,ST,NG,1965,340
1439.0,Houma,ST,NG,1948,94
1435.0,Franklin (LA),GT,NG,1973,10
1417.0,Lieberman,ST,NG,1947,278
1416.0,Arsenal Hill,ST,NG,1960,125
1409.0,Michoud,ST,NG,1957,958
1407.0,A B Paterson,ST,NG,1950,148
1404.0,Sterlington,ST,NG,1958,473
1403.0,Nine Mile Point,ST,NG,1951,2788
1402.0,Little Gypsy,ST,NG,1961,1249
1401.0,Buras,GT,NG,1971,20
1400.0,Teche,ST,NG,1953,467
1396.0,Coughlin Power Station,CT,NG,1961,920
1394.0,Willow Glen,ST,NG,1960,2175
1393.0,R S Nelson,ST,NG,1959,1594
1392.0,Louisiana 2,ST,NG,1950,175
1391.0,Louisiana 1,GT,OG,1951,450
1385.0,Dale,ST,BIT,1954,216
1384.0,Cooper,ST,BIT,1965,343
1383.0,Robert A Reid,GT,NG,1966,194
1382.0,HMP&L Station Two Henderson,ST,BIT,1973,405
1381.0,Kenneth C Coleman,ST,BIT,1969,602
1380.0,Wolf Creek,HY,WAT,1951,270
1379.0,Shawnee,ST,SUB,1953,1750
1378.0,Paradise,ST,BIT,1963,3718
1377.0,Kentucky Dam,HY,WAT,1944,216
1376.0,Paris (KY),IC,DFO,1934,9
1374.0,Elmer Smith,ST,BIT,1964,445
1371.0,Barkley,HY,WAT,1966,128
1368.0,Zorn,GT,NG,1969,18
1367.0,Waterside GT,GT,NG,1964,45
1366.0,Paddys Run,GT,NG,1968,226
1365.0,Ohio Falls,HY,WAT,1928,100
1364.0,Mill Creek (KY),ST,BIT,1972,1715
1363.0,Cane Run,ST,BIT,1962,1467
1361.0,Tyrone,ST,BIT,1947,137
1360.0,Pineville,ST,BIT,1951,37
1359.0,Mother Ann Lee,HY,WAT,2007,0
1358.0,Haefling,GT,NG,1970,60
1357.0,Green River,ST,BIT,1950,262
1356.0,Ghent,ST,RC,1974,2224
1355.0,E W Brown,GT,NG,1957,1745
1354.0,Dix Dam,HY,WAT,1925,27
1353.0,Big Sandy,ST,BIT,1963,1096
1336.0,Garden City,GT,NG,1962,266
1334.0,Great Bend - Midwest Energy,IC,NG,1947,10
1332.0,West 14th Street,GT,NG,1962,12
1330.0,Wellington 1,ST,NG,1956,25
1329.0,Washington,IC,DFO,1953,6
1328.0,Wamego,IC,NG,1956,13
1327.0,Stockton,IC,NG,1951,5
1326.0,Sterling,IC,DFO,1950,8
1325.0,Stafford,IC,DFO,1953,2
1324.0,Sharon Spring,IC,NG,1951,2
1322.0,St John,IC,DFO,1952,4
1321.0,St Francis,IC,DFO,1953,3
1320.0,Sabetha Power Plant,IC,DFO,1947,18
1319.0,Russell Downtown,IC,NG,1971,13
1317.0,Pratt,ST,NG,1938,23
1316.0,Ottawa,IC,NG,1958,29
1315.0,Osborne,IC,DFO,1957,5
1314.0,Osawatomie City of,IC,DFO,1934,6
1313.0,Osage City,IC,NG,1955,10
1312.0,Oberlin (KS),IC,NG,1954,5
1308.0,Mulvane Power Plant,IC,NG,1945,4
1307.0,Minneapolis City of,IC,NG,1936,8
1306.0,Meade,IC,NG,1951,6
1305.0,McPherson 2,GT,NG,1963,246
1300.0,Lincoln,IC,DFO,1958,10
1299.0,Larned,IC,DFO,1939,28
1298.0,Gas Turbine (KS),GT,NG,1955,1
1297.0,La Crosse,IC,DFO,1950,4
1296.0,Kingman Municipal Power and Light Plant,IC,NG,1953,19
1295.0,Quindaro,ST,NG,1965,385
1294.0,Kaw,ST,NG,1955,165
1292.0,Jetmore,IC,DFO,1946,5
1291.0,Iola,IC,DFO,1949,34
1289.0,Hugoton 1,IC,DFO,1949,1
1287.0,Holton,IC,DFO,1958,19
1286.0,Hoisington,IC,NG,1940,14
1285.0,Hill City,IC,NG,1952,5
1283.0,Herington,IC,DFO,1947,9
1280.0,Goodland,IC,NG,1939,17
1279.0,Girard,IC,NG,1955,9
1278.0,Garnett Municipal,IC,DFO,1930,8
1276.0,Erie,IC,DFO,1953,6
1275.0,Ellis,IC,NG,1947,4
1274.0,Ellinwood,IC,DFO,1948,7
1272.0,Colby City of,IC,DFO,1958,14
1271.0,Coffeyville,ST,NG,1956,62
1270.0,Clay Center,IC,NG,1942,28
1268.0,Chanute 2,GT,NG,1965,64
1267.0,Chanute 1,ST,NG,1949,15
1266.0,Burlington (KS),IC,NG,1935,10
1265.0,Burlingame,IC,NG,1951,2
1264.0,Beloit,IC,DFO,1950,17
1263.0,Belleville,IC,DFO,1946,12
1262.0,Baldwin City Plant No 1,IC,DFO,1956,5
1261.0,Augusta Electric Plant No 1,IC,NG,1929,10
1259.0,Ashland,IC,DFO,1953,4
1258.0,Anthony,IC,NG,1972,11
1252.0,Tecumseh Energy Center,ST,SUB,1957,290
1251.0,Abilene Energy Center Combustion Turbine,GT,NG,1973,77
1250.0,Lawrence Energy Center,ST,SUB,1952,604
1248.0,Hutchinson Energy Center,ST,NG,1950,554
1243.0,Neosho,ST,NG,1954,69
1242.0,Murray Gill,ST,NG,1952,349
1241.0,La Cygne,ST,SUB,1973,1578
1240.0,Gordon Evans Energy Center,ST,NG,1961,902
1239.0,Riverton,CT,NG,1950,397
1235.0,Great Bend - Sunflower,ST,NG,1963,81
1233.0,Fort Dodge,ST,NG,1969,149
1230.0,Cimarron River,ST,NG,1963,65
1225.0,Colby,GT,NG,1970,16
1224.0,Bird City,IC,DFO,1965,4
1218.0,Fair Station,ST,BIT,1960,62
1217.0,Earl F Wisdom,GT,NG,1960,118
1206.0,Summit Lake,CT,NG,1948,87
1203.0,Winterset,IC,DFO,1956,12
1202.0,Wilton,IC,DFO,1958,8
1201.0,Whittemore,IC,DFO,1946,1
1200.0,West Liberty,GT,DFO,1948,15
1199.0,West Bend,IC,DFO,1954,5
1198.0,Webster City,GT,DFO,1972,21
1194.0,Vinton,IC,DFO,1946,14
1193.0,Villisca Municipal Power Plant,IC,DFO,1936,4
1192.0,Traer Main,IC,DFO,1963,3
1191.0,Sumner,IC,DFO,1956,4
1190.0,Stuart (IA),IC,DFO,1956,2
1189.0,Strawberry Point,IC,DFO,1937,1
1188.0,Story City,IC,DFO,1964,13
1187.0,State Center,IC,DFO,1972,4
1186.0,Spencer Gas Turbine,GT,KER,1970,23
1184.0,Sibley One,IC,DFO,1971,5
1181.0,Rock Rapids,IC,DFO,1968,2
1180.0,Rockford,IC,DFO,1951,1
1177.0,Primghar,IC,DFO,1938,1
1176.0,Preston (IA),IC,NG,1968,1
1175.0,Pella,ST,SUB,1964,37
1173.0,Ottumwa City of,HY,WAT,1931,3
1172.0,Osage (IA),IC,NG,1963,16
1169.0,Ogden,IC,DFO,1951,3
1168.0,New Hampton,IC,NG,1967,25
1167.0,Muscatine Plant #1,ST,RC,1958,293
1166.0,Mt Pleasant,IC,DFO,1966,32
1165.0,Montezuma,IC,DFO,1940,6
1164.0,Milford,IC,DFO,1938,3
1163.0,McGregor,IC,DFO,1941,1
1162.0,Maquoketa 1,IC,NG,1938,21
1160.0,Manning,IC,DFO,1928,6
1158.0,Lenox,IC,DFO,1948,4
1157.0,Laurens,IC,DFO,1951,6
1156.0,La Porte,IC,DFO,1956,4
1155.0,Lamoni Municipal Utilities,IC,DFO,1940,7
1154.0,Lake Mills,IC,DFO,1956,16
1153.0,Lake Park,IC,DFO,1950,5
1150.0,Indianola,GT,DFO,1946,52
1146.0,Harlan,IC,DFO,2001,2
1145.0,Grundy Center City Light Plant,IC,DFO,1963,8
1144.0,Greenfield,IC,DFO,1952,5
1143.0,Grand Junction,IC,DFO,1952,1
1142.0,Graettinger,IC,DFO,1957,3
1141.0,Gowrie,IC,DFO,1959,4
1138.0,Forest City Light Plant,IC,DFO,1950,19
1137.0,Estherville,IC,NG,1946,17
1135.0,Dayton (IA),IC,DFO,1939,1
1134.0,Corning,IC,DFO,1938,7
1132.0,Coggon,IC,DFO,1945,2
1131.0,Streeter Station,ST,NG,1963,51
1130.0,Gas Turbine (IA),GT,NG,1968,42
1129.0,Cascade,IC,DFO,1951,3
1128.0,Brooklyn,IC,DFO,1940,3
1127.0,Bloomfield,IC,NG,1945,5
1126.0,Bellevue,IC,DFO,1947,5
1125.0,Bancroft,IC,DFO,1948,2
1124.0,Atlantic,GT,NG,1966,15
1123.0,Anita,IC,DFO,1939,2
1122.0,Ames Electric Services Power Plant,ST,NG,1968,108
1121.0,Alta Municipal Utilities,IC,DFO,1947,2
1120.0,Algona,IC,DFO,1938,17
1109.0,Keokuk,HY,WAT,1913,114
1105.0,Centerville,GT,DFO,1963,60
1104.0,Burlington (IA),ST,SUB,1968,288
1097.0,Merl Parr,GT,NG,1969,36
1091.0,George Neal North,ST,RC,1964,1080
1084.0,River Hills,GT,NG,1966,128
1082.0,Walter Scott Jr Energy Center,ST,RC,1954,1777
1081.0,Riverside,ST,NG,1949,111
1079.0,Coralville GT,GT,NG,1970,72
1077.0,Sutherland,ST,NG,1955,155
1073.0,Prairie Creek,ST,SUB,1951,235
1068.0,Marshalltown,GT,NG,1978,189
1067.0,Iowa Hydro LLC,HY,WAT,1924,0
1060.0,Duane Arnold Energy Center,ST,NUC,1975,679
1058.0,Sixth Street,ST,SUB,1921,84
1052.0,Ames Diesel Generating Station,IC,DFO,1960,2
1048.0,Milton L Kapp,ST,NG,1947,236
1047.0,Lansing,ST,SUB,1948,339
1046.0,Dubuque,ST,NG,1929,84
1043.0,Frank E Ratts,ST,BIT,1970,232
1040.0,Whitewater Valley,ST,BIT,1955,93
1038.0,Rensselaer City Light Plant,IC,NG,1950,23
1037.0,Peru (IN),ST,BIT,1949,35
1024.0,Crawfordsville Power Plant,ST,BIT,1955,23
1020.0,Manti Lower,HY,WAT,1989,0
1016.0,Butler-Warner Generation Plant,CT,NG,1976,297
1013.0,Northeast (IN),GT,NG,1963,21
1012.0,F B Culley,ST,BIT,1955,414
1011.0,Broadway (IN),GT,NG,1971,141
1010.0,Wabash River,ST,BIT,1953,865
1008.0,R Gallagher,ST,BIT,1958,600
1007.0,Noblesville,CT,NG,1950,283
1006.0,Miami Wabash,GT,DFO,1968,104
1005.0,Markland,HY,WAT,1967,63
1004.0,Edwardsport,CT,SGC,1944,947
1002.0,Connersville,GT,DFO,1972,82
1001.0,Cayuga,ST,BIT,1970,1182
999.0,Oakdale,HY,WAT,1925,11
998.0,Norway (IN),HY,WAT,1923,7
997.0,Michigan City,ST,SUB,1950,680
996.0,Dean H Mitchell,ST,SUB,1956,537
995.0,Bailly,ST,BIT,1962,640
994.0,AES Petersburg,ST,BIT,1967,2150
992.0,CC Perry K,ST,NG,1925,22
991.0,Eagle Valley (IN),ST,BIT,1949,395
990.0,Harding Street,ST,NG,1941,1176
989.0,Twin Branch,HY,WAT,1989,0
988.0,Tanners Creek,ST,BIT,1951,1098
987.0,Last Chance,HY,WAT,1984,1
986.0,Elkhart,HY,WAT,1913,3
983.0,Clifty Creek,ST,BIT,1955,1302
976.0,Marion,ST,BIT,1963,422
972.0,Winnetka,ST,NG,1948,31
971.0,Waterloo,GT,NG,1946,25
969.0,Sullivan (IL),IC,DFO,1946,22
965.0,Reynolds,GT,DFO,1970,17
964.0,Lakeside,ST,BIT,1961,77
963.0,Dallman,ST,BIT,1968,617
961.0,South Main Street,ST,NG,1962,21
960.0,North Ninth Street,IC,NG,1940,15
959.0,Red Bud,IC,DFO,1948,13
958.0,Rantoul,IC,DFO,1951,22
957.0,Princeton (IL),IC,NG,1953,35
956.0,C H Corn Hydroelectric Facility,HY,WAT,1985,11
955.0,Peru (IL),IC,DFO,1960,51
949.0,Marshall (IL),IC,DFO,1948,11
948.0,McLeansboro,IC,DFO,1950,8
946.0,Highland,IC,DFO,1967,15
944.0,Geneseo,IC,NG,1957,29
943.0,Freeburg,IC,DFO,1948,9
941.0,Farmer City,IC,DFO,1951,9
940.0,Fairfield,IC,DFO,1967,6
937.0,Carmi,IC,DFO,1939,13
936.0,Carlyle,IC,DFO,1964,11
935.0,Bushnell,IC,DFO,1940,9
934.0,Breese,IC,DFO,1953,16
925.0,Hydro Plant No 3,HY,WAT,1984,2
917.0,Quincy Chute,HY,WAT,1985,9
913.0,Venice,GT,NG,1942,1097
905.0,Alamo,HY,WAT,1986,19
903.0,Rockton,HY,WAT,1929,0
902.0,Bottle Rock Power,ST,GEO,1985,55
899.0,Moline,GT,NG,1942,72
898.0,Wood River,ST,RC,1949,649
897.0,Vermilion,ST,SUB,1955,196
895.0,Stallings,GT,NG,1970,92
894.0,Oglesby,GT,NG,1970,68
892.0,Hennepin Power Station,ST,RC,1953,306
891.0,Havana,ST,RC,1947,718
889.0,Baldwin Energy Complex,ST,RC,1970,1893
887.0,Joppa Steam,ST,RC,1953,1098
886.0,Fisk Street,ST,SUB,1968,662
884.0,Will County,ST,SUB,1955,1267
883.0,Waukegan,ST,SUB,1952,914
882.0,Sabrooke,GT,DFO,1969,148
880.0,Quad Cities Generating Station,ST,NUC,1972,2018
879.0,Powerton,ST,SUB,1972,1784
877.0,Lombard,GT,KER,1969,132
876.0,Kincaid Generation LLC,ST,SUB,1967,1318
874.0,Joliet 9,ST,SUB,1959,504
870.0,Electric Junction,GT,NG,1970,304
869.0,Dresden Generating Station,ST,NUC,1970,2018
867.0,Crawford,ST,SUB,1958,801
866.0,Calumet,GT,NG,1969,274
865.0,Bloom,GT,DFO,1971,152
862.0,Grand Tower Energy Center LLC,CT,NG,1951,639
861.0,Coffeen,ST,RC,1965,1004
860.0,Sterling Avenue,GT,NG,1967,36
856.0,E D Edwards,ST,SUB,1960,779
851.0,Albeni Falls,HY,WAT,1955,42
850.0,Palisades Dam,HY,WAT,1957,176
846.0,Combie South,HY,WAT,1984,0
844.0,Upper Power Plant,HY,WAT,1982,8
843.0,Lower No 2,HY,WAT,1940,3
841.0,City Power Plant,HY,WAT,1982,8
840.0,Dworshak,HY,WAT,1974,400
839.0,Scott Flat,HY,WAT,1985,1
835.0,Post Falls,HY,WAT,1906,13
833.0,Cabinet Gorge,HY,WAT,1952,264
831.0,Soda,HY,WAT,1924,14
829.0,Oneida,HY,WAT,1915,30
827.0,Grace,HY,WAT,1923,33
826.0,Cove,HY,WAT,1917,7
825.0,Ashton,HY,WAT,1917,6
823.0,Upper Malad,HY,WAT,1948,8
822.0,Upper Salmon A,HY,WAT,1937,18
821.0,Twin Falls (ID),HY,WAT,1935,52
820.0,Thousand Springs,HY,WAT,1912,8
819.0,Swan Falls,HY,WAT,1994,24
818.0,Shoshone Falls,HY,WAT,1907,11
817.0,Salmon Diesel,IC,DFO,1967,4
816.0,Lower Salmon,HY,WAT,1949,60
815.0,Lower Malad,HY,WAT,1948,13
814.0,Clear Lake,HY,WAT,1937,2
813.0,Cascade Dam,HY,WAT,1983,12
812.0,C J Strike,HY,WAT,1952,81
811.0,Brownlee,HY,WAT,1958,585
810.0,Bliss,HY,WAT,1949,75
809.0,American Falls,HY,WAT,1978,90
808.0,Jarvis (Hinckley),HY,WAT,1991,8
805.0,Charles E Monty,HY,WAT,1990,28
794.0,Lewisville,HY,WAT,1992,2
792.0,Palaau Power,IC,DFO,1982,12
791.0,Canyon,HY,WAT,1989,6
790.0,Gem State,HY,WAT,1988,23
789.0,Orca,IC,DFO,1984,11
788.0,East Barnet,HY,WAT,1984,2
785.0,Kingsley,HY,WAT,1984,50
784.0,Veazie C,HY,WAT,9999,8
783.0,Basin Mills,HY,WAT,9999,36
776.0,Sly Creek,HY,WAT,1983,12
774.0,Waiau Hydro,HY,WAT,1921,0
773.0,Sullivan CR,HY,WAT,9999,8
772.0,W H Hill,ST,RFO,1965,37
771.0,Puueo,HY,WAT,1918,3
769.0,Kanoelehua,GT,DFO,1962,19
768.0,Waimea,IC,DFO,1954,9
766.0,Waiau,ST,RFO,1947,472
765.0,Kahe,ST,RFO,1963,605
764.0,Honolulu,ST,RFO,1954,104
762.0,Ponca,ST,NG,1977,48
761.0,Walter F George,HY,WAT,1963,168
760.0,Allatoona,HY,WAT,1950,86
759.0,Buford,HY,WAT,1957,217
758.0,Nottely,HY,WAT,1956,15
757.0,Blue Ridge,HY,WAT,1931,23
754.0,Hartwell Lake,HY,WAT,1962,420
753.0,Crisp Plant,ST,BIT,1957,17
752.0,Lake Blackshear Project,HY,WAT,1930,16
751.0,Moccasin Low Head Hydro Project,HY,WAT,1987,2
748.0,Phillips,IC,DFO,1983,41
747.0,Dinner Lake,ST,NG,1966,12
745.0,Etiwanda,HY,WAT,1994,23
736.0,Stevens Creek,HY,WAT,1914,16
734.0,Riverside (GA),ST,NG,1926,104
733.0,Kraft,ST,BIT,1958,351
732.0,Boulevard,GT,NG,1970,45
729.0,Yonah,HY,WAT,1925,21
728.0,Yates,ST,NG,1950,1484
727.0,Mitchell (GA),ST,BIT,1948,340
725.0,Tugalo,HY,WAT,1923,44
724.0,Terrora,HY,WAT,1925,16
723.0,Tallulah Falls,HY,WAT,1913,72
722.0,Sinclair Dam,HY,WAT,1953,44
720.0,Oliver Dam,HY,WAT,1959,60
719.0,North Highlands,HY,WAT,1963,29
718.0,Nacoochee,HY,WAT,1926,4
717.0,Morgan Falls,HY,WAT,1903,14
715.0,McManus,GT,DFO,1952,640
714.0,Toadtown,HY,WAT,1986,1
712.0,Lloyd Shoals,HY,WAT,1911,12
711.0,Langdale,HY,WAT,1924,0
710.0,Jack McDonough,CT,NG,1963,3197
709.0,Harllee Branch,ST,BIT,1965,1746
708.0,Hammond,ST,BIT,1954,953
707.0,Goat Rock,HY,WAT,1912,44
706.0,Flint River,HY,WAT,1921,3
704.0,Burton Dam,HY,WAT,1927,6
703.0,Bowen,ST,BIT,1971,3538
702.0,Bartletts Ferry,HY,WAT,1926,173
701.0,Barnett Shoals,HY,WAT,1910,0
700.0,Atkinson,ST,NG,1941,280
699.0,Arkwright,ST,NG,1941,213
698.0,Trenton North,IC,DFO,1974,10
696.0,Marathon Generating Plant,IC,DFO,1958,23
692.0,Medicine Bow,WT,WND,1998,2
690.0,J Woodruff,HY,WAT,1957,72
689.0,S O Purdom,CT,NG,1963,350
688.0,Arvah B Hopkins,CT,NG,1970,1017
685.0,St Cloud,IC,NG,1961,27
683.0,Indian River Plant,GT,NG,1989,342
682.0,Kerckhoff 2,HY,WAT,1983,139
681.0,W E Swoope,IC,DFO,1981,4
679.0,Smith Street,IC,DFO,1946,10
678.0,W K Sanders,HY,WAT,1983,0
676.0,C D McIntosh Jr,ST,BIT,1970,1279
675.0,Larsen Memorial,CT,NG,1956,158
674.0,Pilot Butte,HY,WAT,1925,0
673.0,Tom G Smith,ST,NG,1961,143
672.0,Hansel,CT,NG,1959,72
668.0,Southside Generating Station,ST,RFO,1958,231
667.0,Northside Generating Station,ST,BIT,1966,1405
666.0,J D Kennedy,GT,NG,1973,538
665.0,G W Ivey,IC,NG,1954,54
664.0,John R Kelly,CT,NG,1958,237
663.0,Deerhaven Generating Station,ST,BIT,1972,469
658.0,Henry D King,ST,NG,1953,139
650.0,Kensico,HY,WAT,1983,3
649.0,Vogtle,ST,NUC,1987,2320
647.0,Hookers Point,ST,RFO,1948,231
646.0,F J Gannon,ST,BIT,1957,634
645.0,Big Bend,ST,BIT,1969,2076
643.0,Lansing Smith,CT,NG,1965,999
642.0,Scholz,ST,BIT,1953,98
641.0,Crist,ST,BIT,1945,1226
638.0,Suwannee River,ST,NG,1953,329
637.0,Rio Pinar,GT,DFO,1970,19
634.0,P L Bartow,CT,NG,1958,1966
632.0,Newcastle,HY,WAT,1986,12
630.0,Higgins,GT,NG,1969,150
629.0,G E Turner,GT,DFO,1970,180
628.0,Crystal River,ST,BIT,1966,3331
627.0,Bayboro,GT,DFO,1973,224
626.0,Oak Flat,HY,WAT,1985,1
625.0,Upper Mechanicville,HY,WAT,1983,16
624.0,Avon Park,GT,DFO,1968,66
622.0,South Fork Tolt,HY,WAT,1995,16
621.0,Turkey Point,ST,NUC,1967,3675
620.0,Sanford,CT,NG,1959,2532
619.0,Riviera,CT,NG,1962,1915
617.0,Port Everglades,ST,RFO,1960,3060
613.0,Lauderdale,GT,NG,1957,3003
612.0,Fort Myers,CT,NG,1958,3298
610.0,Cutler,ST,NG,1954,236
609.0,Cape Canaveral,ST,RFO,1965,2099
607.0,Fredonia,GT,NG,1984,374
602.0,Brandon Shores,ST,BIT,1984,1370
599.0,McKee Run,ST,NG,1962,149
597.0,West Station (DE),GT,DFO,1964,20
594.0,Indian River Generating Station,ST,BIT,1957,801
593.0,Edge Moor,ST,NG,1954,709
592.0,Delaware City 10,GT,DFO,1968,18
591.0,Christiana,GT,DFO,1973,52
589.0,J C McNeil,ST,WDS,1984,59
586.0,East Highline,HY,WAT,1984,2
585.0,Drop 1,HY,WAT,1984,3
584.0,Navajo Dam,HY,WAT,1989,30
583.0,Tenth Street,HY,WAT,1967,1
581.0,North Main Street,GT,DFO,1972,19
579.0,Central Hudson High Falls,HY,WAT,1986,3
568.0,Bridgeport Station,ST,SUB,1961,581
566.0,Millstone,ST,NUC,1975,2162
565.0,Torrington Terminal,GT,KER,1967,21
564.0,Stanton Energy Center,ST,BIT,1987,1260
563.0,South Meadow,GT,KER,1970,164
562.0,Middletown,ST,RFO,1954,853
561.0,Franklin Drive,GT,KER,1968,21
560.0,Falls Village,HY,WAT,1914,9
559.0,Rainbow (CT),HY,WAT,1925,8
557.0,Tunnel,GT,JF,1919,20
554.0,Taftville,HY,WAT,1906,0
553.0,Stevenson,HY,WAT,1919,29
552.0,Shepaug,GT,DFO,1955,86
551.0,Scotland Dam,HY,WAT,1937,2
550.0,Kettle Falls Generating Station,ST,WDS,1983,57
547.0,Northfield Mountain,PS,WAT,1972,940
546.0,Montville Station,ST,RFO,1954,493
544.0,Devon Station,GT,KER,1957,428
542.0,Cos Cob,GT,KER,1969,115
541.0,Bulls Bridge,HY,WAT,1903,6
540.0,Branford,GT,KER,1967,21
539.0,Rocky River (CT),PS,WAT,1928,30
537.0,Camanche,HY,WAT,1983,9
535.0,McClellan (CA),GT,NG,1986,77
534.0,Jones Fork,HY,WAT,1985,10
533.0,McWilliams,CT,NG,1954,653
531.0,Camp Far West,HY,WAT,1985,7
529.0,Rancho Seco Solar,PV,SUN,1984,2
527.0,Nucla,ST,BIT,1959,112
525.0,Hayden,ST,BIT,1965,465
521.0,Upper Molina,HY,WAT,1962,9
520.0,Lower Molina,HY,WAT,1962,5
519.0,Pole Hill,HY,WAT,1954,38
518.0,Flatiron,HY,WAT,1954,94
517.0,Marys Lake,HY,WAT,1951,8
516.0,Green Mountain,HY,WAT,1943,26
515.0,Big Thompson,HY,WAT,1959,4
514.0,Morrow Point,HY,WAT,1970,172
513.0,Estes,HY,WAT,1950,45
512.0,Blue Mesa,HY,WAT,1967,86
511.0,Trinidad (CO),IC,DFO,1950,8
510.0,Sonoma California Geothermal,ST,GEO,1983,78
508.0,Lamar Plant,ST,SUB,1939,62
507.0,Las Animas,IC,DFO,1941,5
506.0,La Junta,IC,DFO,1939,16
505.0,Boysen,HY,WAT,1952,14
504.0,Julesburg,IC,DFO,1945,1
502.0,Holly,IC,DFO,1950,3
495.0,Ruxton Park,HY,WAT,1925,1
494.0,Manitou Springs,HY,WAT,1927,5
493.0,George Birdsall,ST,NG,1953,58
492.0,Martin Drake,ST,SUB,1962,257
491.0,Center,IC,DFO,1959,1
489.0,Upper Dawson,HY,WAT,1983,4
487.0,Valley View,HY,WAT,1985,4
484.0,Red Mountain,HY,WAT,1985,5
483.0,Coyote Creek,HY,WAT,1984,3
482.0,Rio Hondo,HY,WAT,1984,1
481.0,Perris,HY,WAT,1983,7
480.0,Corona,HY,WAT,1983,2
479.0,Temescal,HY,WAT,1983,2
478.0,Zuni,ST,NG,1948,115
477.0,Valmont,ST,BIT,1964,250
476.0,Shoshone (CO),HY,WAT,1909,14
474.0,Salida,HY,WAT,1908,0
473.0,Grand Valley Project Power Plant,HY,WAT,1932,2
472.0,Georgetown Hydro,HY,WAT,1906,0
471.0,Fruita,GT,NG,1973,26
470.0,Comanche (CO),ST,SUB,1973,1634
469.0,Cherokee,ST,BIT,1957,1425
468.0,Cameo,ST,BIT,1957,75
467.0,Cabin Creek,PS,WAT,1967,300
466.0,Boulder Canyon Hydro,HY,WAT,1911,25
465.0,Arapahoe,ST,SUB,1950,240
464.0,Alamosa,GT,NG,1973,52
462.0,W N Clark,ST,BIT,1955,43
460.0,Pueblo,ST,NG,1949,32
457.0,Bear Valley,HY,WAT,1986,0
455.0,Narrows 2,HY,WAT,1969,46
454.0,Colgate,HY,WAT,1969,314
451.0,Trinity,HY,WAT,1964,140
450.0,Spring Creek,HY,WAT,1964,180
448.0,W R Gianelli,PS,WAT,1967,424
447.0,Parker Dam,HY,WAT,1942,120
446.0,ONeill,PS,WAT,1967,24
445.0,Shasta,HY,WAT,1944,714
444.0,Nimbus,HY,WAT,1955,12
443.0,Keswick,HY,WAT,1949,117
442.0,Judge F Carr,HY,WAT,1963,154
441.0,Folsom,HY,WAT,1955,198
440.0,La Grange,HY,WAT,1924,4
439.0,Don Pedro,HY,WAT,1971,169
438.0,Thermalito,PS,WAT,1968,113
437.0,Edward C Hyatt,HY,WAT,1968,642
436.0,Devil Canyon,HY,WAT,1972,274
435.0,White Rock/Slab Creek,HY,WAT,1968,266
433.0,Robbs Peak,HY,WAT,1965,25
432.0,Loon Lake,HY,WAT,1971,74
431.0,Jaybird,HY,WAT,1961,160
430.0,Camino,HY,WAT,1963,156
428.0,Parker,HY,WAT,1982,2
427.0,Ralston,HY,WAT,1966,79
426.0,Oxbow (CA),HY,WAT,1966,6
425.0,Middle Fork,HY,WAT,1966,122
424.0,French Meadows,HY,WAT,1966,15
423.0,Hydaburg,IC,DFO,1985,0
422.0,Glenarm,GT,NG,1976,263
421.0,Craig (AK),IC,DFO,1983,4
420.0,Broadway (CA),ST,NG,1955,167
419.0,Woodleaf,HY,WAT,1963,59
418.0,Kelly Ridge,HY,WAT,1963,10
417.0,Forbestown,HY,WAT,1963,41
416.0,Tulloch,HY,WAT,1958,23
415.0,Donnells,HY,WAT,1957,72
414.0,Beardsley,HY,WAT,1957,10
413.0,Dutch Flat 2,HY,WAT,1965,27
412.0,Chicago Park,HY,WAT,1965,44
410.0,McSwain,HY,WAT,1967,9
409.0,Exchequer,HY,WAT,1967,94
408.0,Valley (CA),ST,NG,1954,1232
407.0,Upper Gorge,HY,WAT,1953,37
406.0,Tok,IC,DFO,1985,5
404.0,Scattergood,ST,NG,1958,1368
403.0,San Fernando,HY,WAT,1922,4
402.0,Pleasant Valley Hydro,HY,WAT,1958,3
401.0,Middle Gorge,HY,WAT,1952,37
400.0,Haynes,ST,NG,1962,2882
399.0,Harbor,GT,NG,1972,591
398.0,Haiwee,HY,WAT,1927,4
397.0,Franklin (CA),HY,WAT,1921,2
396.0,Foothill,HY,WAT,1971,9
394.0,Cottonwood,HY,WAT,1908,0
393.0,Control Gorge,HY,WAT,1952,37
392.0,Castaic,PS,WAT,1972,1682
391.0,Big Pine Creek,HY,WAT,1925,3
390.0,Solomon Gulch,HY,WAT,1982,12
389.0,El Centro,CT,NG,1952,435
388.0,Pilot Knob,HY,WAT,1957,32
387.0,Drop 4,HY,WAT,1941,19
386.0,Drop 3 (CA),HY,WAT,1941,8
385.0,Drop 2 (CA),HY,WAT,1953,10
384.0,Joliet 29,ST,SUB,1965,1320
383.0,Brawley,GT,DFO,1962,22
382.0,R C Kirkwood,HY,WAT,1967,114
381.0,Moccasin,HY,WAT,1969,100
380.0,Dion R Holm,HY,WAT,1960,156
378.0,Prairie River,HY,WAT,1920,0
377.0,Grayson,GT,NG,1953,353
376.0,Pardee,HY,WAT,1930,22
375.0,Magnolia,ST,NG,1949,87
371.0,Columbia Generating Station,ST,NUC,1984,1200
365.0,Lower Tule River,HY,WAT,1909,2
363.0,Santa Ana 3,HY,WAT,1999,3
361.0,Santa Ana 1,HY,WAT,1899,0
360.0,San Onofre Nuclear Generating Station,ST,NUC,1983,2254
358.0,Mountainview Generating Station,CT,NG,1957,1164
357.0,Rush Creek,HY,WAT,1916,12
356.0,AES Redondo Beach LLC,ST,NG,1954,1316
354.0,Portal,HY,WAT,1956,10
353.0,Poole,HY,WAT,1924,11
350.0,Ormond Beach,ST,NG,1971,1612
345.0,Mandalay,ST,NG,1959,574
344.0,Mammoth Pool,HY,WAT,1960,190
342.0,Lundy,HY,WAT,1911,2
341.0,Long Beach Generation LLC,GT,NG,1976,587
340.0,Kern River 1,HY,WAT,1907,24
339.0,Kern River 3,HY,WAT,1921,39
338.0,Kaweah 3,HY,WAT,1913,4
337.0,Kaweah 1,HY,WAT,1929,2
336.0,Kaweah 2,HY,WAT,1929,1
335.0,AES Huntington Beach LLC,ST,NG,1958,1021
332.0,Fontana,HY,WAT,1917,2
331.0,Etiwanda Generating Station,ST,NG,1953,1050
330.0,El Segundo Power,ST,NG,1955,996
329.0,Coolwater,CT,NG,1961,727
328.0,Borel,HY,WAT,1904,12
327.0,Bishop Creek 6,HY,WAT,1913,1
326.0,Bishop Creek 5,HY,WAT,1919,4
325.0,Bishop Creek 4,HY,WAT,1905,8
324.0,Bishop Creek 3,HY,WAT,1913,6
323.0,Bishop Creek 2,HY,WAT,1908,6
322.0,Big Creek 2A,HY,WAT,1928,110
321.0,Big Creek 8,HY,WAT,1921,75
320.0,Big Creek 4,HY,WAT,1951,100
319.0,Big Creek 3,HY,WAT,1923,174
318.0,Big Creek 2,HY,WAT,1913,64
317.0,Big Creek 1,HY,WAT,1913,86
316.0,Sepulveda Canyon,HY,WAT,1982,8
315.0,AES Alamitos LLC,ST,NG,1956,2055
314.0,Drop 5,HY,WAT,1982,4
313.0,Green Lake,HY,WAT,1982,18
312.0,Refuse & Coal,ST,MSW,1983,90
309.0,Silver Gate,ST,DFO,1943,247
307.0,North Island,GT,DFO,1972,37
306.0,Naval Station,GT,NG,1976,26
305.0,Miramar,GT,NG,1972,49
303.0,Kearny,GT,NG,1969,161
302.0,Encina,ST,NG,1954,999
301.0,El Cajon,GT,NG,1968,18
300.0,Division,GT,DFO,1968,16
299.0,Blundell,ST,GEO,1984,44
298.0,Limestone,ST,SUB,1985,1849
297.0,Iron Gate,HY,WAT,1962,18
296.0,Fall Creek,HY,WAT,1903,1
295.0,Copco 2,HY,WAT,1925,26
294.0,Copco 1,HY,WAT,1918,20
293.0,A G Wishon,HY,WAT,1910,12
292.0,Wise,HY,WAT,1917,15
291.0,West Point PH,HY,WAT,1948,13
290.0,Volta 1,HY,WAT,1980,8
289.0,Tule River,HY,WAT,1914,8
287.0,Tiger Creek,HY,WAT,1931,51
286.0,Geysers Unit 5-20,ST,GEO,1971,1273
285.0,Stanislaus,HY,WAT,1963,81
284.0,Spring Gap,HY,WAT,1921,6
283.0,Spaulding 3,HY,WAT,1929,6
282.0,Spaulding 2,HY,WAT,1928,3
281.0,Spaulding 1,HY,WAT,1928,7
280.0,South,HY,WAT,1979,6
279.0,Salt Springs,HY,WAT,1931,41
277.0,San Joaquin 3,HY,WAT,1923,4
276.0,San Joaquin 2,HY,WAT,1917,2
275.0,Rock Creek,HY,WAT,1950,126
274.0,Potter Valley,HY,WAT,1910,9
272.0,Poe,HY,WAT,1958,142
271.0,Pittsburg Power,ST,NG,1954,2255
270.0,Pit 7,HY,WAT,1965,109
269.0,Pit 6,HY,WAT,1965,78
268.0,Pit 5,HY,WAT,1944,141
267.0,Pit 4,HY,WAT,1955,102
266.0,Pit 3,HY,WAT,1925,78
265.0,Pit 1,HY,WAT,1922,68
264.0,Phoenix,HY,WAT,1940,1
262.0,Narrows PH,HY,WAT,1942,10
261.0,Murphys,HY,WAT,1954,3
260.0,Dynegy Moss Landing Power Plant,ST,NG,1967,2802
258.0,Merced Falls,HY,WAT,1930,3
255.0,Lime Saddle,HY,WAT,1906,2
254.0,Kings River PH,HY,WAT,1962,48
253.0,Kilarc,HY,WAT,1904,2
250.0,Kerckhoff,HY,WAT,1920,33
249.0,James B Black,HY,WAT,1965,168
248.0,Inskip,HY,WAT,1979,7
247.0,Hunters Point,ST,NG,1948,426
246.0,Humboldt Bay,IC,NG,1956,262
244.0,Hat Creek 2,HY,WAT,1921,10
243.0,Hat Creek 1,HY,WAT,1921,10
242.0,Hamilton Branch,HY,WAT,1921,4
241.0,Halsey,HY,WAT,1916,13
240.0,Haas,HY,WAT,1958,134
239.0,Electra,HY,WAT,1948,102
238.0,El Dorado,HY,WAT,1924,20
237.0,Dutch Flat,HY,WAT,1943,22
236.0,Drum 2,HY,WAT,1965,53
235.0,Drum 1,HY,WAT,1913,49
233.0,Deer Creek PH,HY,WAT,1908,5
232.0,De Sabla,HY,WAT,1963,18
231.0,Cresta,HY,WAT,1949,72
229.0,Cow Creek,HY,WAT,1907,0
228.0,Contra Costa,ST,NG,1964,718
227.0,Coleman PH,HY,WAT,1979,12
226.0,Coal Canyon,HY,WAT,1907,1
225.0,Chili Bar,HY,WAT,1965,7
224.0,Centerville PH,HY,WAT,1900,5
223.0,Caribou 2,HY,WAT,1958,117
222.0,Caribou 1,HY,WAT,1921,73
221.0,Butt Valley,HY,WAT,1958,40
220.0,Bucks Creek,HY,WAT,1928,66
219.0,Belden,HY,WAT,1969,117
218.0,Balch 2,HY,WAT,1958,96
217.0,Balch 1,HY,WAT,1927,31
215.0,Angels,HY,WAT,1940,1
214.0,Alta Powerhouse,HY,WAT,1902,2
210.0,Wolf Creek Generating Station,ST,NUC,1985,1267
207.0,St Johns River Power Park,ST,BIT,1987,1358
204.0,Clinton Power Station,ST,NUC,1987,1138
203.0,McClellan (AR),ST,NG,1972,136
202.0,Carl Bailey,ST,NG,1966,120
201.0,Thomas Fitzhugh,CT,NG,1963,185
199.0,Dardanelle,HY,WAT,1965,160
198.0,Bull Shoals,HY,WAT,1952,340
197.0,Blakely Mountain,HY,WAT,1955,74
196.0,Norfork,HY,WAT,1944,80
195.0,Narrows (AR),HY,WAT,1950,24
193.0,Municipal Light,IC,DFO,1952,6
192.0,Paragould,IC,DFO,1939,2
188.0,Greers Ferry Lake,HY,WAT,1964,96
187.0,Degray,HY,WAT,1972,68
182.0,Beaver Dam,HY,WAT,1965,112
180.0,Volta 2,HY,WAT,1981,1
174.0,Remmel,HY,WAT,1925,9
173.0,Robert E Ritchie,ST,NG,1961,922
172.0,Osceola (AR),IC,DFO,1992,6
171.0,Mabelvale,GT,NG,1970,76
170.0,Lake Catherine,ST,NG,1950,751
169.0,Harvey Couch,ST,NG,1943,182
168.0,Hamilton Moses,ST,NG,1951,138
167.0,Cecil Lynch,ST,NG,1949,230
166.0,Carpenter,HY,WAT,1932,56
165.0,GREC,ST,SUB,1981,1734
164.0,Big Pine,IC,DFO,1969,2
162.0,Hickman,HY,WAT,1979,0
161.0,Turlock Lake,HY,WAT,1980,3
160.0,Apache Station,ST,SUB,1963,658
159.0,Lake Creek Dam,HY,WAT,1981,1
154.0,Hoover Dam (NV),HY,WAT,1936,1039
153.0,Glen Canyon Dam,HY,WAT,1964,1312
152.0,Davis Dam,HY,WAT,1951,252
151.0,McClure,GT,DFO,1980,142
150.0,Stewart Mountain,HY,WAT,1930,13
149.0,Roosevelt,HY,WAT,1973,36
148.0,Mormon Flat,PS,WAT,1926,63
147.0,Kyrene,GT,NG,1952,572
145.0,Horse Mesa,PS,WAT,1927,126
143.0,Crosscut,ST,NG,1939,31
141.0,Agua Fria,ST,NG,1957,611
136.0,Seminole (FL),ST,BIT,1984,2320
130.0,Cross,ST,RC,1984,2389
127.0,Oklaunion,ST,SUB,1986,720
126.0,H Wilson Sundt Generating Station,ST,NG,1958,556
124.0,Demoss Petrie,GT,NG,2001,85
120.0,Yucca,GT,NG,1959,421
118.0,Saguaro,ST,NG,1954,435
117.0,West Phoenix,CT,NG,1948,1324
116.0,Ocotillo,ST,NG,1960,332
115.0,Irving,HY,WAT,1916,1
114.0,Douglas,GT,DFO,1972,26
113.0,Cholla,ST,SUB,1962,1127
112.0,Childs,HY,WAT,1909,3
109.0,Dillingham,IC,DFO,1961,7
108.0,Holcomb,ST,SUB,1983,348
104.0,J S Eastwood,PS,WAT,1987,199
100.0,South Consolidated,HY,WAT,1981,1
99.0,Frederickson,GT,NG,1981,176
96.0,Beluga,GT,NG,1968,373
95.0,Wrangell,IC,DFO,1964,12
93.0,Blue Lake Hydro,HY,WAT,1961,21
92.0,Seward (AK),IC,DFO,1965,14
91.0,Petersburg,IC,DFO,1954,10
90.0,Snake River,IC,DFO,1972,20
88.0,Ashokan,HY,WAT,1982,4
87.0,Escalante,ST,SUB,1984,257
85.0,S W Bailey,IC,DFO,1969,24
84.0,Ketchikan,HY,WAT,1938,3
79.0,Aurora Energy LLC Chena,ST,SUB,1952,30
78.0,Snettisham,HY,WAT,1973,77
77.0,Eklutna Hydro Project,HY,WAT,1955,44
75.0,Anchorage 1,GT,NG,1947,119
72.0,Venice Hydro,HY,WAT,1982,10
71.0,Terror Lake Microgrid,HY,WAT,1984,33
70.0,Swan Lake,HY,WAT,1984,22
69.0,Haines,IC,DFO,1968,5
66.0,Skagway,IC,DFO,1909,2
65.0,Salmon Creek 1,HY,WAT,1984,8
64.0,Lemon Creek,GT,DFO,1969,54
63.0,Gold Creek,IC,DFO,1914,7
62.0,Annex Creek,HY,WAT,1915,3
60.0,Whelan Energy Center,ST,RC,1981,324
59.0,Platte,ST,SUB,1982,109
56.0,Charles R Lowman,ST,BIT,1969,538
55.0,Point A,HY,WAT,1925,4
54.0,J K Smith,GT,NG,1999,1663
53.0,Gantt,HY,WAT,1926,2
51.0,Dolet Hills,ST,LIG,1986,720
50.0,Widows Creek,ST,BIT,1952,1965
49.0,Wheeler Dam,HY,WAT,1936,402
48.0,Guntersville,HY,WAT,1939,112
47.0,Colbert,ST,BIT,1955,1822
46.0,Browns Ferry,ST,NUC,1974,3494
38.0,Millers Ferry,HY,WAT,1970,99
34.0,Rollins,HY,WAT,1980,12
30.0,Madelia,IC,NG,1954,11
26.0,E C Gaston,ST,NG,1960,2033
21.0,Yates Dam,HY,WAT,1928,50
20.0,Weiss Dam,HY,WAT,1961,87
19.0,Thurlow Dam,HY,WAT,1931,90
18.0,Lewis Smith Dam,HY,WAT,1961,180
17.0,Mitchell Dam,HY,WAT,1949,170
16.0,Martin Dam,HY,WAT,1927,210
15.0,Lay Dam,HY,WAT,1967,174
14.0,Logan Martin Dam,HY,WAT,1964,126
13.0,Jordan Dam,HY,WAT,1929,100
12.0,Holt Dam,HY,WAT,1968,46
11.0,H Neely Henry Dam,HY,WAT,1966,72
10.0,Greene County,GT,NG,1965,1288
9.0,Copper,GT,NG,1980,80
8.0,Gorgas,ST,BIT,1951,1415
7.0,Gadsden,ST,NG,1949,138
4.0,Walter Bouldin Dam,HY,WAT,1967,225
3.0,Barry,ST,BIT,1954,2839
2.0,Bankhead Dam,HY,WAT,1963,53
